Time [s],Channel 0,Channel 1,Channel 2,Channel 3
0.000000000,0,0,0,0
0.000217250,1,0,0,0
0.000217313,0,0,0,0
0.000276688,1,0,0,1
0.000276750,0,0,0,0
0.000395125,0,0,1,1
0.000395188,0,0,0,0
0.000627938,1,0,0,1
0.000628000,0,0,0,0
0.000859688,1,0,0,1
0.000859750,0,0,0,0
0.009338687,0,0,1,1
0.009338750,0,0,0,0
0.011015937,1,0,1,1
0.011016000,0,0,0,0
0.011197812,0,0,1,1
0.011197875,0,0,0,0
0.018981813,0,0,1,0
0.018981875,0,0,0,0
0.019103000,0,0,1,1
0.019103063,0,0,0,0
0.019403750,0,0,1,1
0.019403812,0,0,0,0
0.019521625,1,0,1,1
0.019521687,0,0,0,0
0.020245563,0,0,1,1
0.020245625,0,0,0,0
0.020305812,0,0,1,1
0.020305875,0,0,0,0
0.020844438,1,0,0,1
0.020844500,0,0,0,0
0.029020250,0,0,1,1
0.029020312,0,0,0,0
0.029262375,0,0,1,1
0.029262437,0,0,0,0
0.029321500,0,0,1,1
0.029321562,0,0,0,0
0.029440938,0,0,0,1
0.029441000,0,0,0,0
0.029562375,0,0,1,1
0.029562438,0,0,0,0
0.029622438,0,0,1,1
0.029622500,0,0,0,0
0.029984500,0,0,1,1
0.029984562,0,0,0,0
0.030045000,1,0,1,1
0.030045063,0,0,0,0
0.030945625,0,0,1,1
0.030945687,0,0,0,0
0.031005000,0,0,1,1
0.031005062,0,0,0,0
0.031065125,1,0,0,0
0.031065188,0,0,0,0
0.031244125,0,0,1,1
0.031244187,0,0,0,0
0.031362000,0,0,0,1
0.031362063,0,0,0,0
0.039498813,0,0,0,1
0.039498875,0,0,0,0
0.039559062,0,0,0,1
0.039559125,0,0,0,0
0.039679750,0,0,1,1
0.039679813,0,0,0,0
0.040041437,0,0,1,1
0.040041500,0,0,0,0
0.040222125,0,0,1,1
0.040222187,0,0,0,0
0.040402625,0,0,1,1
0.040402687,0,0,0,0
0.040823500,1,0,0,1
0.040823563,0,0,0,0
0.040883625,0,0,1,1
0.040883688,0,0,0,0
0.041002562,1,0,0,1
0.041002625,0,0,0,0
0.041121000,1,0,0,1
0.041121062,0,0,0,0
0.049070250,0,0,1,1
0.049070312,0,0,0,0
0.049672875,0,0,1,1
0.049672938,0,0,0,0
0.049850563,0,0,1,1
0.049850625,0,0,0,0
0.050152375,0,0,1,1
0.050152438,0,0,0,0
0.050272938,0,0,1,1
0.050273000,0,0,0,0
0.050937312,0,0,1,1
0.050937375,0,0,0,0
0.050997687,1,0,1,1
0.050997750,0,0,0,0
0.051118688,0,0,1,1
0.051118750,0,0,0,0
0.051296562,0,0,0,1
0.051296625,0,0,0,0
0.059016063,0,0,1,1
0.059016125,0,0,0,0
0.059198500,1,0,1,1
0.059198563,0,0,0,0
0.059620500,0,0,1,1
0.059620563,0,0,0,0
0.060161000,0,0,1,1
0.060161063,0,0,0,0
0.060817500,1,0,0,0
0.060817562,0,0,0,0
0.068781125,0,0,0,1
0.068781187,0,0,0,0
0.068960875,0,0,1,1
0.068960937,0,0,0,0
0.069020187,0,0,1,1
0.069020250,0,0,0,0
0.069440500,0,0,1,1
0.069440562,0,0,0,0
0.069499563,0,0,1,1
0.069499625,0,0,0,0
0.069904312,0,0,1,1
0.069904375,0,0,0,0
0.069963500,0,0,1,1
0.069963563,0,0,0,0
0.070491750,1,0,1,1
0.070491813,0,0,0,0
0.070610688,0,0,0,1
0.070610750,0,0,0,0
0.078934875,0,0,0,1
0.078934937,0,0,0,0
0.079342500,0,0,1,1
0.079342563,0,0,0,0
0.079401000,0,0,1,1
0.079401062,0,0,0,0
0.079934188,0,0,1,1
0.079934250,0,0,0,0
0.080647500,1,0,0,0
0.080647563,0,0,0,0
0.080707687,1,0,0,1
0.080707750,0,0,0,0
0.080887062,1,0,1,1
0.080887125,0,0,0,0
0.080947062,0,0,1,0
0.080947125,0,0,0,0
0.081186312,0,0,1,1
0.081186375,0,0,0,0
0.088989687,0,0,1,1
0.088989750,0,0,0,0
0.089171000,0,0,1,1
0.089171062,0,0,0,0
0.089291625,1,0,1,1
0.089291687,0,0,0,0
0.089534000,0,0,1,1
0.089534062,0,0,0,0
0.089834750,1,0,0,1
0.089834812,0,0,0,0
0.089955188,0,0,1,1
0.089955250,0,0,0,0
0.090135875,1,0,0,1
0.090135937,0,0,0,0
0.090377000,0,0,1,1
0.090377062,0,0,0,0
0.090739125,0,0,1,1
0.090739187,0,0,0,0
0.091476750,0,0,0,1
0.091476813,0,0,0,0
0.098973937,0,0,1,1
0.098974000,0,0,0,0
0.099396625,1,0,1,1
0.099396687,0,0,0,0
0.099457625,0,0,0,1
0.099457688,0,0,0,0
0.099518187,0,0,1,1
0.099518250,0,0,0,0
0.099820188,1,0,0,1
0.099820250,0,0,0,0
0.099997688,0,0,1,1
0.099997750,0,0,0,0
0.100480562,1,0,0,0
0.100480625,0,0,0,0
0.100842750,1,0,1,1
0.100842813,0,0,0,0
0.108688937,0,0,0,1
0.108689000,0,0,0,0
0.109112000,0,0,1,1
0.109112062,0,0,0,0
0.109536625,0,0,1,1
0.109536687,0,0,0,0
0.110558937,0,0,1,1
0.110559000,0,0,0,0
0.110798188,1,0,0,1
0.110798250,0,0,0,0
0.110976000,0,0,1,1
0.110976063,0,0,0,0
0.111454063,0,0,0,1
0.111454125,0,0,0,0
0.119800750,1,0,1,1
0.119800813,0,0,0,0
0.119916500,1,0,0,1
0.119916563,0,0,0,0
0.120030938,0,0,1,1
0.120031000,0,0,0,0
0.120824125,1,0,1,1
0.120824187,0,0,0,0
0.120998563,1,0,0,0
0.120998625,0,0,0,0
0.128801813,0,0,1,1
0.128801875,0,0,0,0
0.129224188,0,0,1,0
0.129224250,0,0,0,0
0.129766625,0,0,1,1
0.129766688,0,0,0,0
0.129888063,1,0,0,0
0.129888125,0,0,0,0
0.130186438,0,0,1,1
0.130186500,0,0,0,0
0.130245750,0,0,1,1
0.130245813,0,0,0,0
0.130786938,1,0,1,1
0.130787000,0,0,0,0
0.131148687,0,0,1,1
0.131148750,0,0,0,0
0.131388687,0,0,0,1
0.131388750,0,0,0,0
0.138924500,0,0,1,1
0.138924562,0,0,0,0
0.139360375,0,0,1,1
0.139360437,0,0,0,0
0.140279188,1,0,1,1
0.140279250,0,0,0,0
0.140521375,1,0,0,0
0.140521438,0,0,0,0
0.148842687,0,0,1,1
0.148842750,0,0,0,0
0.149081500,0,0,0,1
0.149081562,0,0,0,0
0.149140562,0,0,1,1
0.149140625,0,0,0,0
0.150103938,0,0,1,1
0.150104000,0,0,0,0
0.150464437,0,0,1,1
0.150464500,0,0,0,0
0.150645562,0,0,1,1
0.150645625,0,0,0,0
0.151122500,1,0,1,1
0.151122563,0,0,0,0
0.159703437,0,0,0,1
0.159703500,0,0,0,0
0.159884375,0,0,1,1
0.159884437,0,0,0,0
0.159944813,1,0,1,1
0.159944875,0,0,0,0
0.160246875,1,0,0,1
0.160246937,0,0,0,0
0.160366437,1,0,0,1
0.160366500,0,0,0,0
0.160486812,1,0,0,1
0.160486875,0,0,0,0
0.160547125,1,0,0,1
0.160547187,0,0,0,0
0.160667937,0,0,0,1
0.160668000,0,0,0,0
0.160728250,0,0,1,1
0.160728312,0,0,0,0
0.160848750,0,0,1,1
0.160848812,0,0,0,0
0.160969000,1,0,1,1
0.160969063,0,0,0,0
0.168991813,0,0,1,1
0.168991875,0,0,0,0
0.169412563,0,0,1,1
0.169412625,0,0,0,0
0.169649750,0,0,1,1
0.169649812,0,0,0,0
0.169766063,0,0,1,0
0.169766125,0,0,0,0
0.170168062,0,0,1,1
0.170168125,0,0,0,0
0.170226187,0,0,1,1
0.170226250,0,0,0,0
0.170341375,0,0,1,1
0.170341438,0,0,0,0
0.170693188,0,0,1,1
0.170693250,0,0,0,0
0.171224563,0,0,0,1
0.171224625,0,0,0,0
0.179097750,1,0,1,1
0.179097813,0,0,0,0
0.179266000,0,0,1,1
0.179266062,0,0,0,0
0.179846250,0,0,1,1
0.179846312,0,0,0,0
0.179966375,1,0,1,1
0.179966437,0,0,0,0
0.180202562,0,0,1,0
0.180202625,0,0,0,0
0.180547437,1,0,1,1
0.180547500,0,0,0,0
0.180662750,1,0,0,0
0.180662812,0,0,0,0
0.180719688,1,0,1,1
0.180719750,0,0,0,0
0.181066875,0,0,1,1
0.181066937,0,0,0,0
0.188804562,0,0,1,0
0.188804625,0,0,0,0
0.189042125,0,0,1,1
0.189042187,0,0,0,0
0.189101688,0,0,1,1
0.189101750,0,0,0,0
0.189220562,0,0,1,1
0.189220625,0,0,0,0
0.189631313,0,0,1,1
0.189631375,0,0,0,0
0.189748813,1,0,1,1
0.189748875,0,0,0,0
0.189982687,0,0,1,1
0.189982750,0,0,0,0
0.190219438,1,0,0,0
0.190219500,0,0,0,0
0.190456500,1,0,0,1
0.190456563,0,0,0,0
0.190515688,1,0,1,1
0.190515750,0,0,0,0
0.190932000,0,0,1,1
0.190932062,0,0,0,0
0.191169000,0,0,0,1
0.191169062,0,0,0,0
0.198860875,0,0,1,1
0.198860938,0,0,0,0
0.199398313,1,0,1,1
0.199398375,0,0,0,0
0.199516813,0,0,1,1
0.199516875,0,0,0,0
0.199635937,0,0,1,1
0.199636000,0,0,0,0
0.199874375,1,0,1,1
0.199874438,0,0,0,0
0.200051687,1,0,0,0
0.200051750,0,0,0,0
0.200351687,1,0,1,1
0.200351750,0,0,0,0
0.200827438,0,0,1,1
0.200827500,0,0,0,0
0.208987687,0,0,1,1
0.208987750,0,0,0,0
0.209413313,0,0,1,1
0.209413375,0,0,0,0
0.209473437,0,0,1,1
0.209473500,0,0,0,0
0.209775812,0,0,0,1
0.209775875,0,0,0,0
0.210079062,1,0,0,0
0.210079125,0,0,0,0
0.210139500,1,0,1,1
0.210139562,0,0,0,0
0.210685875,1,0,0,1
0.210685938,0,0,0,0
0.210927750,1,0,0,0
0.210927813,0,0,0,0
0.211228688,0,0,0,1
0.211228750,0,0,0,0
0.220041000,0,0,1,1
0.220041063,0,0,0,0
0.220100500,1,0,0,0
0.220100563,0,0,0,0
0.220341687,1,0,1,1
0.220341750,0,0,0,0
0.220701875,0,0,1,1
0.220701938,0,0,0,0
0.228928125,0,0,1,1
0.228928187,0,0,0,0
0.229635875,0,0,1,1
0.229635937,0,0,0,0
0.229754000,0,0,1,1
0.229754062,0,0,0,0
0.229875688,0,0,1,1
0.229875750,0,0,0,0
0.229937125,1,0,0,0
0.229937188,0,0,0,0
0.230300750,1,0,0,1
0.230300813,0,0,0,0
0.231086437,0,0,0,1
0.231086500,0,0,0,0
0.238751187,0,0,1,0
0.238751250,0,0,0,0
0.238996812,0,0,1,1
0.238996875,0,0,0,0
0.239448562,1,0,1,1
0.239448625,0,0,0,0
0.239556938,1,0,1,1
0.239557000,0,0,0,0
0.239774938,0,0,1,1
0.239775000,0,0,0,0
0.239831938,0,0,1,1
0.239832000,0,0,0,0
0.239889125,0,0,1,1
0.239889187,0,0,0,0
0.240061125,0,0,1,1
0.240061187,0,0,0,0
0.240119250,0,0,1,1
0.240119312,0,0,0,0
0.240294062,1,0,1,1
0.240294125,0,0,0,0
0.240412938,1,0,1,1
0.240413000,0,0,0,0
0.240651875,1,0,1,1
0.240651937,0,0,0,0
0.240957312,1,0,1,1
0.240957375,0,0,0,0
0.248970125,1,0,0,1
0.248970187,0,0,0,0
0.249376563,1,0,0,1
0.249376625,0,0,0,0
0.249434875,0,0,0,1
0.249434938,0,0,0,0
0.249552937,0,0,1,1
0.249553000,0,0,0,0
0.249611187,0,0,1,1
0.249611250,0,0,0,0
0.249730438,0,0,0,1
0.249730500,0,0,0,0
0.249907250,1,0,0,0
0.249907313,0,0,0,0
0.250567000,0,0,1,1
0.250567062,0,0,0,0
0.250988062,0,0,1,1
0.250988125,0,0,0,0
0.258680937,0,0,1,1
0.258681000,0,0,0,0
0.258741500,0,0,1,1
0.258741563,0,0,0,0
0.258984312,0,0,1,1
0.258984375,0,0,0,0
0.259104813,0,0,1,1
0.259104875,0,0,0,0
0.259225313,0,0,1,1
0.259225375,0,0,0,0
0.260490188,0,0,1,0
0.260490250,0,0,0,0
0.260607812,1,0,1,1
0.260607875,0,0,0,0
0.260780250,0,0,1,1
0.260780312,0,0,0,0
0.260837625,1,0,1,1
0.260837688,0,0,0,0
0.268607250,0,0,0,1
0.268607312,0,0,0,0
0.269457687,0,0,1,1
0.269457750,0,0,0,0
0.269820750,0,0,1,1
0.269820813,0,0,0,0
0.269881750,1,0,0,1
0.269881812,0,0,0,0
0.269941250,1,0,1,1
0.269941312,0,0,0,0
0.270301375,1,0,0,0
0.270301438,0,0,0,0
0.270663688,0,0,1,1
0.270663750,0,0,0,0
0.270724688,0,0,1,1
0.270724750,0,0,0,0
0.271022938,0,0,1,1
0.271023000,0,0,0,0
0.278685937,0,0,1,1
0.278686000,0,0,0,0
0.278805187,0,0,1,1
0.278805250,0,0,0,0
0.278983313,1,0,1,1
0.278983375,0,0,0,0
0.279464437,0,0,1,1
0.279464500,0,0,0,0
0.279823250,0,0,1,1
0.279823312,0,0,0,0
0.280123625,1,0,1,1
0.280123687,0,0,0,0
0.280183063,0,0,1,1
0.280183125,0,0,0,0
0.280243500,1,0,0,0
0.280243562,0,0,0,0
0.280304625,1,0,1,1
0.280304687,0,0,0,0
0.280425000,1,0,1,1
0.280425062,0,0,0,0
0.280545625,1,0,0,0
0.280545687,0,0,0,0
0.280666000,0,0,1,1
0.280666062,0,0,0,0
0.280726375,1,0,0,0
0.280726437,0,0,0,0
0.288465625,0,0,0,1
0.288465688,0,0,0,0
0.288587313,0,0,0,1
0.288587375,0,0,0,0
0.289785625,0,0,1,1
0.289785687,0,0,0,0
0.290142438,0,0,1,1
0.290142500,0,0,0,0
0.290383250,0,0,0,1
0.290383312,0,0,0,0
0.290502688,0,0,0,1
0.290502750,0,0,0,0
0.290562812,0,0,1,0
0.290562875,0,0,0,0
0.290622938,1,0,0,1
0.290623000,0,0,0,0
0.290861688,1,0,1,1
0.290861750,0,0,0,0
0.290983063,0,0,1,1
0.290983125,0,0,0,0
0.298938375,0,0,1,1
0.298938437,0,0,0,0
0.299542437,0,0,1,1
0.299542500,0,0,0,0
0.299782375,0,0,1,1
0.299782437,0,0,0,0
0.300024313,1,0,0,0
0.300024375,0,0,0,0
0.300204437,0,0,1,1
0.300204500,0,0,0,0
0.300384938,0,0,1,1
0.300385000,0,0,0,0
0.300686250,1,0,1,1
0.300686312,0,0,0,0
0.300746625,1,0,1,1
0.300746687,0,0,0,0
0.308894312,0,0,1,1
0.308894375,0,0,0,0
0.309133000,0,0,1,1
0.309133062,0,0,0,0
0.309193500,0,0,1,1
0.309193563,0,0,0,0
0.309556250,0,0,1,1
0.309556312,0,0,0,0
0.309676438,0,0,1,1
0.309676500,0,0,0,0
0.309795000,1,0,1,1
0.309795062,0,0,0,0
0.309976500,0,0,1,1
0.309976562,0,0,0,0
0.310215813,0,0,1,1
0.310215875,0,0,0,0
0.310395500,0,0,1,1
0.310395562,0,0,0,0
0.310757438,0,0,1,1
0.310757500,0,0,0,0
0.310878250,1,0,1,1
0.310878312,0,0,0,0
0.310938625,0,0,1,1
0.310938687,0,0,0,0
0.310998938,0,0,0,1
0.310999000,0,0,0,0
0.318776187,0,0,1,0
0.318776250,0,0,0,0
0.319078125,0,0,1,1
0.319078187,0,0,0,0
0.319198625,0,0,1,1
0.319198688,0,0,0,0
0.319502562,1,0,0,0
0.319502625,0,0,0,0
0.319683312,0,0,1,1
0.319683375,0,0,0,0
0.319864188,1,0,1,1
0.319864250,0,0,0,0
0.319984875,1,0,0,0
0.319984938,0,0,0,0
0.320105812,1,0,1,1
0.320105875,0,0,0,0
0.320225000,0,0,1,1
0.320225062,0,0,0,0
0.320344875,0,0,1,1
0.320344937,0,0,0,0
0.320465813,0,0,1,1
0.320465875,0,0,0,0
0.320765375,1,0,1,1
0.320765437,0,0,0,0
0.320884438,1,0,0,0
0.320884500,0,0,0,0
0.329203562,0,0,1,1
0.329203625,0,0,0,0
0.329382500,0,0,1,1
0.329382562,0,0,0,0
0.329560750,0,0,1,1
0.329560813,0,0,0,0
0.329800750,0,0,1,1
0.329800812,0,0,0,0
0.330098687,1,0,0,1
0.330098750,0,0,0,0
0.330642188,1,0,0,0
0.330642250,0,0,0,0
0.339453875,1,0,0,1
0.339453938,0,0,0,0
0.339634687,0,0,1,1
0.339634750,0,0,0,0
0.339931375,1,0,0,0
0.339931437,0,0,0,0
0.340104875,1,0,1,1
0.340104937,0,0,0,0
0.340581000,0,0,1,1
0.340581062,0,0,0,0
0.340631813,1,0,1,1
0.340631875,0,0,0,0
0.340784125,1,0,1,1
0.340784188,0,0,0,0
0.340885625,0,0,1,1
0.340885687,0,0,0,0
0.340934438,0,0,1,0
0.340934500,0,0,0,0
0.349030312,0,0,1,0
0.349030375,0,0,0,0
0.349090875,0,0,1,1
0.349090937,0,0,0,0
0.349390062,0,0,1,1
0.349390125,0,0,0,0
0.349691562,0,0,1,1
0.349691625,0,0,0,0
0.349751062,1,0,1,1
0.349751125,0,0,0,0
0.350048187,0,0,1,1
0.350048250,0,0,0,0
0.350167813,0,0,1,0
0.350167875,0,0,0,0
0.350227813,0,0,1,1
0.350227875,0,0,0,0
0.350404563,1,0,1,1
0.350404625,0,0,0,0
0.359334062,0,0,0,1
0.359334125,0,0,0,0
0.359570312,1,0,1,1
0.359570375,0,0,0,0
0.359812875,1,0,0,1
0.359812937,0,0,0,0
0.359993875,1,0,1,1
0.359993938,0,0,0,0
0.360412937,0,0,1,1
0.360413000,0,0,0,0
0.360533750,1,0,1,1
0.360533812,0,0,0,0
0.360594688,0,0,1,1
0.360594750,0,0,0,0
0.368739625,0,0,0,1
0.368739688,0,0,0,0
0.369101000,0,0,1,1
0.369101063,0,0,0,0
0.369402562,0,0,1,1
0.369402625,0,0,0,0
0.369701687,0,0,1,1
0.369701750,0,0,0,0
0.369821875,0,0,0,1
0.369821937,0,0,0,0
0.370002813,0,0,1,0
0.370002875,0,0,0,0
0.370365563,0,0,1,0
0.370365625,0,0,0,0
0.370546437,0,0,1,1
0.370546500,0,0,0,0
0.370790187,1,0,1,1
0.370790250,0,0,0,0
0.378637063,0,0,1,1
0.378637125,0,0,0,0
0.379237250,1,0,0,1
0.379237312,0,0,0,0
0.379416937,0,0,1,1
0.379417000,0,0,0,0
0.379538375,1,0,0,1
0.379538437,0,0,0,0
0.379657375,1,0,0,1
0.379657437,0,0,0,0
0.379716500,0,0,1,1
0.379716563,0,0,0,0
0.379895875,1,0,0,0
0.379895938,0,0,0,0
0.379956313,1,0,1,1
0.379956375,0,0,0,0
0.380198125,1,0,0,1
0.380198188,0,0,0,0
0.380379062,1,0,0,0
0.380379125,0,0,0,0
0.380499875,1,0,0,0
0.380499937,0,0,0,0
0.380680750,1,0,1,1
0.380680813,0,0,0,0
0.380800250,0,0,1,1
0.380800313,0,0,0,0
0.389790375,0,0,1,1
0.389790437,0,0,0,0
0.390030687,0,0,1,1
0.390030750,0,0,0,0
0.390152312,0,0,1,1
0.390152375,0,0,0,0
0.390335062,0,0,1,1
0.390335125,0,0,0,0
0.390637187,0,0,1,1
0.390637250,0,0,0,0
0.398587062,0,0,1,1
0.398587125,0,0,0,0
0.398831000,0,0,1,1
0.398831062,0,0,0,0
0.399198000,1,0,0,0
0.399198063,0,0,0,0
0.399259313,0,0,0,1
0.399259375,0,0,0,0
0.399443875,1,0,1,1
0.399443938,0,0,0,0
0.399566875,1,0,0,0
0.399566937,0,0,0,0
0.399628250,1,0,1,1
0.399628313,0,0,0,0
0.399812000,0,0,1,1
0.399812063,0,0,0,0
0.400234937,0,0,1,1
0.400235000,0,0,0,0
0.400357187,0,0,1,1
0.400357250,0,0,0,0
0.408863313,0,0,1,1
0.408863375,0,0,0,0
0.409104813,0,0,1,1
0.409104875,0,0,0,0
0.409165875,0,0,1,1
0.409165938,0,0,0,0
0.409285000,0,1,1,1
0.409285063,0,0,0,0
0.409706313,1,0,0,0
0.409706375,0,0,0,0
0.410307000,0,0,0,1
0.410307062,0,0,0,0
0.410427625,1,0,1,1
0.410427688,0,0,0,0
0.410488562,1,0,1,1
0.410488625,0,0,0,0
0.418678938,0,0,1,1
0.418679000,0,0,0,0
0.419939312,0,0,1,0
0.419939375,0,0,0,0
0.420956812,0,0,0,1
0.420956875,0,0,0,0
0.428317187,0,0,1,1
0.428317250,0,0,0,0
0.429406250,1,0,1,1
0.429406312,0,0,0,0
0.429648000,0,0,1,1
0.429648062,0,0,0,0
0.430070562,0,0,0,1
0.430070625,0,0,0,0
0.430191250,1,0,0,0
0.430191312,0,0,0,0
0.430429687,0,0,1,1
0.430429750,0,0,0,0
0.430610500,1,0,0,1
0.430610563,0,0,0,0
0.430851188,0,0,0,1
0.430851250,0,0,0,0
0.430910187,0,0,1,1
0.430910250,0,0,0,0
0.438731000,0,0,1,1
0.438731062,0,0,0,0
0.438912688,0,0,1,0
0.438912750,0,0,0,0
0.439273313,0,0,1,1
0.439273375,0,0,0,0
0.439509625,0,0,1,1
0.439509688,0,0,0,0
0.439753687,1,0,0,0
0.439753750,0,0,0,0
0.440292688,0,0,1,1
0.440292750,0,0,0,0
0.440590188,1,0,0,0
0.440590250,0,0,0,0
0.440830312,0,0,0,1
0.440830375,0,0,0,0
0.448453938,0,0,0,1
0.448454000,0,0,0,0
0.449240500,0,0,0,1
0.449240562,0,0,0,0
0.449363313,0,0,0,1
0.449363375,0,0,0,0
0.449544938,1,0,1,1
0.449545000,0,0,0,0
0.449605250,1,0,1,1
0.449605313,0,0,0,0
0.449726875,1,0,0,1
0.449726937,0,0,0,0
0.449848375,0,0,1,1
0.449848437,0,0,0,0
0.449967500,0,0,1,1
0.449967562,0,0,0,0
0.450271688,0,0,1,1
0.450271750,0,0,0,0
0.450513438,0,0,1,1
0.450513500,0,0,0,0
0.450753750,0,0,1,1
0.450753813,0,0,0,0
0.459389563,0,0,1,1
0.459389625,0,0,0,0
0.459447063,1,0,0,1
0.459447125,0,0,0,0
0.459622250,1,0,1,1
0.459622313,0,0,0,0
0.459856000,1,0,1,1
0.459856062,0,0,0,0
0.460146875,0,0,1,1
0.460146938,0,0,0,0
0.460263188,1,0,1,1
0.460263250,0,0,0,0
0.460799438,0,0,0,1
0.460799500,0,0,0,0
0.468669938,0,0,1,1
0.468670000,0,0,0,0
0.468790563,0,0,0,1
0.468790625,0,0,0,0
0.469152438,0,0,1,1
0.469152500,0,0,0,0
0.469450437,0,0,1,1
0.469450500,0,0,0,0
0.469510875,1,0,1,1
0.469510938,0,0,0,0
0.469571875,1,0,1,1
0.469571937,0,0,0,0
0.470113563,0,0,1,1
0.470113625,0,0,0,0
0.470351813,1,0,0,1
0.470351875,0,0,0,0
0.470592500,1,0,1,1
0.470592562,0,0,0,0
0.470651563,0,0,1,1
0.470651625,0,0,0,0
0.470832000,0,0,0,1
0.470832062,0,0,0,0
0.478672188,0,0,0,1
0.478672250,0,0,0,0
0.478978875,0,0,1,1
0.478978937,0,0,0,0
0.479098688,0,0,1,1
0.479098750,0,0,0,0
0.479220313,1,0,1,1
0.479220375,0,0,0,0
0.479340563,1,0,0,1
0.479340625,0,0,0,0
0.479764437,1,0,1,1
0.479764500,0,0,0,0
0.480184875,1,0,1,1
0.480184938,0,0,0,0
0.480425000,0,0,1,1
0.480425062,0,0,0,0
0.488377250,0,0,1,1
0.488377312,0,0,0,0
0.488617313,0,0,1,0
0.488617375,0,0,0,0
0.489099000,0,0,1,1
0.489099063,0,0,0,0
0.489159312,0,0,1,1
0.489159375,0,0,0,0
0.490120750,0,0,1,1
0.490120813,0,0,0,0
0.490181000,1,0,0,1
0.490181062,0,0,0,0
0.490241375,0,0,1,1
0.490241437,0,0,0,0
0.490543000,1,0,0,0
0.490543063,0,0,0,0
0.490780312,0,0,0,1
0.490780375,0,0,0,0
0.490840375,0,0,0,1
0.490840438,0,0,0,0
0.499082625,0,0,1,1
0.499082688,0,0,0,0
0.499319562,1,0,1,1
0.499319625,0,0,0,0
0.500220375,1,0,1,1
0.500220438,0,0,0,0
0.500402563,1,0,1,1
0.500402625,0,0,0,0
0.508622875,0,0,1,1
0.508622937,0,0,0,0
0.508922813,0,0,1,0
0.508922875,0,0,0,0
0.509407125,0,0,1,1
0.509407188,0,0,0,0
0.509585188,1,0,1,1
0.509585250,0,0,0,0
0.509644625,0,0,1,1
0.509644688,0,0,0,0
0.509886313,1,0,1,1
0.509886375,0,0,0,0
0.509947313,1,0,1,1
0.509947375,0,0,0,0
0.518460687,0,0,0,1
0.518460750,0,0,0,0
0.518762875,0,0,0,1
0.518762938,0,0,0,0
0.518944063,0,0,1,1
0.518944125,0,0,0,0
0.519125188,0,0,1,1
0.519125250,0,0,0,0
0.519727188,0,0,1,1
0.519727250,0,0,0,0
0.520144562,0,0,1,1
0.520144625,0,0,0,0
0.520263750,1,0,1,1
0.520263812,0,0,0,0
0.528968312,0,0,1,1
0.528968375,0,0,0,0
0.529208062,0,0,1,0
0.529208125,0,0,0,0
0.529385250,0,0,1,1
0.529385312,0,0,0,0
0.530289250,0,0,1,1
0.530289312,0,0,0,0
0.530350187,1,0,1,1
0.530350250,0,0,0,0
0.530410125,1,0,0,0
0.530410188,0,0,0,0
0.530590625,1,0,1,1
0.530590688,0,0,0,0
0.538671625,0,0,1,1
0.538671688,0,0,0,0
0.538792750,0,0,1,1
0.538792812,0,0,0,0
0.538853313,1,0,1,1
0.538853375,0,0,0,0
0.539214375,0,0,1,1
0.539214437,0,0,0,0
0.539752750,0,0,1,1
0.539752812,0,0,0,0
0.540050188,1,0,0,1
0.540050250,0,0,0,0
0.540170500,1,0,1,1
0.540170562,0,0,0,0
0.540530625,1,0,1,1
0.540530687,0,0,0,0
0.548477062,0,0,1,1
0.548477125,0,0,0,0
0.548660687,0,0,0,1
0.548660750,0,0,0,0
0.549021063,0,0,1,1
0.549021125,0,0,0,0
0.549080375,0,0,1,1
0.549080438,0,0,0,0
0.549437250,1,0,0,0
0.549437313,0,0,0,0
0.549615125,0,0,1,1
0.549615188,0,0,0,0
0.549734938,0,0,1,1
0.549735000,0,0,0,0
0.550037062,0,0,1,1
0.550037125,0,0,0,0
0.550337250,0,0,1,1
0.550337312,0,0,0,0
0.550458812,0,0,0,1
0.550458875,0,0,0,0
0.551005437,0,0,0,1
0.551005500,0,0,0,0
0.558829937,0,0,1,1
0.558830000,0,0,0,0
0.559186562,0,0,1,1
0.559186625,0,0,0,0
0.559483250,0,0,1,1
0.559483313,0,0,0,0
0.559543438,1,0,1,1
0.559543500,0,0,0,0
0.559664188,1,0,1,1
0.559664250,0,0,0,0
0.559963937,1,0,1,1
0.559964000,0,0,0,0
0.568449312,0,0,1,1
0.568449375,0,0,0,0
0.569661500,1,0,0,0
0.569661562,0,0,0,0
0.569720937,0,0,1,1
0.569721000,0,0,0,0
0.569781187,1,0,1,1
0.569781250,0,0,0,0
0.570203750,1,0,0,0
0.570203812,0,0,0,0
0.570263938,0,0,1,1
0.570264000,0,0,0,0
0.570384250,0,0,1,1
0.570384312,0,0,0,0
0.570503500,1,0,1,1
0.570503563,0,0,0,0
0.578268438,0,0,0,1
0.578268500,0,0,0,0
0.578560188,0,0,1,1
0.578560250,0,0,0,0
0.578738187,0,0,1,1
0.578738250,0,0,0,0
0.579091750,0,0,1,1
0.579091812,0,0,0,0
0.579329813,1,0,1,1
0.579329875,0,0,0,0
0.579986375,1,0,1,1
0.579986438,0,0,0,0
0.580047312,1,0,1,1
0.580047375,0,0,0,0
0.580406625,1,0,1,1
0.580406688,0,0,0,0
0.588312188,0,0,1,1
0.588312250,0,0,0,0
0.588552312,0,0,1,1
0.588552375,0,0,0,0
0.589160125,0,0,1,1
0.589160187,0,0,0,0
0.589220312,0,0,1,1
0.589220375,0,0,0,0
0.589463188,0,0,1,1
0.589463250,0,0,0,0
0.589644813,1,0,1,1
0.589644875,0,0,0,0
0.590425375,1,0,1,1
0.590425437,0,0,0,0
0.590485750,0,0,1,1
0.590485812,0,0,0,0
0.590845313,0,0,0,1
0.590845375,0,0,0,0
0.598475312,0,0,0,1
0.598475375,0,0,0,0
0.598535875,0,0,0,1
0.598535938,0,0,0,0
0.598656688,0,0,1,1
0.598656750,0,0,0,0
0.598716062,1,0,1,1
0.598716125,0,0,0,0
0.599012500,1,0,0,0
0.599012563,0,0,0,0
0.599071875,0,0,1,1
0.599071937,0,0,0,0
0.599190875,0,0,0,1
0.599190937,0,0,0,0
0.599547313,1,0,0,1
0.599547375,0,0,0,0
0.600145438,0,0,1,1
0.600145500,0,0,0,0
0.600325062,1,0,0,0
0.600325125,0,0,0,0
0.600564250,0,0,0,1
0.600564312,0,0,0,0
0.608038938,0,0,1,0
0.608039000,0,0,0,0
0.608521563,0,0,1,1
0.608521625,0,0,0,0
0.608762625,0,0,0,1
0.608762687,0,0,0,0
0.609304375,1,0,0,0
0.609304437,0,0,0,0
0.609423875,1,0,1,1
0.609423938,0,0,0,0
0.609665375,0,0,1,1
0.609665438,0,0,0,0
0.609725688,1,0,0,1
0.609725750,0,0,0,0
0.609906063,0,0,1,0
0.609906125,0,0,0,0
0.609964500,1,0,1,1
0.609964562,0,0,0,0
0.610265250,0,0,0,1
0.610265313,0,0,0,0
0.610325375,0,0,1,1
0.610325438,0,0,0,0
0.610444813,0,0,1,1
0.610444875,0,0,0,0
0.610683562,0,0,1,1
0.610683625,0,0,0,0
0.618456812,1,0,1,1
0.618456875,0,0,0,0
0.618517125,0,0,1,1
0.618517187,0,0,0,0
0.618638687,0,0,1,1
0.618638750,0,0,0,0
0.619241375,1,0,1,1
0.619241438,0,0,0,0
0.619302625,0,0,1,1
0.619302687,0,0,0,0
0.619425125,1,0,1,1
0.619425187,0,0,0,0
0.619605125,1,0,0,0
0.619605188,0,0,0,0
0.620269063,1,0,1,1
0.620269125,0,0,0,0
0.620570938,0,0,0,1
0.620571000,0,0,0,0
0.628938250,1,0,0,1
0.628938312,0,0,0,0
0.629521375,0,0,0,1
0.629521438,0,0,0,0
0.629580313,0,0,1,0
0.629580375,0,0,0,0
0.629637688,0,0,1,1
0.629637750,0,0,0,0
0.629871125,1,0,1,1
0.629871188,0,0,0,0
0.629987500,0,0,1,1
0.629987562,0,0,0,0
0.630162625,1,0,0,0
0.630162688,0,0,0,0
0.636923812,0,0,1,0
0.636924125,1,0,1,0
0.636924375,1,1,1,0
0.636924500,1,1,1,1
0.686922313,1,1,0,1
0.686922562,1,0,0,1
0.686922687,0,0,0,1
0.686922750,0,0,0,0
0.688045375,0,0,0,1
0.688045438,0,0,0,0
0.688166938,0,0,0,1
0.688167000,0,0,0,0
0.689372625,0,0,1,1
0.689372688,0,0,0,0
0.689551125,1,0,0,0
0.689551187,0,0,0,0
0.689912625,0,0,1,1
0.689912688,0,0,0,0
0.690214813,1,0,1,1
0.690214875,0,0,0,0
0.690455000,0,0,0,1
0.690455062,0,0,0,0
0.698361500,1,0,1,1
0.698361563,0,0,0,0
0.698541000,1,0,1,1
0.698541063,0,0,0,0
0.698778875,0,0,0,1
0.698778937,0,0,0,0
0.698838125,0,0,1,1
0.698838188,0,0,0,0
0.698898375,1,0,0,1
0.698898438,0,0,0,0
0.699318563,0,0,1,0
0.699318625,0,0,0,0
0.700096250,1,0,0,0
0.700096313,0,0,0,0
0.700398938,0,0,1,1
0.700399000,0,0,0,0
0.708860500,0,0,0,1
0.708860563,0,0,0,0
0.709041687,1,0,1,1
0.709041750,0,0,0,0
0.709162188,0,0,1,0
0.709162250,0,0,0,0
0.709581250,0,0,1,1
0.709581313,0,0,0,0
0.709764000,1,0,1,1
0.709764063,0,0,0,0
0.710185938,0,0,1,1
0.710186000,0,0,0,0
0.710307187,0,0,0,1
0.710307250,0,0,0,0
0.710368125,0,0,1,1
0.710368187,0,0,0,0
0.710487250,0,0,0,1
0.710487312,0,0,0,0
0.718368937,0,0,0,1
0.718369000,0,0,0,0
0.718730937,0,0,1,1
0.718731000,0,0,0,0
0.719092875,1,0,1,1
0.719092938,0,0,0,0
0.719389125,0,0,1,1
0.719389188,0,0,0,0
0.719449563,1,0,1,1
0.719449625,0,0,0,0
0.719510750,1,0,1,1
0.719510813,0,0,0,0
0.719751313,0,0,1,1
0.719751375,0,0,0,0
0.719931875,1,0,1,1
0.719931937,0,0,0,0
0.728241313,0,0,0,1
0.728241375,0,0,0,0
0.728422313,0,0,1,0
0.728422375,0,0,0,0
0.728604000,0,0,1,1
0.728604062,0,0,0,0
0.728845750,0,0,0,1
0.728845813,0,0,0,0
0.728905812,0,0,1,1
0.728905875,0,0,0,0
0.728964813,0,0,1,1
0.728964875,0,0,0,0
0.729685687,1,0,1,1
0.729685750,0,0,0,0
0.730344500,0,0,1,1
0.730344563,0,0,0,0
0.738066688,0,0,1,1
0.738066750,0,0,0,0
0.738367562,0,0,1,1
0.738367625,0,0,0,0
0.738848562,0,0,1,1
0.738848625,0,0,0,0
0.739329688,1,0,1,1
0.739329750,0,0,0,0
0.739690000,0,0,1,1
0.739690063,0,0,0,0
0.739869000,0,0,1,1
0.739869062,0,0,0,0
0.740350625,0,0,1,1
0.740350688,0,0,0,0
0.748136313,0,0,1,1
0.748136375,0,0,0,0
0.748317000,0,0,1,1
0.748317063,0,0,0,0
0.748934063,0,0,1,0
0.748934125,0,0,0,0
0.749195000,0,0,1,1
0.749195063,0,0,0,0
0.749545313,0,0,1,1
0.749545375,0,0,0,0
0.749790125,1,0,1,0
0.749790188,0,0,0,0
0.749839062,1,0,1,1
0.749839125,0,0,0,0
0.749888000,0,0,1,0
0.749888062,0,0,0,0
0.750179625,0,0,1,1
0.750179687,0,0,0,0
0.750328062,0,0,1,1
0.750328125,0,0,0,0
0.750430687,0,0,1,1
0.750430750,0,0,0,0
0.758093313,0,0,1,1
0.758093375,0,0,0,0
0.758802437,0,0,1,1
0.758802500,0,0,0,0
0.758920000,1,0,1,1
0.758920062,0,0,0,0
0.759613125,1,0,1,1
0.759613187,0,0,0,0
0.759787500,1,0,1,1
0.759787563,0,0,0,0
0.759846500,1,0,0,1
0.759846563,0,0,0,0
0.759964688,0,0,1,1
0.759964750,0,0,0,0
0.760381000,0,0,1,1
0.760381063,0,0,0,0
0.767923500,0,0,1,1
0.767923563,0,0,0,0
0.768577813,0,0,0,1
0.768577875,0,0,0,0
0.768636250,0,0,1,1
0.768636313,0,0,0,0
0.768933125,0,0,1,1
0.768933187,0,0,0,0
0.769293500,0,0,0,1
0.769293563,0,0,0,0
0.769653625,0,0,1,1
0.769653687,0,0,0,0
0.769712562,0,0,1,1
0.769712625,0,0,0,0
0.769771500,1,0,1,1
0.769771563,0,0,0,0
0.770372437,0,0,1,1
0.770372500,0,0,0,0
0.770433375,0,0,0,1
0.770433438,0,0,0,0
0.770553062,0,0,0,1
0.770553125,0,0,0,0
0.778049312,0,0,1,1
0.778049375,0,0,0,0
0.778406000,0,0,1,1
0.778406062,0,0,0,0
0.778524375,0,0,1,1
0.778524437,0,0,0,0
0.778766125,0,0,1,1
0.778766188,0,0,0,0
0.779127000,1,0,1,1
0.779127062,0,0,0,0
0.779248063,1,0,1,1
0.779248125,0,0,0,0
0.779670875,1,0,0,0
0.779670938,0,0,0,0
0.779791937,1,0,1,1
0.779792000,0,0,0,0
0.779973438,0,0,1,1
0.779973500,0,0,0,0
0.780275125,0,0,1,1
0.780275188,0,0,0,0
0.780335062,0,0,1,1
0.780335125,0,0,0,0
0.788159188,0,0,1,1
0.788159250,0,0,0,0
0.788520750,1,0,0,1
0.788520812,0,0,0,0
0.788642375,0,0,1,1
0.788642437,0,0,0,0
0.788943000,0,0,1,1
0.788943063,0,0,0,0
0.789003187,0,0,1,1
0.789003250,0,0,0,0
0.789306875,0,0,1,1
0.789306938,0,0,0,0
0.789427813,0,0,1,0
0.789427875,0,0,0,0
0.789488688,0,0,0,1
0.789488750,0,0,0,0
0.789847562,1,0,1,1
0.789847625,0,0,0,0
0.798289500,0,0,1,1
0.798289563,0,0,0,0
0.798591625,0,0,1,1
0.798591687,0,0,0,0
0.799136625,0,0,1,1
0.799136687,0,0,0,0
0.800162125,1,0,1,1
0.800162188,0,0,0,0
0.800222250,0,0,1,1
0.800222312,0,0,0,0
0.800282187,0,0,1,1
0.800282250,0,0,0,0
0.808959437,0,0,1,1
0.808959500,0,0,0,0
0.809019500,0,0,1,1
0.809019562,0,0,0,0
0.809446812,0,0,1,1
0.809446875,0,0,0,0
0.809813062,1,0,0,1
0.809813125,0,0,0,0
0.810171125,0,0,0,1
0.810171187,0,0,0,0
0.818966000,1,0,1,1
0.818966063,0,0,0,0
0.819086937,1,0,1,1
0.819087000,0,0,0,0
0.819328437,1,0,1,1
0.819328500,0,0,0,0
0.819747625,0,0,1,1
0.819747688,0,0,0,0
0.819868250,1,0,0,0
0.819868313,0,0,0,0
0.828174625,0,0,1,1
0.828174688,0,0,0,0
0.828594562,0,0,0,1
0.828594625,0,0,0,0
0.828774312,0,0,1,1
0.828774375,0,0,0,0
0.829073000,1,0,1,1
0.829073063,0,0,0,0
0.829371938,1,0,0,1
0.829372000,0,0,0,0
0.829669187,0,0,1,0
0.829669250,0,0,0,0
0.830151500,0,0,1,1
0.830151562,0,0,0,0
0.830272312,0,0,1,1
0.830272375,0,0,0,0
0.830393063,0,0,0,1
0.830393125,0,0,0,0
0.838167000,0,0,1,1
0.838167062,0,0,0,0
0.838289313,0,0,1,1
0.838289375,0,0,0,0
0.838530438,0,0,1,1
0.838530500,0,0,0,0
0.838652188,0,0,0,1
0.838652250,0,0,0,0
0.838833750,1,0,1,1
0.838833812,0,0,0,0
0.839613375,1,0,0,0
0.839613437,0,0,0,0
0.839852938,1,0,1,1
0.839853000,0,0,0,0
0.840093625,0,0,1,1
0.840093688,0,0,0,0
0.840212813,0,0,1,1
0.840212875,0,0,0,0
0.848342750,0,0,1,1
0.848342812,0,0,0,0
0.848524562,0,0,1,1
0.848524625,0,0,0,0
0.848706063,0,0,1,1
0.848706125,0,0,0,0
0.848887375,0,0,1,1
0.848887437,0,0,0,0
0.848947688,0,0,1,1
0.848947750,0,0,0,0
0.849068125,1,0,1,1
0.849068188,0,0,0,0
0.849547562,0,0,1,1
0.849547625,0,0,0,0
0.849667938,1,0,1,1
0.849668000,0,0,0,0
0.849909500,0,0,1,1
0.849909562,0,0,0,0
0.858075375,0,0,1,1
0.858075438,0,0,0,0
0.858316625,0,0,1,1
0.858316688,0,0,0,0
0.859036625,1,0,0,0
0.859036687,0,0,0,0
0.859568688,1,0,1,1
0.859568750,0,0,0,0
0.859915437,1,0,1,1
0.859915500,0,0,0,0
0.860149250,1,0,0,1
0.860149313,0,0,0,0
0.868030562,0,0,1,1
0.868030625,0,0,0,0
0.868685125,0,0,0,1
0.868685188,0,0,0,0
0.868745375,1,0,0,1
0.868745437,0,0,0,0
0.869766687,0,0,1,0
0.869766750,0,0,0,0
0.869826625,1,0,1,1
0.869826688,0,0,0,0
0.870067250,0,0,1,1
0.870067313,0,0,0,0
0.870372000,0,0,0,1
0.870372062,0,0,0,0
0.878205438,0,0,0,1
0.878205500,0,0,0,0
0.878327000,0,0,1,1
0.878327063,0,0,0,0
0.878805188,1,0,0,1
0.878805250,0,0,0,0
0.878926750,1,0,0,0
0.878926813,0,0,0,0
0.878986937,0,0,1,1
0.878987000,0,0,0,0
0.879047125,0,0,1,1
0.879047187,0,0,0,0
0.879167500,1,0,1,1
0.879167563,0,0,0,0
0.879288000,1,0,1,1
0.879288063,0,0,0,0
0.879348250,1,0,1,1
0.879348313,0,0,0,0
0.879408500,1,0,1,1
0.879408562,0,0,0,0
0.879766938,1,0,1,1
0.879767000,0,0,0,0
0.887961125,0,0,1,1
0.887961187,0,0,0,0
0.889167625,0,0,1,1
0.889167687,0,0,0,0
0.889227000,0,0,1,1
0.889227063,0,0,0,0
0.889769875,0,0,1,1
0.889769937,0,0,0,0
0.890011563,0,0,1,1
0.890011625,0,0,0,0
0.898142438,0,0,1,1
0.898142500,0,0,0,0
0.898505563,0,0,1,1
0.898505625,0,0,0,0
0.898745250,1,0,1,1
0.898745313,0,0,0,0
0.898981500,1,0,0,1
0.898981563,0,0,0,0
0.899164125,1,0,1,1
0.899164188,0,0,0,0
0.899224125,1,0,1,1
0.899224187,0,0,0,0
0.899343250,0,0,1,1
0.899343312,0,0,0,0
0.899584000,0,0,1,1
0.899584063,0,0,0,0
0.899703563,0,0,1,1
0.899703625,0,0,0,0
0.900005375,1,0,0,0
0.900005437,0,0,0,0
0.900065750,1,0,1,1
0.900065812,0,0,0,0
0.907955125,0,0,1,1
0.907955188,0,0,0,0
0.908257187,0,0,1,1
0.908257250,0,0,0,0
0.909224062,0,0,1,1
0.909224125,0,0,0,0
0.909284187,0,0,1,0
0.909284250,0,0,0,0
0.909465938,1,0,1,1
0.909466000,0,0,0,0
0.909526375,1,0,1,1
0.909526437,0,0,0,0
0.909586812,0,0,1,0
0.909586875,0,0,0,0
0.909767437,1,0,0,1
0.909767500,0,0,0,0
0.909948125,0,0,1,1
0.909948187,0,0,0,0
0.910250625,0,0,1,1
0.910250688,0,0,0,0
0.918022625,0,0,1,1
0.918022688,0,0,0,0
0.918082000,0,0,1,1
0.918082063,0,0,0,0
0.918323500,0,0,1,1
0.918323563,0,0,0,0
0.918383813,0,0,1,1
0.918383875,0,0,0,0
0.918565000,0,0,1,1
0.918565063,0,0,0,0
0.918806688,1,0,0,1
0.918806750,0,0,0,0
0.918926812,0,0,1,1
0.918926875,0,0,0,0
0.919165812,1,0,1,1
0.919165875,0,0,0,0
0.919528125,1,0,1,1
0.919528187,0,0,0,0
0.919828750,0,0,1,1
0.919828813,0,0,0,0
0.919887688,1,0,1,1
0.919887750,0,0,0,0
0.919946062,1,0,0,1
0.919946125,0,0,0,0
0.927794125,0,0,1,1
0.927794187,0,0,0,0
0.928032562,0,0,1,1
0.928032625,0,0,0,0
0.928563125,0,0,1,1
0.928563187,0,0,0,0
0.928918812,1,0,0,1
0.928918875,0,0,0,0
0.929215937,1,0,0,1
0.929216000,0,0,0,0
0.929392125,0,0,1,1
0.929392187,0,0,0,0
0.929566375,0,0,1,1
0.929566438,0,0,0,0
0.929624375,1,0,1,1
0.929624438,0,0,0,0
0.929973313,0,0,1,1
0.929973375,0,0,0,0
0.930367313,0,0,0,1
0.930367375,0,0,0,0
0.937801125,0,0,1,1
0.937801187,0,0,0,0
0.938042625,0,0,1,1
0.938042687,0,0,0,0
0.938526500,0,0,1,1
0.938526562,0,0,0,0
0.938586750,0,0,0,1
0.938586812,0,0,0,0
0.938764250,1,0,1,1
0.938764313,0,0,0,0
0.938824375,0,0,1,1
0.938824437,0,0,0,0
0.939428938,0,0,1,1
0.939429000,0,0,0,0
0.939612500,1,0,1,1
0.939612563,0,0,0,0
0.939913812,0,0,1,1
0.939913875,0,0,0,0
0.939973250,1,0,1,1
0.939973313,0,0,0,0
0.947802500,0,0,1,1
0.947802562,0,0,0,0
0.948222500,0,0,1,1
0.948222563,0,0,0,0
0.948404438,0,0,1,1
0.948404500,0,0,0,0
0.948887875,1,0,0,0
0.948887938,0,0,0,0
0.948948062,1,0,0,1
0.948948125,0,0,0,0
0.949008063,0,0,1,1
0.949008125,0,0,0,0
0.949546625,0,0,1,1
0.949546688,0,0,0,0
0.950086125,0,0,1,1
0.950086187,0,0,0,0
0.950267250,0,0,0,1
0.950267312,0,0,0,0
0.957612563,0,0,0,1
0.957612625,0,0,0,0
0.958659938,0,0,1,1
0.958660000,0,0,0,0
0.959031813,0,0,1,1
0.959031875,0,0,0,0
0.959154188,0,0,1,1
0.959154250,0,0,0,0
0.959634000,0,0,1,1
0.959634063,0,0,0,0
0.959983125,0,0,1,1
0.959983188,0,0,0,0
0.967792750,0,0,0,1
0.967792813,0,0,0,0
0.967913438,0,0,1,1
0.967913500,0,0,0,0
0.968511563,0,0,0,1
0.968511625,0,0,0,0
0.968694000,0,0,1,1
0.968694063,0,0,0,0
0.969235375,1,0,1,1
0.969235437,0,0,0,0
0.969354687,0,0,0,1
0.969354750,0,0,0,0
0.969475875,0,0,1,1
0.969475938,0,0,0,0
0.969595500,1,0,0,0
0.969595563,0,0,0,0
0.969715688,0,0,1,1
0.969715750,0,0,0,0
0.970012187,1,0,0,1
0.970012250,0,0,0,0
0.970071375,0,0,1,1
0.970071438,0,0,0,0
0.977912312,0,0,1,1
0.977912375,0,0,0,0
0.978145562,1,0,0,1
0.978145625,0,0,0,0
0.978262125,0,0,1,1
0.978262188,0,0,0,0
0.978554500,1,0,0,1
0.978554562,0,0,0,0
0.978904625,0,0,1,1
0.978904688,0,0,0,0
0.979020937,1,0,0,0
0.979021000,0,0,0,0
0.979253000,1,0,1,1
0.979253062,0,0,0,0
0.979369812,1,0,0,1
0.979369875,0,0,0,0
0.987963188,0,0,1,1
0.987963250,0,0,0,0
0.988606000,1,0,1,1
0.988606063,0,0,0,0
0.988780375,1,0,0,1
0.988780437,0,0,0,0
0.988838750,0,0,1,1
0.988838813,0,0,0,0
0.989189625,0,0,1,1
0.989189688,0,0,0,0
0.989479750,1,0,1,1
0.989479813,0,0,0,0
0.989771562,1,0,1,1
0.989771625,0,0,0,0
0.989944687,1,0,1,1
0.989944750,0,0,0,0
0.990354125,0,0,0,1
0.990354188,0,0,0,0
0.997792937,0,0,0,1
0.997793000,0,0,0,0
0.997974187,0,0,1,1
0.997974250,0,0,0,0
0.998517000,0,0,1,1
0.998517063,0,0,0,0
0.998936938,0,0,1,1
0.998937000,0,0,0,0
0.998997062,0,0,1,1
0.998997125,0,0,0,0
1.000176812,0,0,0,1
1.000176875,0,0,0,0
1.007582875,0,0,0,1
1.007582938,0,0,0,0
1.007703000,0,0,1,1
1.007703063,0,0,0,0
1.008889563,0,0,1,1
1.008889625,0,0,0,0
1.008945875,1,0,1,1
1.008945938,0,0,0,0
1.009231500,1,0,1,1
1.009231562,0,0,0,0
1.009408000,0,0,1,0
1.009408062,0,0,0,0
1.009582688,1,0,1,1
1.009582750,0,0,0,0
1.009701063,0,0,1,1
1.009701125,0,0,0,0
1.018012313,0,0,1,1
1.018012375,0,0,0,0
1.018312500,0,0,1,1
1.018312563,0,0,0,0
1.018431813,0,0,1,1
1.018431875,0,0,0,0
1.018551750,0,0,1,1
1.018551812,0,0,0,0
1.018612813,0,0,1,0
1.018612875,0,0,0,0
1.018672875,0,0,1,1
1.018672938,0,0,0,0
1.019033500,0,0,1,1
1.019033562,0,0,0,0
1.019634625,1,0,0,0
1.019634687,0,0,0,0
1.019874625,0,0,1,1
1.019874687,0,0,0,0
1.020054625,0,0,1,1
1.020054688,0,0,0,0
1.027951188,0,0,1,1
1.027951250,0,0,0,0
1.028495437,0,0,1,1
1.028495500,0,0,0,0
1.028554750,0,0,0,1
1.028554812,0,0,0,0
1.028858062,1,0,1,1
1.028858125,0,0,0,0
1.029158688,0,0,1,0
1.029158750,0,0,0,0
1.029460625,1,0,1,1
1.029460688,0,0,0,0
1.029883000,0,0,0,1
1.029883062,0,0,0,0
1.037648000,0,0,0,1
1.037648062,0,0,0,0
1.037889562,0,0,1,1
1.037889625,0,0,0,0
1.038070625,0,0,1,1
1.038070688,0,0,0,0
1.038131125,1,0,1,1
1.038131188,0,0,0,0
1.038850812,1,0,1,1
1.038850875,0,0,0,0
1.039091250,0,0,1,1
1.039091313,0,0,0,0
1.039150688,1,0,0,1
1.039150750,0,0,0,0
1.039567500,1,0,1,1
1.039567563,0,0,0,0
1.039749000,0,0,1,1
1.039749063,0,0,0,0
1.039809000,1,0,0,1
1.039809063,0,0,0,0
1.039988062,0,0,1,1
1.039988125,0,0,0,0
1.047757812,0,0,1,1
1.047757875,0,0,0,0
1.048184562,0,0,1,0
1.048184625,0,0,0,0
1.048424312,0,0,1,1
1.048424375,0,0,0,0
1.048665875,0,0,1,1
1.048665938,0,0,0,0
1.049209062,0,0,1,1
1.049209125,0,0,0,0
1.049450437,1,0,1,1
1.049450500,0,0,0,0
1.058702562,0,0,1,1
1.058702625,0,0,0,0
1.058823750,0,0,1,1
1.058823813,0,0,0,0
1.058883688,1,0,0,1
1.058883750,0,0,0,0
1.059003875,0,0,1,1
1.059003937,0,0,0,0
1.059064250,0,0,1,1
1.059064313,0,0,0,0
1.059187687,0,0,1,1
1.059187750,0,0,0,0
1.059249625,1,0,0,1
1.059249687,0,0,0,0
1.059494375,0,0,1,1
1.059494437,0,0,0,0
1.067618063,0,0,0,1
1.067618125,0,0,0,0
1.068761000,0,0,1,1
1.068761062,0,0,0,0
1.068822250,0,0,1,1
1.068822313,0,0,0,0
1.069065062,0,0,1,1
1.069065125,0,0,0,0
1.069186625,0,0,1,1
1.069186688,0,0,0,0
1.069247625,0,0,1,1
1.069247688,0,0,0,0
1.069427937,1,0,1,1
1.069428000,0,0,0,0
1.069610563,1,0,0,0
1.069610625,0,0,0,0
1.069912563,0,0,1,0
1.069912625,0,0,0,0
1.077613125,0,0,0,1
1.077613187,0,0,0,0
1.077909313,0,0,1,1
1.077909375,0,0,0,0
1.078028562,1,0,1,1
1.078028625,0,0,0,0
1.078264437,1,0,0,0
1.078264500,0,0,0,0
1.078383188,0,0,1,1
1.078383250,0,0,0,0
1.078560750,1,0,1,1
1.078560812,0,0,0,0
1.078618937,0,0,1,1
1.078619000,0,0,0,0
1.079391063,0,0,1,1
1.079391125,0,0,0,0
1.079809938,1,0,0,0
1.079810000,0,0,0,0
1.087536188,0,0,0,1
1.087536250,0,0,0,0
1.087959875,0,0,1,1
1.087959937,0,0,0,0
1.088202125,0,0,1,1
1.088202188,0,0,0,0
1.088745937,1,0,1,1
1.088746000,0,0,0,0
1.088866750,1,0,1,1
1.088866813,0,0,0,0
1.089528125,0,0,1,1
1.089528188,0,0,0,0
1.089767750,1,0,1,1
1.089767813,0,0,0,0
1.098711562,0,0,1,1
1.098711625,0,0,0,0
1.099003812,0,0,0,1
1.099003875,0,0,0,0
1.099122563,0,0,1,1
1.099122625,0,0,0,0
1.099182000,0,0,1,1
1.099182062,0,0,0,0
1.099301312,1,0,1,1
1.099301375,0,0,0,0
1.099419625,1,0,0,0
1.099419687,0,0,0,0
1.099658375,1,0,0,1
1.099658438,0,0,0,0
1.099718375,1,0,1,1
1.099718437,0,0,0,0
1.107491000,0,0,0,1
1.107491063,0,0,0,0
1.107669438,0,0,1,1
1.107669500,0,0,0,0
1.107788187,0,0,0,1
1.107788250,0,0,0,0
1.108323625,1,0,0,1
1.108323687,0,0,0,0
1.108562625,0,0,1,1
1.108562688,0,0,0,0
1.108682938,1,0,1,1
1.108683000,0,0,0,0
1.108861438,1,0,1,1
1.108861500,0,0,0,0
1.108980438,0,0,1,1
1.108980500,0,0,0,0
1.109039687,1,0,0,0
1.109039750,0,0,0,0
1.109460875,1,0,0,1
1.109460937,0,0,0,0
1.117762813,0,0,1,1
1.117762875,0,0,0,0
1.118246687,1,0,0,0
1.118246750,0,0,0,0
1.118669125,1,0,0,0
1.118669188,0,0,0,0
1.118911125,0,0,1,1
1.118911187,0,0,0,0
1.119272625,1,0,0,0
1.119272688,0,0,0,0
1.119756063,0,0,1,1
1.119756125,0,0,0,0
1.119876312,1,0,1,1
1.119876375,0,0,0,0
1.127828688,0,0,0,1
1.127828750,0,0,0,0
1.127888000,0,0,1,1
1.127888063,0,0,0,0
1.128549063,1,0,0,0
1.128549125,0,0,0,0
1.128850125,1,0,0,0
1.128850188,0,0,0,0
1.129087875,0,0,1,1
1.129087938,0,0,0,0
1.129209313,0,0,1,1
1.129209375,0,0,0,0
1.129388438,1,0,1,1
1.129388500,0,0,0,0
1.129447563,1,0,0,0
1.129447625,0,0,0,0
1.137761875,0,0,1,1
1.137761938,0,0,0,0
1.138002313,0,0,1,1
1.138002375,0,0,0,0
1.138062375,0,0,1,1
1.138062437,0,0,0,0
1.139219562,0,0,0,1
1.139219625,0,0,0,0
1.139280562,1,0,1,1
1.139280625,0,0,0,0
1.139340500,1,0,0,1
1.139340562,0,0,0,0
1.139639875,1,0,0,1
1.139639937,0,0,0,0
1.139761187,0,0,1,1
1.139761250,0,0,0,0
1.148128500,0,0,0,1
1.148128562,0,0,0,0
1.148188750,0,0,0,1
1.148188812,0,0,0,0
1.148428250,0,0,1,1
1.148428313,0,0,0,0
1.148669187,0,0,0,1
1.148669250,0,0,0,0
1.148729500,0,0,1,1
1.148729563,0,0,0,0
1.148789937,0,0,0,1
1.148790000,0,0,0,0
1.149209250,1,0,0,0
1.149209313,0,0,0,0
1.149329875,1,0,0,0
1.149329937,0,0,0,0
1.149450250,1,0,0,1
1.149450312,0,0,0,0
1.149510438,0,0,1,0
1.149510500,0,0,0,0
1.149570812,0,0,1,1
1.149570875,0,0,0,0
1.149631750,0,0,1,1
1.149631813,0,0,0,0
1.149751250,1,0,0,0
1.149751313,0,0,0,0
1.150051437,0,0,1,1
1.150051500,0,0,0,0
1.157710625,1,0,1,1
1.157710688,0,0,0,0
1.158137063,0,0,1,1
1.158137125,0,0,0,0
1.158318500,0,0,1,1
1.158318563,0,0,0,0
1.158556000,0,0,1,0
1.158556062,0,0,0,0
1.158613437,1,0,1,1
1.158613500,0,0,0,0
1.158722438,0,0,1,1
1.158722500,0,0,0,0
1.158883500,0,0,1,0
1.158883563,0,0,0,0
1.158985250,0,0,1,1
1.158985313,0,0,0,0
1.159086937,1,0,1,1
1.159087000,0,0,0,0
1.159139375,1,0,1,1
1.159139437,0,0,0,0
1.159494938,1,0,1,1
1.159495000,0,0,0,0
1.159592875,1,0,1,1
1.159592938,0,0,0,0
1.159837562,0,0,1,1
1.159837625,0,0,0,0
1.167981563,1,0,0,0
1.167981625,0,0,0,0
1.168402063,0,0,1,1
1.168402125,0,0,0,0
1.168760625,0,0,1,1
1.168760688,0,0,0,0
1.168820563,0,0,0,1
1.168820625,0,0,0,0
1.168880500,1,0,0,0
1.168880563,0,0,0,0
1.169182687,0,0,1,1
1.169182750,0,0,0,0
1.169302312,0,0,1,1
1.169302375,0,0,0,0
1.169362688,0,0,1,0
1.169362750,0,0,0,0
1.169423125,1,0,0,0
1.169423188,0,0,0,0
1.177573063,0,0,1,1
1.177573125,0,0,0,0
1.177693750,1,0,1,1
1.177693813,0,0,0,0
1.177996438,0,0,1,1
1.177996500,0,0,0,0
1.178117500,0,0,1,1
1.178117562,0,0,0,0
1.178417500,0,0,0,1
1.178417562,0,0,0,0
1.178477688,1,0,1,1
1.178477750,0,0,0,0
1.178597062,1,0,0,0
1.178597125,0,0,0,0
1.178776812,1,0,1,1
1.178776875,0,0,0,0
1.179377937,0,0,1,1
1.179378000,0,0,0,0
1.179498437,0,0,1,0
1.179498500,0,0,0,0
1.179618813,1,0,1,1
1.179618875,0,0,0,0
1.179738250,1,0,1,1
1.179738313,0,0,0,0
1.188102812,0,0,1,1
1.188102875,0,0,0,0
1.188406188,0,0,0,1
1.188406250,0,0,0,0
1.189004375,0,0,1,1
1.189004437,0,0,0,0
1.189182000,0,0,1,1
1.189182063,0,0,0,0
1.189651625,1,0,1,1
1.189651688,0,0,0,0
1.198043563,0,0,1,1
1.198043625,0,0,0,0
1.198404938,0,0,1,1
1.198405000,0,0,0,0
1.199123000,0,0,1,1
1.199123063,0,0,0,0
1.199298563,1,0,1,1
1.199298625,0,0,0,0
1.207366063,0,0,1,1
1.207366125,0,0,0,0
1.207487375,0,0,1,1
1.207487437,0,0,0,0
1.207792125,0,0,1,1
1.207792187,0,0,0,0
1.207853500,0,0,1,1
1.207853562,0,0,0,0
1.208398500,1,0,0,0
1.208398562,0,0,0,0
1.208998000,1,0,1,1
1.208998063,0,0,0,0
1.209054438,1,0,1,1
1.209054500,0,0,0,0
1.209286687,1,0,0,1
1.209286750,0,0,0,0
1.209403187,0,0,1,1
1.209403250,0,0,0,0
1.209578750,1,0,0,0
1.209578812,0,0,0,0
1.209753500,0,0,1,1
1.209753562,0,0,0,0
1.209811750,0,0,1,0
1.209811812,0,0,0,0
1.217473438,0,0,1,1
1.217473500,0,0,0,0
1.217899937,0,0,1,1
1.217900000,0,0,0,0
1.218634187,1,0,1,1
1.218634250,0,0,0,0
1.218695188,1,0,0,0
1.218695250,0,0,0,0
1.219061812,1,0,1,1
1.219061875,0,0,0,0
1.219305625,1,0,1,1
1.219305687,0,0,0,0
1.228291187,0,0,1,0
1.228291250,0,0,0,0
1.228650063,0,0,1,1
1.228650125,0,0,0,0
1.228710375,0,0,1,1
1.228710437,0,0,0,0
1.228892750,0,0,1,1
1.228892813,0,0,0,0
1.229014062,1,0,1,1
1.229014125,0,0,0,0
1.229497500,0,0,1,1
1.229497562,0,0,0,0
1.230040438,0,0,0,1
1.230040500,0,0,0,0
1.237937813,1,0,1,1
1.237937875,0,0,0,0
1.237995187,1,0,0,1
1.237995250,0,0,0,0
1.238053250,0,0,1,1
1.238053312,0,0,0,0
1.238109750,0,0,1,1
1.238109813,0,0,0,0
1.238167000,0,0,1,1
1.238167063,0,0,0,0
1.238224437,1,0,0,1
1.238224500,0,0,0,0
1.238339250,1,0,1,1
1.238339312,0,0,0,0
1.238676750,1,0,0,0
1.238676813,0,0,0,0
1.238790875,0,0,1,1
1.238790937,0,0,0,0
1.238900125,1,0,1,1
1.238900188,0,0,0,0
1.239410312,0,0,0,1
1.239410375,0,0,0,0
1.239639500,1,0,0,0
1.239639563,0,0,0,0
1.239697875,1,0,1,1
1.239697937,0,0,0,0
1.239875500,0,0,0,1
1.239875562,0,0,0,0
1.247731563,0,0,1,1
1.247731625,0,0,0,0
1.247850813,0,0,1,1
1.247850875,0,0,0,0
1.248031875,0,0,1,1
1.248031937,0,0,0,0
1.248093062,0,0,1,1
1.248093125,0,0,0,0
1.248214062,0,0,1,1
1.248214125,0,0,0,0
1.248335063,0,0,0,1
1.248335125,0,0,0,0
1.248395563,1,0,1,1
1.248395625,0,0,0,0
1.248755000,0,0,1,1
1.248755062,0,0,0,0
1.248873375,0,0,1,0
1.248873437,0,0,0,0
1.249533187,0,0,1,1
1.249533250,0,0,0,0
1.257602000,0,0,1,1
1.257602062,0,0,0,0
1.257965063,0,0,1,1
1.257965125,0,0,0,0
1.258145188,0,0,1,1
1.258145250,0,0,0,0
1.258749250,1,0,0,1
1.258749312,0,0,0,0
1.258868250,1,0,1,1
1.258868312,0,0,0,0
1.259106250,1,0,0,0
1.259106312,0,0,0,0
1.259167187,0,0,1,1
1.259167250,0,0,0,0
1.267482875,0,0,1,1
1.267482938,0,0,0,0
1.268074313,0,0,0,1
1.268074375,0,0,0,0
1.277281563,0,0,0,1
1.277281625,0,0,0,0
1.277925250,0,0,1,1
1.277925313,0,0,0,0
1.278280312,1,0,0,1
1.278280375,0,0,0,0
1.278399813,0,0,1,1
1.278399875,0,0,0,0
1.279422062,1,0,1,1
1.279422125,0,0,0,0
1.279542375,1,0,1,1
1.279542437,0,0,0,0
1.279602563,1,0,1,1
1.279602625,0,0,0,0
1.279723688,0,0,0,1
1.279723750,0,0,0,0
1.287874875,0,0,1,1
1.287874938,0,0,0,0
1.288112687,0,0,1,1
1.288112750,0,0,0,0
1.288407125,0,0,1,1
1.288407188,0,0,0,0
1.288581313,1,0,1,1
1.288581375,0,0,0,0
1.288991250,0,0,1,1
1.288991313,0,0,0,0
1.289515375,0,0,1,1
1.289515437,0,0,0,0
1.289864813,0,0,0,1
1.289864875,0,0,0,0
1.297337375,0,0,1,1
1.297337437,0,0,0,0
1.298239750,0,0,1,1
1.298239813,0,0,0,0
1.298359500,0,0,1,1
1.298359562,0,0,0,0
1.298601312,0,0,1,1
1.298601375,0,0,0,0
1.299249125,0,0,1,1
1.299249188,0,0,0,0
1.299538687,1,0,1,1
1.299538750,0,0,0,0
1.307782688,0,0,0,1
1.307782750,0,0,0,0
1.308245000,0,0,1,1
1.308245062,0,0,0,0
1.308892063,0,0,1,1
1.308892125,0,0,0,0
1.309371250,1,0,0,0
1.309371312,0,0,0,0
1.309794625,0,0,1,1
1.309794687,0,0,0,0
1.317311500,0,0,1,1
1.317311563,0,0,0,0
1.317490688,0,0,1,0
1.317490750,0,0,0,0
1.317788000,0,0,1,1
1.317788063,0,0,0,0
1.318088938,0,0,1,1
1.318089000,0,0,0,0
1.318330562,1,0,0,0
1.318330625,0,0,0,0
1.318572937,1,0,1,1
1.318573000,0,0,0,0
1.318997625,1,0,1,1
1.318997688,0,0,0,0
1.319299562,1,0,0,0
1.319299625,0,0,0,0
1.319421938,1,0,0,0
1.319422000,0,0,0,0
1.319790000,0,0,0,1
1.319790063,0,0,0,0
1.327652062,0,0,0,1
1.327652125,0,0,0,0
1.328552750,1,0,1,1
1.328552812,0,0,0,0
1.328672188,0,0,1,1
1.328672250,0,0,0,0
1.328973437,1,0,1,1
1.328973500,0,0,0,0
1.329033687,1,0,0,1
1.329033750,0,0,0,0
1.329154500,0,0,1,1
1.329154563,0,0,0,0
1.329214937,0,0,1,1
1.329215000,0,0,0,0
1.329456125,1,0,0,0
1.329456187,0,0,0,0
1.337365000,0,0,1,1
1.337365062,0,0,0,0
1.337965000,0,0,1,1
1.337965062,0,0,0,0
1.338562750,0,0,1,1
1.338562812,0,0,0,0
1.338683000,0,0,0,1
1.338683062,0,0,0,0
1.338861312,0,0,1,1
1.338861375,0,0,0,0
1.339757000,0,0,0,1
1.339757062,0,0,0,0
1.347483938,0,0,1,1
1.347484000,0,0,0,0
1.347662750,0,0,1,1
1.347662812,0,0,0,0
1.347967188,1,0,1,1
1.347967250,0,0,0,0
1.348330562,1,0,0,0
1.348330625,0,0,0,0
1.348756188,0,0,0,1
1.348756250,0,0,0,0
1.348875625,1,0,1,1
1.348875688,0,0,0,0
1.349058375,1,0,1,1
1.349058438,0,0,0,0
1.349298625,1,0,0,1
1.349298687,0,0,0,0
1.349356750,0,0,1,1
1.349356812,0,0,0,0
1.349653063,0,0,1,1
1.349653125,0,0,0,0
1.357271937,0,0,1,1
1.357272000,0,0,0,0
1.357509500,0,0,1,1
1.357509562,0,0,0,0
1.358048187,0,0,0,1
1.358048250,0,0,0,0
1.358107687,1,0,0,1
1.358107750,0,0,0,0
1.358168125,0,0,1,1
1.358168188,0,0,0,0
1.358348875,0,0,1,1
1.358348937,0,0,0,0
1.358469750,1,0,0,0
1.358469813,0,0,0,0
1.358892063,0,0,1,0
1.358892125,0,0,0,0
1.359074312,1,0,1,1
1.359074375,0,0,0,0
1.367138375,0,0,0,1
1.367138437,0,0,0,0
1.367262250,0,0,1,1
1.367262313,0,0,0,0
1.367324562,0,0,1,1
1.367324625,0,0,0,0
1.367762062,0,0,1,1
1.367762125,0,0,0,0
1.368009063,0,0,1,1
1.368009125,0,0,0,0
1.368070125,0,0,1,1
1.368070188,0,0,0,0
1.368189625,1,0,1,1
1.368189687,0,0,0,0
1.368545687,0,0,1,1
1.368545750,0,0,0,0
1.368664625,1,0,1,1
1.368664687,0,0,0,0
1.368783625,1,0,1,1
1.368783687,0,0,0,0
1.368900812,0,0,1,1
1.368900875,0,0,0,0
1.369019938,1,0,0,0
1.369020000,0,0,0,0
1.369255687,0,0,1,1
1.369255750,0,0,0,0
1.377266937,0,0,1,1
1.377267000,0,0,0,0
1.377500625,0,0,1,1
1.377500687,0,0,0,0
1.377855188,0,0,0,1
1.377855250,0,0,0,0
1.378094563,1,0,1,1
1.378094625,0,0,0,0
1.378272500,0,0,0,1
1.378272563,0,0,0,0
1.378453062,1,0,0,1
1.378453125,0,0,0,0
1.378633063,0,0,1,0
1.378633125,0,0,0,0
1.378693063,1,0,1,1
1.378693125,0,0,0,0
1.379111750,1,0,1,1
1.379111812,0,0,0,0
1.379292187,1,0,0,1
1.379292250,0,0,0,0
1.379352375,0,0,1,0
1.379352437,0,0,0,0
1.387054625,0,0,0,1
1.387054688,0,0,0,0
1.387960188,0,0,1,1
1.387960250,0,0,0,0
1.388081563,0,0,1,1
1.388081625,0,0,0,0
1.388142063,1,0,0,0
1.388142125,0,0,0,0
1.388202563,0,0,1,1
1.388202625,0,0,0,0
1.388504563,0,0,1,1
1.388504625,0,0,0,0
1.388564750,0,0,1,1
1.388564813,0,0,0,0
1.389166437,0,0,1,1
1.389166500,0,0,0,0
1.389472562,0,0,1,1
1.389472625,0,0,0,0
1.389532875,0,0,0,1
1.389532938,0,0,0,0
1.397332312,0,0,1,1
1.397332375,0,0,0,0
1.397390625,0,0,1,1
1.397390687,0,0,0,0
1.397623500,0,0,1,1
1.397623562,0,0,0,0
1.397681938,0,0,1,1
1.397682000,0,0,0,0
1.398210437,1,0,0,1
1.398210500,0,0,0,0
1.398269688,0,0,0,1
1.398269750,0,0,0,0
1.398627875,1,0,1,1
1.398627937,0,0,0,0
1.399045250,0,0,1,1
1.399045312,0,0,0,0
1.399106187,1,0,1,1
1.399106250,0,0,0,0
1.399404500,1,0,1,1
1.399404563,0,0,0,0
1.407688250,0,0,1,1
1.407688312,0,0,0,0
1.407910812,1,0,0,0
1.407910875,0,0,0,0
1.408142750,0,0,1,1
1.408142812,0,0,0,0
1.409068063,1,0,1,1
1.409068125,0,0,0,0
1.409531312,0,0,1,1
1.409531375,0,0,0,0
1.417132062,0,0,0,1
1.417132125,0,0,0,0
1.417249500,0,0,1,1
1.417249562,0,0,0,0
1.417367312,0,0,1,1
1.417367375,0,0,0,0
1.417485937,1,0,1,1
1.417486000,0,0,0,0
1.418069125,0,0,1,1
1.418069187,0,0,0,0
1.418302000,0,0,1,0
1.418302063,0,0,0,0
1.418417188,0,0,1,0
1.418417250,0,0,0,0
1.418938063,0,0,1,1
1.418938125,0,0,0,0
1.419054875,1,0,1,1
1.419054937,0,0,0,0
1.419172188,0,0,1,1
1.419172250,0,0,0,0
1.419347062,1,0,0,1
1.419347125,0,0,0,0
1.419465313,1,0,1,1
1.419465375,0,0,0,0
1.427283500,0,0,1,1
1.427283562,0,0,0,0
1.427404750,0,0,1,1
1.427404813,0,0,0,0
1.427524688,0,0,0,1
1.427524750,0,0,0,0
1.427706313,1,0,0,0
1.427706375,0,0,0,0
1.427946687,0,0,0,1
1.427946750,0,0,0,0
1.428606500,1,0,0,0
1.428606562,0,0,0,0
1.428666500,0,0,1,1
1.428666562,0,0,0,0
1.428903125,1,0,1,1
1.428903188,0,0,0,0
1.437517500,0,0,1,1
1.437517563,0,0,0,0
1.438420250,0,0,1,1
1.438420312,0,0,0,0
1.439322313,1,0,1,1
1.439322375,0,0,0,0
1.446972187,0,0,1,0
1.446972250,0,0,0,0
1.447153313,0,0,1,1
1.447153375,0,0,0,0
1.447213438,0,0,1,1
1.447213500,0,0,0,0
1.447574188,0,0,1,1
1.447574250,0,0,0,0
1.448114687,1,0,1,1
1.448114750,0,0,0,0
1.448475687,0,0,1,0
1.448475750,0,0,0,0
1.448776188,0,0,1,1
1.448776250,0,0,0,0
1.457278687,0,0,1,1
1.457278750,0,0,0,0
1.457399687,0,0,1,1
1.457399750,0,0,0,0
1.457460875,0,0,1,1
1.457460938,0,0,0,0
1.457822687,0,0,1,1
1.457822750,0,0,0,0
1.458124688,1,0,1,1
1.458124750,0,0,0,0
1.458185188,0,0,1,1
1.458185250,0,0,0,0
1.458306125,0,0,1,1
1.458306188,0,0,0,0
1.458366562,1,0,1,1
1.458366625,0,0,0,0
1.458426812,0,0,1,1
1.458426875,0,0,0,0
1.458546062,1,0,1,1
1.458546125,0,0,0,0
1.458605563,1,0,0,1
1.458605625,0,0,0,0
1.458907563,0,0,1,1
1.458907625,0,0,0,0
1.459027875,0,0,1,1
1.459027937,0,0,0,0
1.466909125,0,0,1,1
1.466909187,0,0,0,0
1.467013625,0,0,1,1
1.467013687,0,0,0,0
1.467176000,0,0,1,1
1.467176063,0,0,0,0
1.467394625,1,0,0,1
1.467394687,0,0,0,0
1.467798625,0,0,1,1
1.467798687,0,0,0,0
1.468154875,0,0,1,1
1.468154938,0,0,0,0
1.477199187,0,0,1,1
1.477199250,0,0,0,0
1.477258313,0,0,1,1
1.477258375,0,0,0,0
1.477975937,0,0,1,1
1.477976000,0,0,0,0
1.478275688,1,0,0,1
1.478275750,0,0,0,0
1.478629688,0,0,1,1
1.478629750,0,0,0,0
1.478805813,1,0,0,1
1.478805875,0,0,0,0
1.478864000,1,0,1,1
1.478864063,0,0,0,0
1.478922937,1,0,1,1
1.478923000,0,0,0,0
1.478980938,0,0,1,1
1.478981000,0,0,0,0
1.479038875,1,0,1,1
1.479038937,0,0,0,0
1.479096250,1,0,0,0
1.479096313,0,0,0,0
1.479155187,1,0,1,1
1.479155250,0,0,0,0
1.479499625,0,0,0,1
1.479499687,0,0,0,0
1.487072750,0,0,1,1
1.487072812,0,0,0,0
1.487133125,0,0,1,1
1.487133188,0,0,0,0
1.487193500,0,0,1,1
1.487193562,0,0,0,0
1.487604062,0,0,1,0
1.487604125,0,0,0,0
1.488070187,0,0,1,1
1.488070250,0,0,0,0
1.488306813,0,0,1,0
1.488306875,0,0,0,0
1.488365875,1,0,0,1
1.488365938,0,0,0,0
1.488424313,0,0,1,1
1.488424375,0,0,0,0
1.489319875,1,0,0,0
1.489319937,0,0,0,0
1.489501563,0,0,1,1
1.489501625,0,0,0,0
1.497729937,0,0,1,1
1.497730000,0,0,0,0
1.497789000,1,0,1,1
1.497789063,0,0,0,0
1.498139687,1,0,0,1
1.498139750,0,0,0,0
1.498197125,1,0,0,0
1.498197187,0,0,0,0
1.498484062,1,0,1,1
1.498484125,0,0,0,0
1.498600938,1,0,1,1
1.498601000,0,0,0,0
1.498775375,1,0,1,1
1.498775437,0,0,0,0
1.498833312,0,0,1,1
1.498833375,0,0,0,0
1.498947375,1,0,1,1
1.498947438,0,0,0,0
1.499064000,0,0,1,1
1.499064063,0,0,0,0
1.499239875,1,0,0,0
1.499239938,0,0,0,0
1.499414500,0,0,1,1
1.499414562,0,0,0,0
1.507287375,0,0,1,1
1.507287438,0,0,0,0
1.507638875,0,0,1,1
1.507638938,0,0,0,0
1.507815437,0,0,1,1
1.507815500,0,0,0,0
1.507993000,0,0,1,1
1.507993062,0,0,0,0
1.508112375,0,0,1,1
1.508112437,0,0,0,0
1.508233813,0,0,1,1
1.508233875,0,0,0,0
1.508595750,1,0,1,1
1.508595812,0,0,0,0
1.509017125,0,0,1,1
1.509017188,0,0,0,0
1.509198375,1,0,1,1
1.509198438,0,0,0,0
1.509500250,0,0,0,1
1.509500312,0,0,0,0
1.517448500,0,0,1,1
1.517448563,0,0,0,0
1.517507063,0,0,1,1
1.517507125,0,0,0,0
1.517566625,1,0,1,1
1.517566688,0,0,0,0
1.517806250,0,0,1,1
1.517806313,0,0,0,0
1.518044375,0,0,1,1
1.518044437,0,0,0,0
1.518105375,0,0,1,1
1.518105438,0,0,0,0
1.518406563,1,0,1,1
1.518406625,0,0,0,0
1.518648063,0,0,1,1
1.518648125,0,0,0,0
1.518827750,1,0,1,1
1.518827813,0,0,0,0
1.518887937,1,0,0,1
1.518888000,0,0,0,0
1.518948125,1,0,1,1
1.518948187,0,0,0,0
1.519310437,1,0,1,1
1.519310500,0,0,0,0
1.519370875,0,0,1,1
1.519370937,0,0,0,0
1.526989187,0,0,1,1
1.526989250,0,0,0,0
1.527714562,0,0,1,1
1.527714625,0,0,0,0
1.528260750,0,0,1,1
1.528260812,0,0,0,0
1.528380000,0,0,1,1
1.528380062,0,0,0,0
1.528679500,0,0,0,1
1.528679563,0,0,0,0
1.528738750,1,0,1,1
1.528738813,0,0,0,0
1.529322375,1,0,1,1
1.529322438,0,0,0,0
1.537089875,0,0,1,1
1.537089938,0,0,0,0
1.537150250,0,0,1,1
1.537150312,0,0,0,0
1.537329938,0,0,1,1
1.537330000,0,0,0,0
1.537928500,1,0,0,0
1.537928563,0,0,0,0
1.538168250,1,0,1,1
1.538168313,0,0,0,0
1.538347937,1,0,0,1
1.538348000,0,0,0,0
1.538468125,0,0,1,1
1.538468187,0,0,0,0
1.538585500,1,0,1,1
1.538585563,0,0,0,0
1.539306188,1,0,0,0
1.539306250,0,0,0,0
1.548366313,1,0,0,1
1.548366375,0,0,0,0
1.548426562,0,0,1,1
1.548426625,0,0,0,0
1.548728312,1,0,1,1
1.548728375,0,0,0,0
1.548848625,1,0,0,1
1.548848688,0,0,0,0
1.549450625,0,0,1,1
1.549450688,0,0,0,0
1.557030563,0,0,0,1
1.557030625,0,0,0,0
1.557633625,1,0,1,1
1.557633688,0,0,0,0
1.557996313,0,0,1,1
1.557996375,0,0,0,0
1.558294000,1,0,1,1
1.558294062,0,0,0,0
1.558474375,1,0,0,0
1.558474437,0,0,0,0
1.558774062,1,0,1,1
1.558774125,0,0,0,0
1.558834250,1,0,1,1
1.558834312,0,0,0,0
1.559316250,0,0,1,1
1.559316313,0,0,0,0
1.559375437,0,0,0,1
1.559375500,0,0,0,0
1.567164688,0,0,1,1
1.567164750,0,0,0,0
1.567345500,0,0,1,1
1.567345562,0,0,0,0
1.567650000,0,0,1,1
1.567650063,0,0,0,0
1.568187063,0,0,1,1
1.568187125,0,0,0,0
1.568563000,0,0,1,0
1.568563062,0,0,0,0
1.569170625,0,0,1,1
1.569170687,0,0,0,0
1.569366250,0,0,1,0
1.569366312,0,0,0,0
1.569463500,0,0,1,0
1.569463562,0,0,0,0
1.569661375,0,0,1,0
1.569661437,0,0,0,0
1.577862062,1,0,1,1
1.577862125,0,0,0,0
1.578039812,0,0,1,0
1.578039875,0,0,0,0
1.578815875,1,0,0,1
1.578815937,0,0,0,0
1.578931250,1,0,0,1
1.578931312,0,0,0,0
1.579161625,0,0,1,0
1.579161688,0,0,0,0
1.586999062,0,0,0,1
1.586999125,0,0,0,0
1.587649375,0,0,0,1
1.587649438,0,0,0,0
1.587825312,1,0,0,1
1.587825375,0,0,0,0
1.587883187,1,0,1,1
1.587883250,0,0,0,0
1.587999938,0,0,0,1
1.588000000,0,0,0,0
1.588471938,1,0,1,1
1.588472000,0,0,0,0
1.588531375,0,0,1,1
1.588531437,0,0,0,0
1.589005875,1,0,1,1
1.589005938,0,0,0,0
1.597612312,0,0,1,1
1.597612375,0,0,0,0
1.597977688,0,0,1,1
1.597977750,0,0,0,0
1.598037125,0,0,1,1
1.598037187,0,0,0,0
1.598218188,0,0,1,1
1.598218250,0,0,0,0
1.598457750,1,0,0,1
1.598457812,0,0,0,0
1.599241250,0,0,1,1
1.599241313,0,0,0,0
1.607059750,0,0,1,1
1.607059812,0,0,0,0
1.607958438,0,0,0,1
1.607958500,0,0,0,0
1.608480375,1,0,0,0
1.608480437,0,0,0,0
1.608538312,1,0,1,1
1.608538375,0,0,0,0
1.608653625,0,0,1,1
1.608653687,0,0,0,0
1.608831062,1,0,1,1
1.608831125,0,0,0,0
1.609602250,0,0,0,1
1.609602313,0,0,0,0
1.616946000,0,0,1,1
1.616946063,0,0,0,0
1.617608062,1,0,1,1
1.617608125,0,0,0,0
1.617668437,0,0,1,1
1.617668500,0,0,0,0
1.618927250,1,0,1,1
1.618927313,0,0,0,0
1.619288625,0,0,1,1
1.619288688,0,0,0,0
1.627399188,0,0,1,1
1.627399250,0,0,0,0
1.627581125,0,0,1,1
1.627581187,0,0,0,0
1.628066625,0,0,1,1
1.628066688,0,0,0,0
1.628128000,0,0,1,1
1.628128063,0,0,0,0
1.628373000,0,0,1,1
1.628373062,0,0,0,0
1.628434500,0,0,1,1
1.628434563,0,0,0,0
1.628557438,0,0,1,1
1.628557500,0,0,0,0
1.628679938,0,0,1,0
1.628680000,0,0,0,0
1.628862375,0,0,1,1
1.628862438,0,0,0,0
1.629166563,1,0,0,1
1.629166625,0,0,0,0
1.629286250,0,0,1,1
1.629286312,0,0,0,0
1.636893813,0,0,1,0
1.636894312,1,0,1,0
1.636894438,1,1,1,0
1.636894500,1,1,1,1
1.686892250,1,1,0,1
1.686892688,1,0,0,0
1.686892813,0,0,0,0
1.687846375,0,0,0,1
1.687846437,0,0,0,0
1.688269500,1,0,1,1
1.688269562,0,0,0,0
1.688392188,0,0,1,1
1.688392250,0,0,0,0
1.688453187,1,0,1,1
1.688453250,0,0,0,0
1.688570062,0,0,0,1
1.688570125,0,0,0,0
1.688628438,0,0,1,1
1.688628500,0,0,0,0
1.688686688,0,0,1,1
1.688686750,0,0,0,0
1.688744875,0,0,1,1
1.688744938,0,0,0,0
1.688860125,0,0,1,1
1.688860187,0,0,0,0
1.688976562,0,0,1,1
1.688976625,0,0,0,0
1.689268313,0,0,0,1
1.689268375,0,0,0,0
1.696976438,0,0,1,1
1.696976500,0,0,0,0
1.697278875,0,0,1,1
1.697278937,0,0,0,0
1.697518625,0,0,1,1
1.697518687,0,0,0,0
1.697819063,1,0,1,1
1.697819125,0,0,0,0
1.698060062,1,0,1,1
1.698060125,0,0,0,0
1.698301250,0,0,1,1
1.698301312,0,0,0,0
1.698480375,0,0,1,1
1.698480438,0,0,0,0
1.698539312,0,0,1,1
1.698539375,0,0,0,0
1.698657375,1,0,0,1
1.698657438,0,0,0,0
1.698838500,0,0,1,1
1.698838562,0,0,0,0
1.699080375,1,0,1,1
1.699080437,0,0,0,0
1.699199625,0,0,0,1
1.699199687,0,0,0,0
1.706833250,0,0,1,1
1.706833312,0,0,0,0
1.707075000,0,0,1,1
1.707075062,0,0,0,0
1.707316875,1,0,0,0
1.707316937,0,0,0,0
1.707618813,0,0,1,1
1.707618875,0,0,0,0
1.707678125,0,0,1,0
1.707678187,0,0,0,0
1.707975375,0,0,1,1
1.707975438,0,0,0,0
1.708277688,0,0,1,0
1.708277750,0,0,0,0
1.708997062,0,0,1,0
1.708997125,0,0,0,0
1.709171812,0,0,1,1
1.709171875,0,0,0,0
1.709347375,0,0,1,1
1.709347438,0,0,0,0
1.716919250,0,0,1,1
1.716919312,0,0,0,0
1.717501125,0,0,1,1
1.717501187,0,0,0,0
1.717848875,0,0,1,1
1.717848937,0,0,0,0
1.718022063,0,0,1,1
1.718022125,0,0,0,0
1.718309687,1,0,0,0
1.718309750,0,0,0,0
1.718426688,0,0,1,0
1.718426750,0,0,0,0
1.718774625,1,0,1,1
1.718774688,0,0,0,0
1.726934375,0,0,1,1
1.726934437,0,0,0,0
1.727290688,0,0,0,1
1.727290750,0,0,0,0
1.727531750,0,0,1,1
1.727531813,0,0,0,0
1.727950375,0,0,1,1
1.727950438,0,0,0,0
1.728010875,0,0,1,1
1.728010937,0,0,0,0
1.728071375,0,0,1,1
1.728071437,0,0,0,0
1.728192125,1,0,0,0
1.728192187,0,0,0,0
1.728489187,1,0,0,0
1.728489250,0,0,0,0
1.737029813,0,0,1,1
1.737029875,0,0,0,0
1.737733375,0,0,1,1
1.737733437,0,0,0,0
1.737791562,0,0,1,1
1.737791625,0,0,0,0
1.737850000,1,0,0,0
1.737850062,0,0,0,0
1.738083937,1,0,1,1
1.738084000,0,0,0,0
1.738258500,0,0,1,1
1.738258562,0,0,0,0
1.738489687,1,0,0,1
1.738489750,0,0,0,0
1.738663813,0,0,1,0
1.738663875,0,0,0,0
1.747291688,0,0,1,1
1.747291750,0,0,0,0
1.747532937,0,0,0,1
1.747533000,0,0,0,0
1.747831875,0,0,1,1
1.747831937,0,0,0,0
1.748193437,1,0,0,0
1.748193500,0,0,0,0
1.748253438,1,0,1,1
1.748253500,0,0,0,0
1.748371625,1,0,1,1
1.748371687,0,0,0,0
1.748431813,0,0,0,1
1.748431875,0,0,0,0
1.748492187,1,0,0,1
1.748492250,0,0,0,0
1.748913500,0,0,1,1
1.748913563,0,0,0,0
1.756792750,0,0,1,1
1.756792813,0,0,0,0
1.757156750,0,0,1,1
1.757156813,0,0,0,0
1.757517625,0,0,1,1
1.757517688,0,0,0,0
1.757578937,0,0,1,1
1.757579000,0,0,0,0
1.757640250,1,0,1,1
1.757640312,0,0,0,0
1.757761937,1,0,1,1
1.757762000,0,0,0,0
1.757883000,0,0,1,1
1.757883062,0,0,0,0
1.758004000,0,0,1,1
1.758004062,0,0,0,0
1.758124938,1,0,1,1
1.758125000,0,0,0,0
1.758306313,1,0,1,1
1.758306375,0,0,0,0
1.758968750,0,0,1,1
1.758968813,0,0,0,0
1.766796750,0,0,1,1
1.766796812,0,0,0,0
1.766918375,0,0,1,1
1.766918437,0,0,0,0
1.767462000,0,0,1,1
1.767462062,0,0,0,0
1.767522063,0,0,1,1
1.767522125,0,0,0,0
1.767581125,1,0,1,1
1.767581188,0,0,0,0
1.768181438,1,0,1,1
1.768181500,0,0,0,0
1.768483000,1,0,0,1
1.768483063,0,0,0,0
1.768720312,1,0,1,1
1.768720375,0,0,0,0
1.769020937,0,0,1,1
1.769021000,0,0,0,0
1.769261750,0,0,0,1
1.769261812,0,0,0,0
1.776867750,0,0,1,1
1.776867812,0,0,0,0
1.777112812,0,0,1,1
1.777112875,0,0,0,0
1.777234500,0,0,1,1
1.777234562,0,0,0,0
1.777418313,0,0,1,1
1.777418375,0,0,0,0
1.777478813,1,0,1,1
1.777478875,0,0,0,0
1.777722250,1,0,1,1
1.777722312,0,0,0,0
1.777903000,1,0,1,1
1.777903063,0,0,0,0
1.778597187,0,0,1,1
1.778597250,0,0,0,0
1.778949188,1,0,1,1
1.778949250,0,0,0,0
1.779244375,0,0,0,1
1.779244438,0,0,0,0
1.786928062,0,0,0,1
1.786928125,0,0,0,0
1.787225688,0,0,1,1
1.787225750,0,0,0,0
1.787286750,0,0,1,1
1.787286813,0,0,0,0
1.787346250,0,0,1,1
1.787346312,0,0,0,0
1.787406500,0,0,1,1
1.787406562,0,0,0,0
1.787526938,0,0,1,1
1.787527000,0,0,0,0
1.787763938,1,0,1,1
1.787764000,0,0,0,0
1.787823125,1,0,1,1
1.787823187,0,0,0,0
1.787944812,0,0,1,1
1.787944875,0,0,0,0
1.788368875,0,0,1,1
1.788368938,0,0,0,0
1.788607562,1,0,1,1
1.788607625,0,0,0,0
1.788848688,0,0,1,1
1.788848750,0,0,0,0
1.788908875,0,0,1,1
1.788908938,0,0,0,0
1.789206937,0,0,0,1
1.789207000,0,0,0,0
1.796826750,0,0,1,1
1.796826812,0,0,0,0
1.796948562,0,0,0,1
1.796948625,0,0,0,0
1.797068500,0,0,0,1
1.797068563,0,0,0,0
1.797128875,0,0,1,1
1.797128937,0,0,0,0
1.797310500,0,0,1,1
1.797310563,0,0,0,0
1.797732437,0,0,1,1
1.797732500,0,0,0,0
1.797852938,0,0,0,1
1.797853000,0,0,0,0
1.798153937,0,0,1,1
1.798154000,0,0,0,0
1.798820000,0,0,1,1
1.798820062,0,0,0,0
1.798879125,1,0,0,1
1.798879188,0,0,0,0
1.799120375,0,0,0,1
1.799120438,0,0,0,0
1.807040750,0,0,1,1
1.807040812,0,0,0,0
1.807222188,0,0,1,1
1.807222250,0,0,0,0
1.808420062,0,0,1,1
1.808420125,0,0,0,0
1.808903125,1,0,1,1
1.808903187,0,0,0,0
1.817042937,0,0,1,1
1.817043000,0,0,0,0
1.817224250,0,0,1,0
1.817224313,0,0,0,0
1.817344750,0,0,1,1
1.817344813,0,0,0,0
1.817464063,1,0,1,1
1.817464125,0,0,0,0
1.818006000,0,0,1,1
1.818006063,0,0,0,0
1.818066437,0,0,1,0
1.818066500,0,0,0,0
1.818367875,1,0,1,1
1.818367937,0,0,0,0
1.818605375,1,0,1,1
1.818605438,0,0,0,0
1.818725625,1,0,0,0
1.818725687,0,0,0,0
1.818907250,0,0,1,1
1.818907312,0,0,0,0
1.826730250,0,0,1,1
1.826730313,0,0,0,0
1.826789812,0,0,1,1
1.826789875,0,0,0,0
1.827090250,0,0,1,1
1.827090312,0,0,0,0
1.827392000,0,0,1,1
1.827392062,0,0,0,0
1.828163250,0,0,0,1
1.828163313,0,0,0,0
1.828764562,0,0,1,1
1.828764625,0,0,0,0
1.836783813,0,0,1,1
1.836783875,0,0,0,0
1.837023188,0,0,0,1
1.837023250,0,0,0,0
1.837265250,0,0,1,1
1.837265313,0,0,0,0
1.837446188,0,0,1,1
1.837446250,0,0,0,0
1.837506250,1,0,1,1
1.837506312,0,0,0,0
1.837683750,0,0,1,1
1.837683812,0,0,0,0
1.838165188,0,0,1,0
1.838165250,0,0,0,0
1.838344812,0,0,1,0
1.838344875,0,0,0,0
1.838462625,0,0,1,1
1.838462688,0,0,0,0
1.838703063,1,0,1,1
1.838703125,0,0,0,0
1.838820437,1,0,1,1
1.838820500,0,0,0,0
1.839060125,0,0,1,1
1.839060188,0,0,0,0
1.846777375,0,0,0,1
1.846777437,0,0,0,0
1.846837937,0,0,1,0
1.846838000,0,0,0,0
1.848106250,1,0,0,1
1.848106312,0,0,0,0
1.848709938,1,0,1,1
1.848710000,0,0,0,0
1.848951375,0,0,0,1
1.848951438,0,0,0,0
1.856607062,0,0,0,1
1.856607125,0,0,0,0
1.856845312,0,0,1,1
1.856845375,0,0,0,0
1.856967000,0,0,0,1
1.856967063,0,0,0,0
1.857147250,0,0,0,1
1.857147312,0,0,0,0
1.857207562,0,0,1,1
1.857207625,0,0,0,0
1.857327187,0,0,0,1
1.857327250,0,0,0,0
1.857507000,1,0,0,1
1.857507063,0,0,0,0
1.857925250,0,0,1,1
1.857925312,0,0,0,0
1.857984562,1,0,1,1
1.857984625,0,0,0,0
1.858164250,1,0,0,1
1.858164313,0,0,0,0
1.858224438,1,0,0,0
1.858224500,0,0,0,0
1.858403625,1,0,1,1
1.858403688,0,0,0,0
1.858579938,1,0,1,1
1.858580000,0,0,0,0
1.858820813,1,0,0,1
1.858820875,0,0,0,0
1.866895563,0,0,1,1
1.866895625,0,0,0,0
1.867258250,0,0,1,1
1.867258312,0,0,0,0
1.867497250,0,0,1,1
1.867497313,0,0,0,0
1.867798750,0,0,1,1
1.867798813,0,0,0,0
1.868098688,0,0,1,1
1.868098750,0,0,0,0
1.868400688,1,0,0,1
1.868400750,0,0,0,0
1.868460812,0,0,0,1
1.868460875,0,0,0,0
1.868520750,1,0,0,1
1.868520812,0,0,0,0
1.868758313,0,0,1,1
1.868758375,0,0,0,0
1.877489750,1,0,0,0
1.877489812,0,0,0,0
1.878082187,0,0,1,1
1.878082250,0,0,0,0
1.878265687,1,0,1,1
1.878265750,0,0,0,0
1.878449125,0,0,1,1
1.878449188,0,0,0,0
1.886806187,0,0,0,1
1.886806250,0,0,0,0
1.887215438,0,0,1,1
1.887215500,0,0,0,0
1.887803687,0,0,1,1
1.887803750,0,0,0,0
1.887863750,0,0,1,1
1.887863813,0,0,0,0
1.888042438,1,0,0,1
1.888042500,0,0,0,0
1.888280375,1,0,1,1
1.888280437,0,0,0,0
1.888400687,0,0,1,1
1.888400750,0,0,0,0
1.888460750,1,0,0,0
1.888460812,0,0,0,0
1.888760500,0,0,1,1
1.888760562,0,0,0,0
1.888879625,0,0,1,1
1.888879688,0,0,0,0
1.897523500,1,0,1,1
1.897523562,0,0,0,0
1.897582563,0,0,1,1
1.897582625,0,0,0,0
1.898063500,0,0,1,1
1.898063562,0,0,0,0
1.898123938,1,0,1,1
1.898124000,0,0,0,0
1.898364687,0,0,1,1
1.898364750,0,0,0,0
1.898722500,1,0,0,0
1.898722562,0,0,0,0
1.898782875,1,0,1,1
1.898782938,0,0,0,0
1.906458938,0,0,0,1
1.906459000,0,0,0,0
1.906519062,0,0,1,1
1.906519125,0,0,0,0
1.906822187,0,0,1,0
1.906822250,0,0,0,0
1.907244687,0,0,1,1
1.907244750,0,0,0,0
1.907784125,0,0,1,1
1.907784187,0,0,0,0
1.908385313,1,0,0,1
1.908385375,0,0,0,0
1.908686937,1,0,1,1
1.908687000,0,0,0,0
1.917099437,1,0,1,1
1.917099500,0,0,0,0
1.917645000,1,0,1,1
1.917645063,0,0,0,0
1.918428500,1,0,0,1
1.918428562,0,0,0,0
1.918487688,1,0,0,1
1.918487750,0,0,0,0
1.918669250,1,0,1,1
1.918669313,0,0,0,0
1.918788437,0,0,0,1
1.918788500,0,0,0,0
1.926863375,0,0,1,1
1.926863437,0,0,0,0
1.926982250,0,0,1,1
1.926982313,0,0,0,0
1.927224125,0,0,1,1
1.927224188,0,0,0,0
1.927581688,0,0,1,1
1.927581750,0,0,0,0
1.927700938,1,0,1,1
1.927701000,0,0,0,0
1.927882563,1,0,0,0
1.927882625,0,0,0,0
1.928002187,0,0,1,1
1.928002250,0,0,0,0
1.928062375,0,0,1,1
1.928062437,0,0,0,0
1.928898563,0,0,1,1
1.928898625,0,0,0,0
1.936939500,0,0,1,1
1.936939563,0,0,0,0
1.937180000,0,0,1,1
1.937180062,0,0,0,0
1.937359813,0,0,1,1
1.937359875,0,0,0,0
1.937419187,0,0,1,1
1.937419250,0,0,0,0
1.937479313,1,0,1,1
1.937479375,0,0,0,0
1.937538750,1,0,1,1
1.937538812,0,0,0,0
1.937717125,1,0,0,0
1.937717188,0,0,0,0
1.937776625,0,0,1,1
1.937776687,0,0,0,0
1.937956250,1,0,1,1
1.937956312,0,0,0,0
1.938014437,1,0,0,0
1.938014500,0,0,0,0
1.938072875,1,0,1,1
1.938072938,0,0,0,0
1.938368937,1,0,0,0
1.938369000,0,0,0,0
1.938718875,0,0,1,1
1.938718938,0,0,0,0
1.946508750,0,0,0,1
1.946508813,0,0,0,0
1.947903313,0,0,1,1
1.947903375,0,0,0,0
1.948144375,0,0,1,1
1.948144438,0,0,0,0
1.948325188,0,0,1,1
1.948325250,0,0,0,0
1.948566938,0,0,1,1
1.948567000,0,0,0,0
1.948686250,1,0,0,1
1.948686313,0,0,0,0
1.948986250,0,0,1,1
1.948986312,0,0,0,0
1.956347500,0,0,0,1
1.956347562,0,0,0,0
1.956892687,0,0,1,1
1.956892750,0,0,0,0
1.957314000,0,0,1,1
1.957314063,0,0,0,0
1.957494312,0,0,1,1
1.957494375,0,0,0,0
1.957675750,1,0,1,0
1.957675813,0,0,0,0
1.958037688,0,0,1,1
1.958037750,0,0,0,0
1.958098687,0,0,1,1
1.958098750,0,0,0,0
1.958339188,1,0,1,1
1.958339250,0,0,0,0
1.958399625,0,0,0,1
1.958399688,0,0,0,0
1.967241812,0,0,1,0
1.967241875,0,0,0,0
1.967360562,0,0,1,0
1.967360625,0,0,0,0
1.967960750,0,0,1,1
1.967960813,0,0,0,0
1.968080062,0,0,0,1
1.968080125,0,0,0,0
1.968199000,1,0,0,1
1.968199063,0,0,0,0
1.968496562,0,0,1,1
1.968496625,0,0,0,0
1.968857250,0,0,1,1
1.968857312,0,0,0,0
1.968976375,0,0,0,1
1.968976438,0,0,0,0
1.976661438,0,0,1,0
1.976661500,0,0,0,0
1.977141688,0,0,0,1
1.977141750,0,0,0,0
1.977201187,1,0,1,1
1.977201250,0,0,0,0
1.977261437,0,0,0,1
1.977261500,0,0,0,0
1.977503000,0,0,1,1
1.977503063,0,0,0,0
1.977563437,0,0,1,1
1.977563500,0,0,0,0
1.977623687,0,0,1,1
1.977623750,0,0,0,0
1.977979187,0,0,1,0
1.977979250,0,0,0,0
1.978037188,0,0,1,1
1.978037250,0,0,0,0
1.978307812,0,0,1,0
1.978307875,0,0,0,0
1.978360250,1,0,1,1
1.978360312,0,0,0,0
1.978412688,1,0,1,0
1.978412750,0,0,0,0
1.978971312,0,0,1,0
1.978971375,0,0,0,0
1.986356250,0,0,0,1
1.986356313,0,0,0,0
1.986657312,0,0,1,1
1.986657375,0,0,0,0
1.987499437,0,0,1,1
1.987499500,0,0,0,0
1.987559687,0,0,1,1
1.987559750,0,0,0,0
1.987740500,0,0,1,1
1.987740562,0,0,0,0
1.988099625,0,0,1,1
1.988099688,0,0,0,0
1.988332688,1,0,1,1
1.988332750,0,0,0,0
1.988566188,1,0,0,1
1.988566250,0,0,0,0
1.988683250,0,0,1,1
1.988683313,0,0,0,0
1.996950875,1,0,0,1
1.996950938,0,0,0,0
1.998143938,1,0,0,1
1.998144000,0,0,0,0
1.998202938,1,0,1,1
1.998203000,0,0,0,0
1.998262000,1,0,1,1
1.998262063,0,0,0,0
1.998678250,1,0,1,1
1.998678313,0,0,0,0
1.998738188,1,0,1,1
1.998738250,0,0,0,0
2.006900125,0,0,1,1
2.006900187,0,0,0,0
2.006960250,0,0,1,1
2.006960312,0,0,0,0
2.007080250,0,0,1,1
2.007080312,0,0,0,0
2.007623437,0,0,1,1
2.007623500,0,0,0,0
2.007744000,0,0,1,1
2.007744063,0,0,0,0
2.007985500,0,0,0,1
2.007985563,0,0,0,0
2.008045812,0,0,1,1
2.008045875,0,0,0,0
2.008166188,1,0,1,1
2.008166250,0,0,0,0
2.008284563,1,0,1,1
2.008284625,0,0,0,0
2.008645062,1,0,0,1
2.008645125,0,0,0,0
2.016790750,0,0,1,1
2.016790813,0,0,0,0
2.017032500,0,0,0,1
2.017032562,0,0,0,0
2.017092813,1,0,0,1
2.017092875,0,0,0,0
2.017392875,0,0,1,1
2.017392937,0,0,0,0
2.017513500,0,0,1,1
2.017513563,0,0,0,0
2.017874937,0,0,1,0
2.017875000,0,0,0,0
2.018175812,1,0,1,1
2.018175875,0,0,0,0
2.018537812,1,0,1,1
2.018537875,0,0,0,0
2.018718438,0,0,1,0
2.018718500,0,0,0,0
2.018778563,0,0,0,1
2.018778625,0,0,0,0
2.026432188,0,0,1,1
2.026432250,0,0,0,0
2.027155562,0,0,1,1
2.027155625,0,0,0,0
2.027459187,1,0,1,1
2.027459250,0,0,0,0
2.027638250,0,0,1,1
2.027638313,0,0,0,0
2.027818813,1,0,0,0
2.027818875,0,0,0,0
2.027878687,1,0,1,1
2.027878750,0,0,0,0
2.027998000,1,0,1,1
2.027998063,0,0,0,0
2.036460687,0,0,1,1
2.036460750,0,0,0,0
2.036948375,0,0,1,1
2.036948437,0,0,0,0
2.037743250,1,0,1,1
2.037743312,0,0,0,0
2.038110000,0,0,1,1
2.038110062,0,0,0,0
2.046628625,0,0,1,1
2.046628688,0,0,0,0
2.046809125,0,0,1,1
2.046809188,0,0,0,0
2.047232563,0,0,1,1
2.047232625,0,0,0,0
2.047293687,0,0,1,1
2.047293750,0,0,0,0
2.047414312,0,0,1,1
2.047414375,0,0,0,0
2.047656250,0,0,1,1
2.047656313,0,0,0,0
2.048077125,1,0,0,1
2.048077188,0,0,0,0
2.048137125,0,0,1,1
2.048137188,0,0,0,0
2.048196375,1,0,1,1
2.048196438,0,0,0,0
2.056529000,0,0,1,1
2.056529063,0,0,0,0
2.056649938,0,0,1,1
2.056650000,0,0,0,0
2.056952312,1,0,0,1
2.056952375,0,0,0,0
2.057132938,0,0,1,0
2.057133000,0,0,0,0
2.057192000,0,0,1,1
2.057192062,0,0,0,0
2.057971000,0,0,1,1
2.057971063,0,0,0,0
2.058515125,0,0,1,1
2.058515187,0,0,0,0
2.058574312,0,0,1,1
2.058574375,0,0,0,0
2.066664375,0,0,1,1
2.066664438,0,0,0,0
2.067508937,0,0,1,1
2.067509000,0,0,0,0
2.067749125,0,0,0,1
2.067749188,0,0,0,0
2.068167312,1,0,0,1
2.068167375,0,0,0,0
2.068408063,1,0,0,0
2.068408125,0,0,0,0
2.068769188,0,0,1,1
2.068769250,0,0,0,0
2.076823875,0,0,1,1
2.076823937,0,0,0,0
2.076944500,0,0,1,1
2.076944563,0,0,0,0
2.077488687,1,0,0,1
2.077488750,0,0,0,0
2.077788000,0,0,1,1
2.077788062,0,0,0,0
2.078024812,0,0,1,1
2.078024875,0,0,0,0
2.078084813,0,0,1,1
2.078084875,0,0,0,0
2.078143750,0,0,1,1
2.078143813,0,0,0,0
2.078617375,0,0,1,1
2.078617438,0,0,0,0
2.088503063,0,0,1,1
2.088503125,0,0,0,0
2.088623688,0,0,1,1
2.088623750,0,0,0,0
2.096198625,0,0,0,1
2.096198687,0,0,0,0
2.097649313,1,0,1,1
2.097649375,0,0,0,0
2.098009687,1,0,1,1
2.098009750,0,0,0,0
2.098250250,1,0,0,1
2.098250312,0,0,0,0
2.098369313,1,0,0,0
2.098369375,0,0,0,0
2.098429312,0,0,1,1
2.098429375,0,0,0,0
2.098610063,0,0,0,1
2.098610125,0,0,0,0
2.106368687,1,0,0,0
2.106368750,0,0,0,0
2.106489625,0,0,1,1
2.106489687,0,0,0,0
2.106731500,0,0,1,1
2.106731562,0,0,0,0
2.106971375,0,0,1,1
2.106971437,0,0,0,0
2.107207625,0,0,1,1
2.107207687,0,0,0,0
2.107267750,0,0,1,1
2.107267812,0,0,0,0
2.107388438,1,0,1,1
2.107388500,0,0,0,0
2.107508938,1,0,1,1
2.107509000,0,0,0,0
2.107629437,0,0,1,1
2.107629500,0,0,0,0
2.107810625,0,0,1,1
2.107810687,0,0,0,0
2.108768187,0,0,0,1
2.108768250,0,0,0,0
2.116773625,0,0,1,0
2.116773687,0,0,0,0
2.116894687,1,0,1,1
2.116894750,0,0,0,0
2.117136000,0,0,1,1
2.117136063,0,0,0,0
2.117433688,0,0,1,1
2.117433750,0,0,0,0
2.117854250,0,0,1,1
2.117854313,0,0,0,0
2.118095938,1,0,0,0
2.118096000,0,0,0,0
2.118518562,0,0,1,1
2.118518625,0,0,0,0
2.126420125,0,0,1,1
2.126420187,0,0,0,0
2.126783062,0,0,1,1
2.126783125,0,0,0,0
2.126842562,0,0,0,1
2.126842625,0,0,0,0
2.127205062,0,0,1,0
2.127205125,0,0,0,0
2.127326062,0,0,1,1
2.127326125,0,0,0,0
2.127625563,0,0,1,1
2.127625625,0,0,0,0
2.127805500,0,0,1,1
2.127805562,0,0,0,0
2.127925875,1,0,1,1
2.127925938,0,0,0,0
2.128103063,1,0,1,1
2.128103125,0,0,0,0
2.128343250,1,0,1,1
2.128343313,0,0,0,0
2.136138938,0,0,0,1
2.136139000,0,0,0,0
2.136431875,0,0,1,1
2.136431937,0,0,0,0
2.137680062,0,0,1,0
2.137680125,0,0,0,0
2.137800375,1,0,1,1
2.137800438,0,0,0,0
2.137860375,1,0,0,1
2.137860438,0,0,0,0
2.138155625,1,0,1,1
2.138155687,0,0,0,0
2.138216625,1,0,0,1
2.138216687,0,0,0,0
2.138337813,1,0,1,1
2.138337875,0,0,0,0
2.146644375,0,0,1,1
2.146644438,0,0,0,0
2.146704688,0,0,1,1
2.146704750,0,0,0,0
2.146765812,0,0,1,1
2.146765875,0,0,0,0
2.147617750,0,0,1,1
2.147617813,0,0,0,0
2.147919875,0,0,1,1
2.147919938,0,0,0,0
2.148163687,1,0,0,1
2.148163750,0,0,0,0
2.148284813,1,0,1,1
2.148284875,0,0,0,0
2.156490875,0,0,1,1
2.156490938,0,0,0,0
2.156611563,0,0,1,1
2.156611625,0,0,0,0
2.156732000,0,0,1,1
2.156732063,0,0,0,0
2.157028750,0,0,1,1
2.157028813,0,0,0,0
2.157270000,0,0,1,1
2.157270062,0,0,0,0
2.157330250,0,0,1,1
2.157330313,0,0,0,0
2.157568687,0,0,1,1
2.157568750,0,0,0,0
2.158108000,0,0,1,1
2.158108063,0,0,0,0
2.158168000,1,0,0,0
2.158168063,0,0,0,0
2.158286500,1,0,1,1
2.158286562,0,0,0,0
2.158406938,1,0,0,0
2.158407000,0,0,0,0
2.166081937,0,0,1,1
2.166082000,0,0,0,0
2.166871187,0,0,1,1
2.166871250,0,0,0,0
2.167172625,0,0,1,1
2.167172687,0,0,0,0
2.167293438,0,0,1,1
2.167293500,0,0,0,0
2.167777188,0,0,1,1
2.167777250,0,0,0,0
2.168259313,0,0,1,1
2.168259375,0,0,0,0
2.168318437,0,0,1,1
2.168318500,0,0,0,0
2.176867937,0,0,1,0
2.176868000,0,0,0,0
2.177590250,0,0,1,1
2.177590313,0,0,0,0
2.177649250,0,0,1,1
2.177649312,0,0,0,0
2.177708375,0,0,1,1
2.177708438,0,0,0,0
2.178009375,0,0,1,1
2.178009438,0,0,0,0
2.186262500,0,0,1,1
2.186262563,0,0,0,0
2.186324063,0,0,1,1
2.186324125,0,0,0,0
2.186819563,0,0,1,0
2.186819625,0,0,0,0
2.187372000,0,0,1,1
2.187372063,0,0,0,0
2.187555437,0,0,1,1
2.187555500,0,0,0,0
2.187676625,0,0,1,1
2.187676688,0,0,0,0
2.188105437,0,0,1,0
2.188105500,0,0,0,0
2.188166625,1,0,1,1
2.188166687,0,0,0,0
2.188528438,0,0,1,1
2.188528500,0,0,0,0
2.188830500,0,0,0,1
2.188830563,0,0,0,0
2.196412750,0,0,1,0
2.196412813,0,0,0,0
2.196652812,0,0,1,1
2.196652875,0,0,0,0
2.196831313,0,0,0,1
2.196831375,0,0,0,0
2.196891562,1,0,1,1
2.196891625,0,0,0,0
2.197132875,0,0,1,1
2.197132938,0,0,0,0
2.197253562,0,0,1,1
2.197253625,0,0,0,0
2.197313875,1,0,1,1
2.197313938,0,0,0,0
2.197611875,1,0,1,1
2.197611938,0,0,0,0
2.197671875,0,0,1,1
2.197671938,0,0,0,0
2.206220313,0,0,1,1
2.206220375,0,0,0,0
2.206462500,0,0,1,1
2.206462563,0,0,0,0
2.206641000,0,0,1,1
2.206641063,0,0,0,0
2.206701500,0,0,1,1
2.206701563,0,0,0,0
2.207183875,0,0,1,1
2.207183937,0,0,0,0
2.207245125,1,0,1,1
2.207245187,0,0,0,0
2.207367625,1,0,1,1
2.207367688,0,0,0,0
2.207428625,0,0,1,1
2.207428688,0,0,0,0
2.207788875,1,0,0,0
2.207788938,0,0,0,0
2.217038188,1,0,1,1
2.217038250,0,0,0,0
2.217157812,0,0,1,1
2.217157875,0,0,0,0
2.217694563,0,0,1,1
2.217694625,0,0,0,0
2.217755000,0,0,1,1
2.217755063,0,0,0,0
2.217815438,0,0,1,0
2.217815500,0,0,0,0
2.217875750,1,0,1,1
2.217875812,0,0,0,0
2.217935938,1,0,0,1
2.217936000,0,0,0,0
2.218114187,1,0,1,1
2.218114250,0,0,0,0
2.218234563,1,0,1,1
2.218234625,0,0,0,0
2.218294750,1,0,1,1
2.218294812,0,0,0,0
2.218354938,1,0,1,1
2.218355000,0,0,0,0
2.226336687,0,0,1,0
2.226336750,0,0,0,0
2.226397000,0,0,1,1
2.226397062,0,0,0,0
2.226815125,0,0,1,1
2.226815188,0,0,0,0
2.227052625,1,0,1,1
2.227052688,0,0,0,0
2.227412938,1,0,0,1
2.227413000,0,0,0,0
2.227531313,0,0,1,1
2.227531375,0,0,0,0
2.227710188,1,0,1,1
2.227710250,0,0,0,0
2.227830562,0,0,1,0
2.227830625,0,0,0,0
2.227890813,1,0,1,1
2.227890875,0,0,0,0
2.236169187,0,0,0,1
2.236169250,0,0,0,0
2.236532625,0,0,1,1
2.236532688,0,0,0,0
2.236593000,0,0,1,1
2.236593062,0,0,0,0
2.236834062,1,0,0,0
2.236834125,0,0,0,0
2.236956375,0,0,1,1
2.236956437,0,0,0,0
2.237249750,1,0,1,1
2.237249812,0,0,0,0
2.237307187,1,0,1,1
2.237307250,0,0,0,0
2.237654062,1,0,0,1
2.237654125,0,0,0,0
2.237888312,0,0,1,1
2.237888375,0,0,0,0
2.237946500,1,0,1,1
2.237946562,0,0,0,0
2.246106625,0,0,0,1
2.246106688,0,0,0,0
2.246327313,0,0,1,1
2.246327375,0,0,0,0
2.246549313,0,0,1,0
2.246549375,0,0,0,0
2.247822875,0,0,1,1
2.247822938,0,0,0,0
2.247942313,0,0,1,1
2.247942375,0,0,0,0
2.248425062,0,0,1,1
2.248425125,0,0,0,0
2.256205187,0,0,1,1
2.256205250,0,0,0,0
2.257113500,0,0,1,1
2.257113562,0,0,0,0
2.257174562,1,0,1,1
2.257174625,0,0,0,0
2.257234562,1,0,0,0
2.257234625,0,0,0,0
2.257774875,1,0,1,1
2.257774937,0,0,0,0
2.257835125,1,0,0,1
2.257835188,0,0,0,0
2.257956062,1,0,1,1
2.257956125,0,0,0,0
2.258015187,1,0,0,1
2.258015250,0,0,0,0
2.258075312,1,0,1,1
2.258075375,0,0,0,0
2.258196687,1,0,1,1
2.258196750,0,0,0,0
2.258316750,1,0,1,1
2.258316812,0,0,0,0
2.258375875,0,0,0,1
2.258375937,0,0,0,0
2.266143813,0,0,0,1
2.266143875,0,0,0,0
2.266323438,0,0,1,1
2.266323500,0,0,0,0
2.266444375,1,0,0,0
2.266444438,0,0,0,0
2.266505562,0,0,1,1
2.266505625,0,0,0,0
2.266803250,0,0,1,1
2.266803313,0,0,0,0
2.267402188,1,0,1,1
2.267402250,0,0,0,0
2.267462188,0,0,1,1
2.267462250,0,0,0,0
2.267639562,0,0,1,1
2.267639625,0,0,0,0
2.267698750,0,0,1,1
2.267698812,0,0,0,0
2.268181000,1,0,0,1
2.268181063,0,0,0,0
2.268422000,0,0,1,1
2.268422063,0,0,0,0
2.276715312,0,0,1,1
2.276715375,0,0,0,0
2.277067938,1,0,1,1
2.277068000,0,0,0,0
2.277358625,0,0,1,1
2.277358688,0,0,0,0
2.277417063,0,0,1,1
2.277417125,0,0,0,0
2.277832750,1,0,1,1
2.277832812,0,0,0,0
2.277892187,1,0,0,0
2.277892250,0,0,0,0
2.277952125,1,0,0,1
2.277952187,0,0,0,0
2.278070375,1,0,0,0
2.278070437,0,0,0,0
2.278190937,1,0,0,1
2.278191000,0,0,0,0
2.278251375,1,0,1,1
2.278251437,0,0,0,0
2.286243125,0,0,1,1
2.286243188,0,0,0,0
2.286397375,0,0,1,1
2.286397437,0,0,0,0
2.286505937,0,0,1,1
2.286506000,0,0,0,0
2.286614812,0,0,1,1
2.286614875,0,0,0,0
2.287298687,1,0,1,1
2.287298750,0,0,0,0
2.287774063,1,0,0,0
2.287774125,0,0,0,0
2.287834188,1,0,1,1
2.287834250,0,0,0,0
2.288265062,1,0,0,0
2.288265125,0,0,0,0
2.295944125,0,0,0,1
2.295944187,0,0,0,0
2.296064813,0,0,1,1
2.296064875,0,0,0,0
2.296491750,0,0,1,1
2.296491812,0,0,0,0
2.297576250,1,0,1,1
2.297576312,0,0,0,0
2.297814750,1,0,1,1
2.297814812,0,0,0,0
2.297875125,1,0,1,1
2.297875187,0,0,0,0
2.297936125,1,0,1,1
2.297936187,0,0,0,0
2.298115375,1,0,1,1
2.298115437,0,0,0,0
2.298236188,1,0,0,0
2.298236250,0,0,0,0
2.298297063,1,0,1,1
2.298297125,0,0,0,0
2.306163063,0,0,1,1
2.306163125,0,0,0,0
2.306646188,0,0,1,1
2.306646250,0,0,0,0
2.307248062,1,0,0,0
2.307248125,0,0,0,0
2.307668437,0,0,1,1
2.307668500,0,0,0,0
2.307786563,0,0,1,1
2.307786625,0,0,0,0
2.308024750,0,0,1,0
2.308024812,0,0,0,0
2.308206250,1,0,1,1
2.308206312,0,0,0,0
2.308686000,0,0,0,1
2.308686063,0,0,0,0
2.316042625,0,0,1,1
2.316042687,0,0,0,0
2.316463938,0,0,0,1
2.316464000,0,0,0,0
2.316644062,0,0,1,1
2.316644125,0,0,0,0
2.316704625,1,0,1,1
2.316704688,0,0,0,0
2.316765687,0,0,1,1
2.316765750,0,0,0,0
2.316825062,0,0,1,1
2.316825125,0,0,0,0
2.316885313,0,0,1,1
2.316885375,0,0,0,0
2.317303375,1,0,1,1
2.317303438,0,0,0,0
2.317480812,1,0,1,1
2.317480875,0,0,0,0
2.317781750,1,0,0,0
2.317781812,0,0,0,0
2.317842750,0,0,1,1
2.317842812,0,0,0,0
2.317902750,1,0,0,1
2.317902812,0,0,0,0
2.318262812,1,0,1,1
2.318262875,0,0,0,0
2.318382437,0,0,1,1
2.318382500,0,0,0,0
2.326556812,0,0,1,0
2.326556875,0,0,0,0
2.326615312,0,0,0,1
2.326615375,0,0,0,0
2.326732312,0,0,1,0
2.326732375,0,0,0,0
2.327380063,1,0,1,1
2.327380125,0,0,0,0
2.328158250,0,0,1,1
2.328158312,0,0,0,0
2.328218437,0,0,1,1
2.328218500,0,0,0,0
2.328278812,0,0,1,0
2.328278875,0,0,0,0
2.328518938,0,0,0,1
2.328519000,0,0,0,0
2.328579313,0,0,0,1
2.328579375,0,0,0,0
2.336032250,0,0,0,1
2.336032312,0,0,0,0
2.336210312,1,0,1,1
2.336210375,0,0,0,0
2.336270438,0,0,1,1
2.336270500,0,0,0,0
2.337227187,0,0,1,1
2.337227250,0,0,0,0
2.337405375,0,0,1,1
2.337405438,0,0,0,0
2.337825250,1,0,1,1
2.337825313,0,0,0,0
2.338416688,0,0,0,1
2.338416750,0,0,0,0
2.345937250,0,0,0,1
2.345937312,0,0,0,0
2.346485250,0,0,1,1
2.346485313,0,0,0,0
2.347024812,1,0,1,1
2.347024875,0,0,0,0
2.347381562,1,0,0,0
2.347381625,0,0,0,0
2.347622063,0,0,1,0
2.347622125,0,0,0,0
2.347682375,0,0,1,1
2.347682438,0,0,0,0
2.347801937,0,0,0,1
2.347802000,0,0,0,0
2.356468688,0,0,1,1
2.356468750,0,0,0,0
2.357126438,1,0,1,1
2.357126500,0,0,0,0
2.357426250,1,0,1,1
2.357426312,0,0,0,0
2.357485688,1,0,1,1
2.357485750,0,0,0,0
2.357787625,1,0,1,1
2.357787688,0,0,0,0
2.357848000,0,0,1,1
2.357848063,0,0,0,0
2.358088562,1,0,0,0
2.358088625,0,0,0,0
2.358325250,0,0,1,1
2.358325313,0,0,0,0
2.365856625,0,0,0,1
2.365856687,0,0,0,0
2.365917250,0,0,0,1
2.365917313,0,0,0,0
2.366518125,0,0,0,1
2.366518188,0,0,0,0
2.367242313,1,0,0,0
2.367242375,0,0,0,0
2.367302750,0,0,1,0
2.367302813,0,0,0,0
2.367907250,1,0,0,0
2.367907312,0,0,0,0
2.368026500,1,0,0,0
2.368026562,0,0,0,0
2.368510375,0,0,0,1
2.368510437,0,0,0,0
2.375950688,0,0,0,1
2.375950750,0,0,0,0
2.376790375,0,0,1,1
2.376790437,0,0,0,0
2.377512063,1,0,1,1
2.377512125,0,0,0,0
2.378052875,1,0,1,1
2.378052938,0,0,0,0
2.386125687,0,0,1,1
2.386125750,0,0,0,0
2.386186250,0,0,1,1
2.386186313,0,0,0,0
2.386307875,0,0,1,1
2.386307937,0,0,0,0
2.386368437,0,0,1,1
2.386368500,0,0,0,0
2.386489062,0,0,1,1
2.386489125,0,0,0,0
2.386549375,0,0,1,1
2.386549437,0,0,0,0
2.386609688,0,0,1,1
2.386609750,0,0,0,0
2.386730500,0,0,1,1
2.386730562,0,0,0,0
2.386972500,0,0,1,1
2.386972563,0,0,0,0
2.387272625,1,0,0,0
2.387272687,0,0,0,0
2.387569000,0,0,1,1
2.387569062,0,0,0,0
2.387628000,1,0,1,0
2.387628063,0,0,0,0
2.387793438,0,0,1,1
2.387793500,0,0,0,0
2.388007000,1,0,1,0
2.388007062,0,0,0,0
2.388059437,1,0,1,1
2.388059500,0,0,0,0
2.388162687,1,0,1,0
2.388162750,0,0,0,0
2.388264187,0,0,1,1
2.388264250,0,0,0,0
2.388466000,0,0,1,0
2.388466063,0,0,0,0
2.388665875,0,0,1,0
2.388665937,0,0,0,0
2.395975187,0,0,0,1
2.395975250,0,0,0,0
2.396035562,0,0,1,1
2.396035625,0,0,0,0
2.396876687,0,0,1,1
2.396876750,0,0,0,0
2.397236562,1,0,1,1
2.397236625,0,0,0,0
2.397356312,1,0,0,0
2.397356375,0,0,0,0
2.397660563,1,0,0,1
2.397660625,0,0,0,0
2.397720812,1,0,1,1
2.397720875,0,0,0,0
2.398142750,0,0,1,1
2.398142813,0,0,0,0
2.398203688,0,0,1,0
2.398203750,0,0,0,0
2.398323250,0,0,1,1
2.398323313,0,0,0,0
2.406336500,0,0,0,1
2.406336562,0,0,0,0
2.406517500,0,0,1,1
2.406517562,0,0,0,0
2.406759500,0,0,1,1
2.406759563,0,0,0,0
2.407418500,0,0,1,1
2.407418563,0,0,0,0
2.407477437,0,0,1,1
2.407477500,0,0,0,0
2.407838313,1,0,1,1
2.407838375,0,0,0,0
2.408138250,0,0,1,1
2.408138313,0,0,0,0
2.408559438,0,0,0,1
2.408559500,0,0,0,0
2.415965813,0,0,1,1
2.415965875,0,0,0,0
2.416027188,0,0,1,1
2.416027250,0,0,0,0
2.416390500,0,0,1,1
2.416390563,0,0,0,0
2.417058000,1,0,1,1
2.417058063,0,0,0,0
2.417178938,0,0,1,1
2.417179000,0,0,0,0
2.417720937,1,0,1,1
2.417721000,0,0,0,0
2.418023187,1,0,1,1
2.418023250,0,0,0,0
2.418204312,0,0,1,1
2.418204375,0,0,0,0
2.426035063,0,0,1,0
2.426035125,0,0,0,0
2.426998250,0,0,1,1
2.426998312,0,0,0,0
2.427582563,0,0,1,1
2.427582625,0,0,0,0
2.427752938,1,0,1,1
2.427753000,0,0,0,0
2.436598562,0,0,1,1
2.436598625,0,0,0,0
2.436658062,0,0,1,1
2.436658125,0,0,0,0
2.436778875,0,0,0,1
2.436778938,0,0,0,0
2.437372125,0,0,1,1
2.437372187,0,0,0,0
2.437601375,1,0,1,1
2.437601438,0,0,0,0
2.437717937,0,0,1,1
2.437718000,0,0,0,0
2.446127563,0,0,1,0
2.446127625,0,0,0,0
2.446491313,0,0,1,1
2.446491375,0,0,0,0
2.447100250,1,0,1,1
2.447100312,0,0,0,0
2.447162250,0,0,1,1
2.447162313,0,0,0,0
2.448259500,0,0,0,1
2.448259563,0,0,0,0
2.456581313,1,0,1,1
2.456581375,0,0,0,0
2.456821250,0,0,1,1
2.456821312,0,0,0,0
2.456881500,0,0,1,1
2.456881563,0,0,0,0
2.457604625,1,0,1,1
2.457604687,0,0,0,0
2.457725313,1,0,0,1
2.457725375,0,0,0,0
2.457963750,0,0,1,1
2.457963813,0,0,0,0
2.458141375,0,0,1,1
2.458141438,0,0,0,0
2.466323313,0,0,1,1
2.466323375,0,0,0,0
2.467161750,0,0,0,1
2.467161813,0,0,0,0
2.467283375,0,0,1,1
2.467283437,0,0,0,0
2.467646063,1,0,0,1
2.467646125,0,0,0,0
2.467706063,0,0,1,1
2.467706125,0,0,0,0
2.467824563,0,0,1,1
2.467824625,0,0,0,0
2.468306125,0,0,1,1
2.468306188,0,0,0,0
2.476627000,0,0,0,1
2.476627062,0,0,0,0
2.477345188,1,0,1,1
2.477345250,0,0,0,0
2.477761500,1,0,0,1
2.477761563,0,0,0,0
2.477942188,1,0,0,1
2.477942250,0,0,0,0
2.486114375,0,0,0,1
2.486114437,0,0,0,0
2.486236125,0,0,1,1
2.486236187,0,0,0,0
2.486779750,0,0,1,1
2.486779813,0,0,0,0
2.486838937,1,0,1,1
2.486839000,0,0,0,0
2.487442625,1,0,0,0
2.487442688,0,0,0,0
2.487623375,1,0,0,0
2.487623437,0,0,0,0
2.487924000,0,0,1,1
2.487924062,0,0,0,0
2.488105313,0,0,1,1
2.488105375,0,0,0,0
2.488346062,0,0,0,1
2.488346125,0,0,0,0
2.495869125,0,0,0,1
2.495869187,0,0,0,0
2.496174938,0,0,1,1
2.496175000,0,0,0,0
2.496661500,0,0,1,1
2.496661562,0,0,0,0
2.496784562,1,0,0,1
2.496784625,0,0,0,0
2.496967750,0,0,1,1
2.496967812,0,0,0,0
2.497330563,1,0,1,1
2.497330625,0,0,0,0
2.497391000,0,0,1,1
2.497391063,0,0,0,0
2.497690750,0,0,1,1
2.497690813,0,0,0,0
2.505744813,0,0,0,1
2.505744875,0,0,0,0
2.505989313,0,0,1,1
2.505989375,0,0,0,0
2.506170437,0,0,0,1
2.506170500,0,0,0,0
2.506472437,0,0,1,1
2.506472500,0,0,0,0
2.506835312,0,0,1,1
2.506835375,0,0,0,0
2.507016125,1,0,0,0
2.507016188,0,0,0,0
2.507135500,0,0,1,1
2.507135562,0,0,0,0
2.507255812,1,0,0,0
2.507255875,0,0,0,0
2.507315812,1,0,0,0
2.507315875,0,0,0,0
2.507674437,0,0,1,1
2.507674500,0,0,0,0
2.515974813,0,0,1,1
2.515974875,0,0,0,0
2.516034938,0,0,1,1
2.516035000,0,0,0,0
2.516153688,0,0,1,1
2.516153750,0,0,0,0
2.516457187,0,0,1,1
2.516457250,0,0,0,0
2.517297062,1,0,1,1
2.517297125,0,0,0,0
2.517598875,1,0,0,0
2.517598937,0,0,0,0
2.517658937,0,0,1,1
2.517659000,0,0,0,0
2.518018313,0,0,1,1
2.518018375,0,0,0,0
2.525802875,0,0,0,1
2.525802937,0,0,0,0
2.527010312,0,0,1,1
2.527010375,0,0,0,0
2.527071813,1,0,1,1
2.527071875,0,0,0,0
2.527133313,1,0,1,1
2.527133375,0,0,0,0
2.527317125,1,0,0,0
2.527317188,0,0,0,0
2.527557687,1,0,1,1
2.527557750,0,0,0,0
2.527618125,0,0,1,1
2.527618187,0,0,0,0
2.527740812,0,0,0,1
2.527740875,0,0,0,0
2.535830500,0,0,1,1
2.535830563,0,0,0,0
2.537069375,1,0,1,1
2.537069438,0,0,0,0
2.537184500,0,0,1,1
2.537184562,0,0,0,0
2.545741625,0,0,1,1
2.545741688,0,0,0,0
2.545862375,0,0,0,1
2.545862437,0,0,0,0
2.545983313,0,0,1,1
2.545983375,0,0,0,0
2.546165000,0,0,0,1
2.546165063,0,0,0,0
2.546583437,0,0,1,0
2.546583500,0,0,0,0
2.547301125,1,0,1,1
2.547301188,0,0,0,0
2.547479688,0,0,1,1
2.547479750,0,0,0,0
2.547720500,0,0,1,1
2.547720562,0,0,0,0
2.548079500,0,0,1,1
2.548079562,0,0,0,0
2.548200875,0,0,0,1
2.548200937,0,0,0,0
2.548260875,0,0,1,1
2.548260937,0,0,0,0
2.555735938,0,0,0,1
2.555736000,0,0,0,0
2.556035437,1,0,1,1
2.556035500,0,0,0,0
2.556698875,1,0,1,1
2.556698938,0,0,0,0
2.556877375,1,0,1,1
2.556877437,0,0,0,0
2.556937813,1,0,0,1
2.556937875,0,0,0,0
2.557178687,0,0,0,1
2.557178750,0,0,0,0
2.565557750,0,0,1,1
2.565557812,0,0,0,0
2.565979562,0,0,1,1
2.565979625,0,0,0,0
2.566881062,0,0,1,1
2.566881125,0,0,0,0
2.567060313,0,0,1,1
2.567060375,0,0,0,0
2.567119750,0,0,1,1
2.567119813,0,0,0,0
2.567180187,1,0,1,1
2.567180250,0,0,0,0
2.567241188,1,0,0,0
2.567241250,0,0,0,0
2.575835688,0,0,1,1
2.575835750,0,0,0,0
2.575896125,1,0,1,1
2.575896188,0,0,0,0
2.576136000,0,0,1,1
2.576136062,0,0,0,0
2.576194563,0,0,1,1
2.576194625,0,0,0,0
2.576254875,0,0,1,1
2.576254937,0,0,0,0
2.576315437,1,0,0,1
2.576315500,0,0,0,0
2.577163500,0,0,1,1
2.577163563,0,0,0,0
2.577223688,0,0,1,1
2.577223750,0,0,0,0
2.577344937,0,0,1,1
2.577345000,0,0,0,0
2.577585125,1,0,0,1
2.577585187,0,0,0,0
2.577705250,0,0,1,1
2.577705313,0,0,0,0
2.577763625,0,0,1,1
2.577763688,0,0,0,0
2.577941188,0,0,1,0
2.577941250,0,0,0,0
2.578000563,1,0,1,1
2.578000625,0,0,0,0
2.585910000,0,0,1,1
2.585910062,0,0,0,0
2.586868187,0,0,1,0
2.586868250,0,0,0,0
2.586928187,0,0,1,1
2.586928250,0,0,0,0
2.586987312,0,0,1,1
2.586987375,0,0,0,0
2.587287625,0,0,1,1
2.587287687,0,0,0,0
2.587526250,1,0,0,1
2.587526313,0,0,0,0
2.587768812,1,0,1,1
2.587768875,0,0,0,0
2.587949688,1,0,1,1
2.587949750,0,0,0,0
2.588190438,0,0,1,1
2.588190500,0,0,0,0
2.595906563,0,0,0,1
2.595906625,0,0,0,0
2.596090000,0,0,1,1
2.596090063,0,0,0,0
2.596337625,0,0,1,1
2.596337688,0,0,0,0
2.596646687,1,0,0,0
2.596646750,0,0,0,0
2.596953313,1,0,1,1
2.596953375,0,0,0,0
2.597320563,1,0,1,1
2.597320625,0,0,0,0
2.597567000,1,0,1,1
2.597567063,0,0,0,0
2.597873250,1,0,1,1
2.597873312,0,0,0,0
2.605803000,0,0,0,1
2.605803063,0,0,0,0
2.606345312,0,0,1,1
2.606345375,0,0,0,0
2.607545062,0,0,1,0
2.607545125,0,0,0,0
2.607964687,0,0,0,1
2.607964750,0,0,0,0
2.615970438,0,0,1,1
2.615970500,0,0,0,0
2.616214750,0,0,0,1
2.616214812,0,0,0,0
2.616274312,0,0,1,1
2.616274375,0,0,0,0
2.616334812,0,0,0,1
2.616334875,0,0,0,0
2.616455938,0,0,1,0
2.616456000,0,0,0,0
2.616697063,0,0,1,1
2.616697125,0,0,0,0
2.616758125,0,0,1,1
2.616758187,0,0,0,0
2.616936625,1,0,0,0
2.616936687,0,0,0,0
2.617239875,0,0,1,1
2.617239937,0,0,0,0
2.617360188,1,0,1,1
2.617360250,0,0,0,0
2.617780563,1,0,1,1
2.617780625,0,0,0,0
2.617961312,1,0,1,1
2.617961375,0,0,0,0
2.626685188,0,0,1,1
2.626685250,0,0,0,0
2.627159500,0,0,1,1
2.627159563,0,0,0,0
2.627635063,0,0,1,1
2.627635125,0,0,0,0
2.627753312,0,0,1,1
2.627753375,0,0,0,0
2.628054125,0,0,1,1
2.628054188,0,0,0,0
2.635511063,0,0,0,1
2.635511125,0,0,0,0
2.636591188,0,0,0,1
2.636591250,0,0,0,0
2.636711187,1,0,1,1
2.636711250,0,0,0,0
2.636832313,1,0,1,1
2.636832375,0,0,0,0
2.636863438,0,0,0,1
2.636863562,0,1,1,1
2.636864437,1,1,1,1
2.686861625,1,1,1,0
2.686861750,1,0,1,0
2.686862062,1,0,0,0
2.686862937,0,0,0,0
2.686868313,0,0,1,1
2.686868375,0,0,0,0
2.686929437,1,0,0,0
2.686929500,0,0,0,0
2.687350750,0,0,1,1
2.687350812,0,0,0,0
2.687833750,1,0,0,1
2.687833813,0,0,0,0
2.695666188,0,0,1,1
2.695666250,0,0,0,0
2.695921063,0,0,1,1
2.695921125,0,0,0,0
2.695972000,0,0,1,1
2.695972063,0,0,0,0
2.696022937,0,0,1,1
2.696023000,0,0,0,0
2.696123062,0,0,1,1
2.696123125,0,0,0,0
2.696270312,0,0,1,0
2.696270375,0,0,0,0
2.696319375,0,0,1,1
2.696319438,0,0,0,0
2.696368437,1,0,1,1
2.696368500,0,0,0,0
2.696564562,0,0,1,1
2.696564625,0,0,0,0
2.696613563,0,0,1,1
2.696613625,0,0,0,0
2.696760500,0,0,1,1
2.696760563,0,0,0,0
2.697183813,1,0,1,1
2.697183875,0,0,0,0
2.697633375,0,0,1,1
2.697633437,0,0,0,0
2.697867250,1,0,1,1
2.697867313,0,0,0,0
2.705422688,0,0,0,1
2.705422750,0,0,0,0
2.705846312,0,0,1,1
2.705846375,0,0,0,0
2.706451937,0,0,1,1
2.706452000,0,0,0,0
2.706753625,0,0,1,1
2.706753688,0,0,0,0
2.707770500,1,0,1,1
2.707770562,0,0,0,0
2.707950938,0,0,0,1
2.707951000,0,0,0,0
2.715665562,0,0,1,1
2.715665625,0,0,0,0
2.715846625,0,0,1,1
2.715846688,0,0,0,0
2.716086625,1,0,0,0
2.716086687,0,0,0,0
2.716146750,0,0,0,1
2.716146813,0,0,0,0
2.716206000,0,0,1,1
2.716206062,0,0,0,0
2.716385625,0,0,0,1
2.716385687,0,0,0,0
2.716868687,1,0,0,0
2.716868750,0,0,0,0
2.717045625,1,0,1,1
2.717045688,0,0,0,0
2.717225187,1,0,1,1
2.717225250,0,0,0,0
2.725616750,0,0,0,1
2.725616813,0,0,0,0
2.726037875,0,0,1,1
2.726037938,0,0,0,0
2.726330562,0,0,1,0
2.726330625,0,0,0,0
2.726676500,0,0,1,1
2.726676562,0,0,0,0
2.727256625,1,0,1,1
2.727256688,0,0,0,0
2.727611625,0,0,1,1
2.727611688,0,0,0,0
2.727789250,0,0,1,1
2.727789313,0,0,0,0
2.735605812,0,0,1,1
2.735605875,0,0,0,0
2.735963000,0,0,1,0
2.735963063,0,0,0,0
2.736437500,0,0,0,1
2.736437562,0,0,0,0
2.736556875,0,0,0,1
2.736556938,0,0,0,0
2.737160625,1,0,0,0
2.737160687,0,0,0,0
2.737280000,1,0,1,1
2.737280062,0,0,0,0
2.737462750,1,0,1,1
2.737462813,0,0,0,0
2.737583125,1,0,0,1
2.737583187,0,0,0,0
2.737763812,0,0,1,1
2.737763875,0,0,0,0
2.745775813,0,0,1,1
2.745775875,0,0,0,0
2.745895250,1,0,0,0
2.745895313,0,0,0,0
2.745955500,0,0,1,1
2.745955562,0,0,0,0
2.746136875,0,0,1,1
2.746136938,0,0,0,0
2.746378500,0,0,1,1
2.746378562,0,0,0,0
2.746798250,1,0,0,1
2.746798313,0,0,0,0
2.747039187,0,0,1,1
2.747039250,0,0,0,0
2.747098187,0,0,1,0
2.747098250,0,0,0,0
2.747875062,0,0,0,1
2.747875125,0,0,0,0
2.755508938,0,0,0,1
2.755509000,0,0,0,0
2.755692125,0,0,1,1
2.755692187,0,0,0,0
2.756718063,0,0,1,1
2.756718125,0,0,0,0
2.756895625,0,0,1,1
2.756895688,0,0,0,0
2.757196375,1,0,0,1
2.757196438,0,0,0,0
2.757316000,1,0,1,1
2.757316063,0,0,0,0
2.757557563,1,0,1,1
2.757557625,0,0,0,0
2.757677875,0,0,1,1
2.757677938,0,0,0,0
2.757738188,1,0,1,1
2.757738250,0,0,0,0
2.765405063,0,0,1,0
2.765405125,0,0,0,0
2.765646563,0,0,1,0
2.765646625,0,0,0,0
2.765707187,0,0,1,1
2.765707250,0,0,0,0
2.765828375,0,0,1,1
2.765828438,0,0,0,0
2.766009937,0,0,1,1
2.766010000,0,0,0,0
2.766070250,0,0,1,1
2.766070313,0,0,0,0
2.766611250,0,0,1,1
2.766611312,0,0,0,0
2.766852937,1,0,1,1
2.766853000,0,0,0,0
2.767092562,0,0,1,0
2.767092625,0,0,0,0
2.767212000,0,0,1,1
2.767212063,0,0,0,0
2.767272188,0,0,1,1
2.767272250,0,0,0,0
2.767694313,1,0,1,1
2.767694375,0,0,0,0
2.767754250,0,0,1,1
2.767754313,0,0,0,0
2.767812688,0,0,0,1
2.767812750,0,0,0,0
2.775834062,0,0,1,1
2.775834125,0,0,0,0
2.776855687,0,0,1,1
2.776855750,0,0,0,0
2.777033625,0,0,1,1
2.777033687,0,0,0,0
2.777325687,1,0,1,1
2.777325750,0,0,0,0
2.777501187,1,0,1,1
2.777501250,0,0,0,0
2.785392687,0,0,0,1
2.785392750,0,0,0,0
2.785453250,0,0,0,1
2.785453313,0,0,0,0
2.785695188,0,0,1,1
2.785695250,0,0,0,0
2.785995563,0,0,1,1
2.785995625,0,0,0,0
2.786175437,0,0,1,1
2.786175500,0,0,0,0
2.786656125,0,0,1,1
2.786656188,0,0,0,0
2.786773437,0,0,1,1
2.786773500,0,0,0,0
2.787015063,1,0,0,0
2.787015125,0,0,0,0
2.787370250,1,0,0,0
2.787370312,0,0,0,0
2.787972687,0,0,0,1
2.787972750,0,0,0,0
2.795759875,0,0,1,1
2.795759938,0,0,0,0
2.795820438,1,0,0,1
2.795820500,0,0,0,0
2.796183125,0,0,1,1
2.796183188,0,0,0,0
2.796606000,1,0,0,1
2.796606062,0,0,0,0
2.796666375,0,0,1,1
2.796666437,0,0,0,0
2.797140125,0,0,1,0
2.797140188,0,0,0,0
2.797197062,1,0,1,1
2.797197125,0,0,0,0
2.797351250,0,0,1,1
2.797351313,0,0,0,0
2.797719187,0,0,1,1
2.797719250,0,0,0,0
2.806896313,1,0,1,1
2.806896375,0,0,0,0
2.807017062,0,0,1,0
2.807017125,0,0,0,0
2.807077125,0,0,1,1
2.807077188,0,0,0,0
2.807306937,0,0,1,1
2.807307000,0,0,0,0
2.807710875,1,0,1,1
2.807710938,0,0,0,0
2.808060375,0,0,0,1
2.808060438,0,0,0,0
2.815593938,0,0,0,1
2.815594000,0,0,0,0
2.815771000,0,0,1,1
2.815771063,0,0,0,0
2.816006563,1,0,1,1
2.816006625,0,0,0,0
2.817079875,1,0,1,1
2.817079937,0,0,0,0
2.817140063,1,0,0,0
2.817140125,0,0,0,0
2.817683250,0,0,1,1
2.817683312,0,0,0,0
2.825250937,0,0,0,1
2.825251000,0,0,0,0
2.825797000,0,0,1,1
2.825797062,0,0,0,0
2.825918188,0,0,1,1
2.825918250,0,0,0,0
2.826344625,0,0,1,1
2.826344687,0,0,0,0
2.827067375,0,0,1,1
2.827067437,0,0,0,0
2.827127812,0,0,1,1
2.827127875,0,0,0,0
2.827539063,0,0,1,0
2.827539125,0,0,0,0
2.836011313,0,0,1,1
2.836011375,0,0,0,0
2.836183625,0,0,1,1
2.836183688,0,0,0,0
2.836535313,1,0,0,1
2.836535375,0,0,0,0
2.836593500,0,0,1,1
2.836593563,0,0,0,0
2.836829938,0,0,1,1
2.836830000,0,0,0,0
2.837007063,0,0,1,1
2.837007125,0,0,0,0
2.837245000,1,0,1,1
2.837245063,0,0,0,0
2.837304937,1,0,1,1
2.837305000,0,0,0,0
2.837363312,1,0,1,1
2.837363375,0,0,0,0
2.837663188,1,0,1,1
2.837663250,0,0,0,0
2.845705062,0,0,0,1
2.845705125,0,0,0,0
2.845996500,0,0,1,1
2.845996562,0,0,0,0
2.846229812,0,0,0,1
2.846229875,0,0,0,0
2.846288250,0,0,0,1
2.846288313,0,0,0,0
2.846346750,1,0,0,0
2.846346813,0,0,0,0
2.846463125,0,0,1,1
2.846463187,0,0,0,0
2.846813250,1,0,1,1
2.846813313,0,0,0,0
2.846871625,1,0,1,1
2.846871688,0,0,0,0
2.846930000,0,0,1,1
2.846930062,0,0,0,0
2.847105750,1,0,1,1
2.847105813,0,0,0,0
2.847399438,0,0,1,1
2.847399500,0,0,0,0
2.847635687,1,0,1,1
2.847635750,0,0,0,0
2.855566750,0,0,1,1
2.855566813,0,0,0,0
2.855807875,1,0,0,0
2.855807937,0,0,0,0
2.856226687,1,0,1,1
2.856226750,0,0,0,0
2.857183875,0,0,1,1
2.857183937,0,0,0,0
2.857364000,1,0,1,1
2.857364062,0,0,0,0
2.857424375,0,0,1,1
2.857424438,0,0,0,0
2.857607875,1,0,1,1
2.857607938,0,0,0,0
2.865839812,0,0,1,1
2.865839875,0,0,0,0
2.865898313,0,0,1,1
2.865898375,0,0,0,0
2.866674312,0,0,1,1
2.866674375,0,0,0,0
2.866976312,1,0,0,1
2.866976375,0,0,0,0
2.867035688,1,0,1,1
2.867035750,0,0,0,0
2.867216313,0,0,1,1
2.867216375,0,0,0,0
2.867398062,0,0,1,1
2.867398125,0,0,0,0
2.867457375,0,0,1,1
2.867457438,0,0,0,0
2.867577750,1,0,1,1
2.867577812,0,0,0,0
2.867758312,0,0,0,1
2.867758375,0,0,0,0
2.875414312,0,0,1,1
2.875414375,0,0,0,0
2.876075688,0,0,1,1
2.876075750,0,0,0,0
2.876254562,0,0,1,0
2.876254625,0,0,0,0
2.876555750,0,0,1,1
2.876555812,0,0,0,0
2.876615188,0,0,1,0
2.876615250,0,0,0,0
2.876856875,1,0,1,1
2.876856937,0,0,0,0
2.877158375,1,0,1,1
2.877158437,0,0,0,0
2.877395313,0,0,1,1
2.877395375,0,0,0,0
2.877578312,1,0,1,1
2.877578375,0,0,0,0
2.885652875,0,0,0,1
2.885652938,0,0,0,0
2.885713250,0,0,1,1
2.885713313,0,0,0,0
2.885833625,0,0,1,1
2.885833687,0,0,0,0
2.886371500,1,0,0,0
2.886371562,0,0,0,0
2.886493188,0,0,1,1
2.886493250,0,0,0,0
2.887094625,1,0,1,1
2.887094687,0,0,0,0
2.895585500,0,0,0,1
2.895585562,0,0,0,0
2.895645062,0,0,1,1
2.895645125,0,0,0,0
2.895705438,0,0,1,1
2.895705500,0,0,0,0
2.895766000,0,0,1,0
2.895766062,0,0,0,0
2.896731000,0,0,1,1
2.896731062,0,0,0,0
2.897333875,1,0,0,0
2.897333938,0,0,0,0
2.897516625,0,0,0,1
2.897516688,0,0,0,0
2.905217125,0,0,0,1
2.905217187,0,0,0,0
2.905950563,0,0,1,1
2.905950625,0,0,0,0
2.906600062,1,0,0,1
2.906600125,0,0,0,0
2.906833687,0,0,1,0
2.906833750,0,0,0,0
2.907009813,0,0,1,1
2.907009875,0,0,0,0
2.907304875,1,0,1,1
2.907304938,0,0,0,0
2.907601813,1,0,1,1
2.907601875,0,0,0,0
2.916083438,1,0,0,1
2.916083500,0,0,0,0
2.916260438,1,0,1,1
2.916260500,0,0,0,0
2.916438000,1,0,1,1
2.916438063,0,0,0,0
2.916554500,1,0,0,0
2.916554563,0,0,0,0
2.916849500,0,0,1,0
2.916849562,0,0,0,0
2.916908875,0,0,1,1
2.916908938,0,0,0,0
2.916969000,0,0,1,1
2.916969063,0,0,0,0
2.917326062,1,0,1,1
2.917326125,0,0,0,0
2.917386000,1,0,1,1
2.917386062,0,0,0,0
2.917504062,0,0,1,1
2.917504125,0,0,0,0
2.925746875,0,0,0,1
2.925746938,0,0,0,0
2.925867938,0,0,1,1
2.925868000,0,0,0,0
2.926170500,0,0,1,1
2.926170562,0,0,0,0
2.926230875,0,0,1,1
2.926230938,0,0,0,0
2.926351687,1,0,0,0
2.926351750,0,0,0,0
2.926773375,1,0,1,1
2.926773438,0,0,0,0
2.927252687,1,0,0,0
2.927252750,0,0,0,0
2.927433875,1,0,0,1
2.927433938,0,0,0,0
2.927854625,0,0,0,1
2.927854687,0,0,0,0
2.935288375,0,0,1,1
2.935288438,0,0,0,0
2.935706250,0,0,1,1
2.935706312,0,0,0,0
2.936009187,0,0,1,0
2.936009250,0,0,0,0
2.936432375,1,0,1,1
2.936432438,0,0,0,0
2.936854312,0,0,1,1
2.936854375,0,0,0,0
2.936915375,1,0,1,1
2.936915438,0,0,0,0
2.937036937,0,0,1,1
2.937037000,0,0,0,0
2.937097375,0,0,1,1
2.937097437,0,0,0,0
2.937158375,1,0,0,0
2.937158437,0,0,0,0
2.937519500,1,0,1,1
2.937519562,0,0,0,0
2.945346438,0,0,1,1
2.945346500,0,0,0,0
2.945587625,0,0,1,1
2.945587688,0,0,0,0
2.945646875,0,0,1,1
2.945646937,0,0,0,0
2.945886438,0,0,1,1
2.945886500,0,0,0,0
2.945946500,0,0,1,1
2.945946563,0,0,0,0
2.946064125,1,0,0,0
2.946064188,0,0,0,0
2.946300063,0,0,1,1
2.946300125,0,0,0,0
2.946358313,0,0,1,1
2.946358375,0,0,0,0
2.946592562,1,0,1,1
2.946592625,0,0,0,0
2.946708188,0,0,1,1
2.946708250,0,0,0,0
2.946766625,0,0,1,1
2.946766687,0,0,0,0
2.947118000,0,0,1,1
2.947118062,0,0,0,0
2.956334625,0,0,1,1
2.956334688,0,0,0,0
2.956632438,1,0,1,1
2.956632500,0,0,0,0
2.956752750,0,0,1,1
2.956752812,0,0,0,0
2.956812875,0,0,1,1
2.956812938,0,0,0,0
2.956932875,1,0,1,1
2.956932937,0,0,0,0
2.957169813,1,0,1,1
2.957169875,0,0,0,0
2.957474687,1,0,1,1
2.957474750,0,0,0,0
2.965332688,0,0,1,0
2.965332750,0,0,0,0
2.965694875,0,0,1,1
2.965694937,0,0,0,0
2.965874625,1,0,1,1
2.965874688,0,0,0,0
2.966414125,0,0,0,1
2.966414187,0,0,0,0
2.966777937,1,0,0,1
2.966778000,0,0,0,0
2.966837125,0,0,1,1
2.966837187,0,0,0,0
2.966897438,0,0,1,1
2.966897500,0,0,0,0
2.967139625,1,0,0,0
2.967139688,0,0,0,0
2.975286375,0,0,1,1
2.975286437,0,0,0,0
2.975406875,0,0,1,1
2.975406937,0,0,0,0
2.975702437,0,0,1,0
2.975702500,0,0,0,0
2.975762813,1,0,1,1
2.975762875,0,0,0,0
2.975824000,0,0,1,1
2.975824063,0,0,0,0
2.976123938,1,0,0,0
2.976124000,0,0,0,0
2.976241938,0,0,1,1
2.976242000,0,0,0,0
2.976422750,0,0,1,1
2.976422813,0,0,0,0
2.976904125,1,0,1,1
2.976904188,0,0,0,0
2.976964250,1,0,1,1
2.976964312,0,0,0,0
2.985325813,0,0,1,1
2.985325875,0,0,0,0
2.985567250,0,0,1,1
2.985567313,0,0,0,0
2.985628437,0,0,1,0
2.985628500,0,0,0,0
2.985870375,1,0,1,1
2.985870438,0,0,0,0
2.986051500,0,0,1,1
2.986051563,0,0,0,0
2.986416500,1,0,1,1
2.986416563,0,0,0,0
2.986537438,1,0,0,1
2.986537500,0,0,0,0
2.987079750,0,0,1,1
2.987079813,0,0,0,0
2.995339750,0,0,1,1
2.995339813,0,0,0,0
2.995460375,0,0,1,1
2.995460437,0,0,0,0
2.995762313,0,0,1,1
2.995762375,0,0,0,0
2.995943250,0,0,0,1
2.995943313,0,0,0,0
2.996304250,0,0,0,1
2.996304312,0,0,0,0
2.996604313,0,0,1,1
2.996604375,0,0,0,0
2.997386688,1,0,1,1
2.997386750,0,0,0,0
2.997446062,0,0,1,1
2.997446125,0,0,0,0
3.005219687,0,0,0,1
3.005219750,0,0,0,0
3.005712125,0,0,1,1
3.005712187,0,0,0,0
3.005773562,0,0,0,1
3.005773625,0,0,0,0
3.005835750,1,0,0,0
3.005835812,0,0,0,0
3.006083875,1,0,1,1
3.006083938,0,0,0,0
3.006453750,1,0,1,1
3.006453813,0,0,0,0
3.006639813,1,0,0,0
3.006639875,0,0,0,0
3.006702250,1,0,1,1
3.006702312,0,0,0,0
3.006764625,0,0,1,1
3.006764688,0,0,0,0
3.007322187,1,0,1,1
3.007322250,0,0,0,0
3.007569188,0,0,1,1
3.007569250,0,0,0,0
3.015340000,1,0,0,1
3.015340062,0,0,0,0
3.015398063,0,0,0,1
3.015398125,0,0,0,0
3.016286562,0,0,1,1
3.016286625,0,0,0,0
3.016346813,1,0,1,1
3.016346875,0,0,0,0
3.016827500,1,0,1,1
3.016827563,0,0,0,0
3.017191000,1,0,0,0
3.017191062,0,0,0,0
3.017250875,1,0,1,1
3.017250938,0,0,0,0
3.017369937,1,0,1,1
3.017370000,0,0,0,0
3.025020250,0,0,0,1
3.025020313,0,0,0,0
3.025202875,0,0,0,1
3.025202938,0,0,0,0
3.025569313,0,0,0,1
3.025569375,0,0,0,0
3.025747125,0,0,1,1
3.025747187,0,0,0,0
3.025805188,0,0,1,1
3.025805250,0,0,0,0
3.026034125,1,0,1,1
3.026034188,0,0,0,0
3.026564250,1,0,1,1
3.026564313,0,0,0,0
3.026683063,0,0,1,1
3.026683125,0,0,0,0
3.026861250,1,0,0,0
3.026861312,0,0,0,0
3.027156625,0,0,1,1
3.027156688,0,0,0,0
3.027215813,0,0,1,1
3.027215875,0,0,0,0
3.027275937,1,0,1,1
3.027276000,0,0,0,0
3.027456187,0,0,1,1
3.027456250,0,0,0,0
3.027515312,0,0,1,1
3.027515375,0,0,0,0
3.035524125,0,0,1,1
3.035524188,0,0,0,0
3.035765875,0,0,1,1
3.035765937,0,0,0,0
3.035826125,1,0,1,1
3.035826188,0,0,0,0
3.036244062,0,0,1,1
3.036244125,0,0,0,0
3.036304500,1,0,1,1
3.036304562,0,0,0,0
3.036425500,1,0,1,1
3.036425562,0,0,0,0
3.045652500,0,0,1,1
3.045652562,0,0,0,0
3.045892813,0,0,1,1
3.045892875,0,0,0,0
3.047213688,0,0,1,1
3.047213750,0,0,0,0
3.055874812,1,0,0,1
3.055874875,0,0,0,0
3.055935938,1,0,1,1
3.055936000,0,0,0,0
3.056475625,1,0,0,0
3.056475687,0,0,0,0
3.056712375,1,0,0,0
3.056712437,0,0,0,0
3.056772625,1,0,1,1
3.056772688,0,0,0,0
3.057013438,1,0,0,0
3.057013500,0,0,0,0
3.057134000,0,0,1,1
3.057134062,0,0,0,0
3.065595750,0,0,1,1
3.065595812,0,0,0,0
3.065656250,1,0,1,1
3.065656312,0,0,0,0
3.065716750,0,0,1,1
3.065716812,0,0,0,0
3.066256375,1,0,1,1
3.066256437,0,0,0,0
3.066438000,1,0,1,1
3.066438063,0,0,0,0
3.066799125,1,0,1,1
3.066799188,0,0,0,0
3.066980062,0,0,1,1
3.066980125,0,0,0,0
3.067217375,0,0,1,1
3.067217438,0,0,0,0
3.067396750,0,0,1,1
3.067396813,0,0,0,0
3.075362688,0,0,1,1
3.075362750,0,0,0,0
3.075966125,0,0,1,1
3.075966188,0,0,0,0
3.076025625,1,0,1,1
3.076025688,0,0,0,0
3.076146125,0,0,1,1
3.076146188,0,0,0,0
3.076507938,1,0,0,0
3.076508000,0,0,0,0
3.076985125,1,0,1,1
3.076985188,0,0,0,0
3.077105250,1,0,1,1
3.077105312,0,0,0,0
3.077343375,0,0,1,1
3.077343438,0,0,0,0
3.084940250,0,0,1,0
3.084940312,0,0,0,0
3.085235937,0,0,1,1
3.085236000,0,0,0,0
3.085334125,0,0,1,1
3.085334187,0,0,0,0
3.085432250,0,0,1,1
3.085432313,0,0,0,0
3.085948750,0,0,1,1
3.085948812,0,0,0,0
3.086005062,0,0,1,1
3.086005125,0,0,0,0
3.086338875,1,0,1,1
3.086338937,0,0,0,0
3.086395937,0,0,1,1
3.086396000,0,0,0,0
3.086510875,0,0,1,1
3.086510937,0,0,0,0
3.095682750,0,0,1,1
3.095682813,0,0,0,0
3.095743250,0,0,1,1
3.095743312,0,0,0,0
3.097369062,0,0,0,1
3.097369125,0,0,0,0
3.104828875,0,0,1,0
3.104828938,0,0,0,0
3.104881250,0,0,1,0
3.104881312,0,0,0,0
3.105391062,0,0,1,1
3.105391125,0,0,0,0
3.105734437,0,0,1,1
3.105734500,0,0,0,0
3.105881437,1,0,1,1
3.105881500,0,0,0,0
3.106175125,0,0,1,1
3.106175187,0,0,0,0
3.106276500,0,0,1,1
3.106276563,0,0,0,0
3.106545875,1,0,1,1
3.106545937,0,0,0,0
3.107051125,0,0,1,1
3.107051188,0,0,0,0
3.107226750,1,0,1,1
3.107226812,0,0,0,0
3.115004187,0,0,0,1
3.115004250,0,0,0,0
3.115590000,0,0,0,1
3.115590062,0,0,0,0
3.116181062,1,0,1,1
3.116181125,0,0,0,0
3.116842250,0,0,1,1
3.116842313,0,0,0,0
3.117201625,1,0,0,1
3.117201688,0,0,0,0
3.125185812,0,0,0,1
3.125185875,0,0,0,0
3.125425375,0,0,1,1
3.125425438,0,0,0,0
3.125485687,1,0,1,1
3.125485750,0,0,0,0
3.126029250,0,0,1,1
3.126029313,0,0,0,0
3.126209375,1,0,0,0
3.126209438,0,0,0,0
3.126754062,1,0,0,1
3.126754125,0,0,0,0
3.126875313,1,0,0,0
3.126875375,0,0,0,0
3.126996500,0,0,1,1
3.126996563,0,0,0,0
3.127117375,1,0,1,1
3.127117437,0,0,0,0
3.135143938,0,0,1,1
3.135144000,0,0,0,0
3.135325438,0,0,1,0
3.135325500,0,0,0,0
3.135807375,0,0,1,1
3.135807438,0,0,0,0
3.136406813,1,0,0,1
3.136406875,0,0,0,0
3.136467750,0,0,1,1
3.136467812,0,0,0,0
3.136587313,0,0,1,1
3.136587375,0,0,0,0
3.136947437,1,0,1,1
3.136947500,0,0,0,0
3.145491187,0,0,1,1
3.145491250,0,0,0,0
3.145840312,0,0,1,1
3.145840375,0,0,0,0
3.145899750,0,0,1,1
3.145899813,0,0,0,0
3.146018063,1,0,1,1
3.146018125,0,0,0,0
3.146195750,1,0,0,0
3.146195812,0,0,0,0
3.146255875,0,0,1,1
3.146255937,0,0,0,0
3.146911938,0,0,1,1
3.146912000,0,0,0,0
3.146970875,1,0,1,1
3.146970937,0,0,0,0
3.155235687,0,0,1,1
3.155235750,0,0,0,0
3.155730688,0,0,0,1
3.155730750,0,0,0,0
3.155786937,1,0,1,1
3.155787000,0,0,0,0
3.156278687,0,0,0,1
3.156278750,0,0,0,0
3.156443500,1,0,1,1
3.156443562,0,0,0,0
3.156500375,1,0,1,1
3.156500437,0,0,0,0
3.156669875,0,0,1,1
3.156669937,0,0,0,0
3.157072875,1,0,1,1
3.157072938,0,0,0,0
3.157130875,1,0,1,1
3.157130938,0,0,0,0
3.165330937,0,0,1,1
3.165331000,0,0,0,0
3.165390063,1,0,1,1
3.165390125,0,0,0,0
3.165669187,0,0,1,1
3.165669250,0,0,0,0
3.166401937,1,0,1,1
3.166402000,0,0,0,0
3.166505187,1,0,1,1
3.166505250,0,0,0,0
3.166555938,1,0,0,0
3.166556000,0,0,0,0
3.166608313,1,0,1,1
3.166608375,0,0,0,0
3.166660687,0,0,1,1
3.166660750,0,0,0,0
3.166769187,0,0,1,0
3.166769250,0,0,0,0
3.166821563,0,0,1,1
3.166821625,0,0,0,0
3.175384188,1,0,1,1
3.175384250,0,0,0,0
3.175443750,1,0,0,0
3.175443813,0,0,0,0
3.175736750,0,0,1,1
3.175736812,0,0,0,0
3.175793750,1,0,1,1
3.175793812,0,0,0,0
3.176476375,1,0,0,1
3.176476437,0,0,0,0
3.176593062,1,0,1,1
3.176593125,0,0,0,0
3.176651437,1,0,1,1
3.176651500,0,0,0,0
3.176709687,1,0,0,1
3.176709750,0,0,0,0
3.176767625,1,0,0,0
3.176767687,0,0,0,0
3.176996187,0,0,1,1
3.176996250,0,0,0,0
3.177054188,0,0,1,1
3.177054250,0,0,0,0
3.184999375,0,0,1,1
3.184999438,0,0,0,0
3.185058812,0,0,1,1
3.185058875,0,0,0,0
3.185363938,0,0,1,1
3.185364000,0,0,0,0
3.185666000,0,0,1,1
3.185666063,0,0,0,0
3.185787125,0,0,1,1
3.185787187,0,0,0,0
3.186448125,1,0,0,1
3.186448187,0,0,0,0
3.186628875,1,0,1,1
3.186628938,0,0,0,0
3.187291625,0,0,1,1
3.187291688,0,0,0,0
3.187352000,0,0,0,1
3.187352063,0,0,0,0
3.187472812,0,0,0,1
3.187472875,0,0,0,0
3.194981312,0,0,1,1
3.194981375,0,0,0,0
3.195398750,1,0,1,1
3.195398813,0,0,0,0
3.195818062,0,0,1,0
3.195818125,0,0,0,0
3.196177188,1,0,1,1
3.196177250,0,0,0,0
3.196355188,1,0,1,1
3.196355250,0,0,0,0
3.196414625,1,0,1,1
3.196414687,0,0,0,0
3.196657062,0,0,1,1
3.196657125,0,0,0,0
3.196837937,0,0,1,1
3.196838000,0,0,0,0
3.196957438,1,0,0,1
3.196957500,0,0,0,0
3.197197125,1,0,1,1
3.197197188,0,0,0,0
3.197257313,0,0,1,1
3.197257375,0,0,0,0
3.204925187,0,0,1,1
3.204925250,0,0,0,0
3.205408687,1,0,1,1
3.205408750,0,0,0,0
3.205888750,0,0,0,1
3.205888813,0,0,0,0
3.206069563,0,0,1,1
3.206069625,0,0,0,0
3.206128563,0,0,1,1
3.206128625,0,0,0,0
3.206517875,0,0,1,1
3.206517938,0,0,0,0
3.206727625,0,0,1,0
3.206727687,0,0,0,0
3.206881625,0,0,1,1
3.206881688,0,0,0,0
3.207229687,0,0,1,1
3.207229750,0,0,0,0
3.207327063,0,0,1,0
3.207327125,0,0,0,0
3.216055125,0,0,0,1
3.216055187,0,0,0,0
3.216475187,1,0,1,1
3.216475250,0,0,0,0
3.216826625,1,0,1,1
3.216826687,0,0,0,0
3.217000125,1,0,1,1
3.217000188,0,0,0,0
3.217059063,1,0,1,1
3.217059125,0,0,0,0
3.224776875,0,0,0,1
3.224776938,0,0,0,0
3.225065375,0,0,1,1
3.225065438,0,0,0,0
3.225300250,1,0,1,1
3.225300312,0,0,0,0
3.226129438,0,0,1,1
3.226129500,0,0,0,0
3.226189625,0,0,1,1
3.226189687,0,0,0,0
3.226909437,0,0,1,1
3.226909500,0,0,0,0
3.226968813,1,0,1,1
3.226968875,0,0,0,0
3.227149563,0,0,1,1
3.227149625,0,0,0,0
3.227331313,0,0,0,1
3.227331375,0,0,0,0
3.227390625,0,0,1,1
3.227390687,0,0,0,0
3.235212312,0,0,1,1
3.235212375,0,0,0,0
3.235394187,0,0,1,1
3.235394250,0,0,0,0
3.235817438,1,0,0,0
3.235817500,0,0,0,0
3.236057938,1,0,1,1
3.236058000,0,0,0,0
3.236297688,1,0,1,1
3.236297750,0,0,0,0
3.236539000,1,0,1,1
3.236539062,0,0,0,0
3.236599437,1,0,1,1
3.236599500,0,0,0,0
3.236959500,1,0,0,1
3.236959563,0,0,0,0
3.237077563,1,0,1,1
3.237077625,0,0,0,0
3.245166312,1,0,0,1
3.245166375,0,0,0,0
3.245226437,0,0,0,1
3.245226500,0,0,0,0
3.245285562,0,0,0,1
3.245285625,0,0,0,0
3.246181562,0,0,1,0
3.246181625,0,0,0,0
3.246483750,1,0,1,1
3.246483813,0,0,0,0
3.246965312,1,0,0,1
3.246965375,0,0,0,0
3.247325437,0,0,0,1
3.247325500,0,0,0,0
3.255327063,1,0,1,1
3.255327125,0,0,0,0
3.255447063,1,0,0,1
3.255447125,0,0,0,0
3.255568625,0,0,1,1
3.255568687,0,0,0,0
3.255809000,0,0,1,1
3.255809063,0,0,0,0
3.255930500,1,0,0,0
3.255930563,0,0,0,0
3.256111375,1,0,1,1
3.256111437,0,0,0,0
3.256351375,1,0,1,1
3.256351437,0,0,0,0
3.256584563,1,0,1,1
3.256584625,0,0,0,0
3.256642500,1,0,1,1
3.256642563,0,0,0,0
3.256932875,1,0,0,0
3.256932937,0,0,0,0
3.257049875,1,0,1,1
3.257049938,0,0,0,0
3.265419500,0,0,0,1
3.265419563,0,0,0,0
3.265603625,0,0,0,1
3.265603688,0,0,0,0
3.266090563,1,0,0,0
3.266090625,0,0,0,0
3.266272813,1,0,0,1
3.266272875,0,0,0,0
3.266334000,0,0,1,1
3.266334062,0,0,0,0
3.266457438,0,0,1,1
3.266457500,0,0,0,0
3.266640500,0,0,1,1
3.266640563,0,0,0,0
3.266701938,1,0,0,0
3.266702000,0,0,0,0
3.266763313,1,0,1,1
3.266763375,0,0,0,0
3.267126063,0,0,1,1
3.267126125,0,0,0,0
3.267308063,0,0,1,1
3.267308125,0,0,0,0
3.267368250,0,0,1,0
3.267368312,0,0,0,0
3.275276813,0,0,1,1
3.275276875,0,0,0,0
3.275336312,0,0,1,1
3.275336375,0,0,0,0
3.275518250,0,0,1,1
3.275518313,0,0,0,0
3.275637312,1,0,1,1
3.275637375,0,0,0,0
3.276178063,1,0,1,1
3.276178125,0,0,0,0
3.276651563,1,0,1,1
3.276651625,0,0,0,0
3.276710937,1,0,1,1
3.276711000,0,0,0,0
3.284823563,0,0,0,1
3.284823625,0,0,0,0
3.285003375,1,0,1,1
3.285003437,0,0,0,0
3.285306563,0,0,1,1
3.285306625,0,0,0,0
3.285366625,0,0,1,1
3.285366687,0,0,0,0
3.285547500,1,0,1,1
3.285547563,0,0,0,0
3.286271563,0,0,1,1
3.286271625,0,0,0,0
3.286513438,1,0,1,1
3.286513500,0,0,0,0
3.286878750,0,0,1,1
3.286878812,0,0,0,0
3.287058750,0,0,1,1
3.287058813,0,0,0,0
3.287239187,0,0,1,1
3.287239250,0,0,0,0
3.295377563,1,0,0,1
3.295377625,0,0,0,0
3.295800625,0,0,1,1
3.295800687,0,0,0,0
3.295919875,1,0,0,0
3.295919937,0,0,0,0
3.296698062,0,0,1,1
3.296698125,0,0,0,0
3.296758188,1,0,0,0
3.296758250,0,0,0,0
3.296939625,0,0,1,1
3.296939688,0,0,0,0
3.305005875,0,0,1,1
3.305005937,0,0,0,0
3.305128563,0,0,1,1
3.305128625,0,0,0,0
3.305370750,0,0,0,1
3.305370813,0,0,0,0
3.305672813,0,0,1,1
3.305672875,0,0,0,0
3.306276813,0,0,1,1
3.306276875,0,0,0,0
3.306518437,1,0,1,1
3.306518500,0,0,0,0
3.306820500,0,0,1,1
3.306820563,0,0,0,0
3.315219687,1,0,0,1
3.315219750,0,0,0,0
3.315455313,0,0,1,1
3.315455375,0,0,0,0
3.315633562,0,0,1,1
3.315633625,0,0,0,0
3.315692000,1,0,1,1
3.315692063,0,0,0,0
3.315811250,0,0,1,1
3.315811313,0,0,0,0
3.315931875,0,0,1,1
3.315931937,0,0,0,0
3.316172813,1,0,0,1
3.316172875,0,0,0,0
3.316232938,1,0,0,0
3.316233000,0,0,0,0
3.316292938,1,0,1,1
3.316293000,0,0,0,0
3.316352188,1,0,1,1
3.316352250,0,0,0,0
3.316533812,0,0,1,1
3.316533875,0,0,0,0
3.317073000,1,0,1,1
3.317073063,0,0,0,0
3.324597250,0,0,0,1
3.324597312,0,0,0,0
3.325019938,0,0,1,1
3.325020000,0,0,0,0
3.325080250,0,0,1,1
3.325080312,0,0,0,0
3.325140437,1,0,1,1
3.325140500,0,0,0,0
3.325199937,0,0,0,1
3.325200000,0,0,0,0
3.326095125,0,0,1,1
3.326095187,0,0,0,0
3.326334563,0,0,1,1
3.326334625,0,0,0,0
3.326455250,1,0,1,1
3.326455312,0,0,0,0
3.326749500,0,0,1,1
3.326749562,0,0,0,0
3.327212312,0,0,1,1
3.327212375,0,0,0,0
3.334795188,0,0,1,1
3.334795250,0,0,0,0
3.335578063,1,0,0,1
3.335578125,0,0,0,0
3.335880125,1,0,0,0
3.335880187,0,0,0,0
3.336118375,1,0,1,1
3.336118438,0,0,0,0
3.336599500,1,0,1,1
3.336599563,0,0,0,0
3.337082688,0,0,1,1
3.337082750,0,0,0,0
3.345210938,0,0,1,1
3.345211000,0,0,0,0
3.345805250,0,0,1,1
3.345805313,0,0,0,0
3.346522750,1,0,0,1
3.346522812,0,0,0,0
3.346643563,0,0,1,1
3.346643625,0,0,0,0
3.346885125,1,0,1,1
3.346885187,0,0,0,0
3.347184562,0,0,0,1
3.347184625,0,0,0,0
3.354919625,0,0,1,1
3.354919687,0,0,0,0
3.355522750,1,0,1,1
3.355522812,0,0,0,0
3.355643750,1,0,1,1
3.355643812,0,0,0,0
3.355942312,1,0,1,1
3.355942375,0,0,0,0
3.356124375,0,0,0,1
3.356124438,0,0,0,0
3.356245250,1,0,0,0
3.356245313,0,0,0,0
3.356606750,1,0,0,1
3.356606812,0,0,0,0
3.356725937,1,0,1,1
3.356726000,0,0,0,0
3.357026750,0,0,1,1
3.357026813,0,0,0,0
3.357087063,0,0,0,1
3.357087125,0,0,0,0
3.365191750,1,0,0,0
3.365191812,0,0,0,0
3.365252250,0,0,0,1
3.365252313,0,0,0,0
3.365373000,0,0,1,1
3.365373062,0,0,0,0
3.365493312,1,0,1,1
3.365493375,0,0,0,0
3.365552500,0,0,0,1
3.365552563,0,0,0,0
3.366453750,0,0,1,1
3.366453813,0,0,0,0
3.366514125,0,0,1,0
3.366514187,0,0,0,0
3.366996375,0,0,1,1
3.366996438,0,0,0,0
3.367114313,0,0,0,1
3.367114375,0,0,0,0
3.367173500,0,0,0,1
3.367173563,0,0,0,0
3.375642813,0,0,1,1
3.375642875,0,0,0,0
3.376065688,1,0,1,1
3.376065750,0,0,0,0
3.376547500,1,0,1,1
3.376547562,0,0,0,0
3.376728250,1,0,1,1
3.376728313,0,0,0,0
3.376849625,0,0,1,1
3.376849688,0,0,0,0
3.384682312,0,0,1,1
3.384682375,0,0,0,0
3.385162687,0,0,1,1
3.385162750,0,0,0,0
3.385822188,0,0,1,1
3.385822250,0,0,0,0
3.386004188,1,0,1,1
3.386004250,0,0,0,0
3.386244750,0,0,1,1
3.386244813,0,0,0,0
3.386365125,0,0,1,1
3.386365188,0,0,0,0
3.386666125,1,0,0,0
3.386666187,0,0,0,0
3.387143813,0,0,0,1
3.387143875,0,0,0,0
3.387204250,0,0,0,1
3.387204313,0,0,0,0
3.394850500,0,0,1,1
3.394850562,0,0,0,0
3.395095000,0,0,1,1
3.395095063,0,0,0,0
3.395460500,0,0,1,1
3.395460562,0,0,0,0
3.395580000,0,0,0,1
3.395580063,0,0,0,0
3.396003250,0,0,1,1
3.396003312,0,0,0,0
3.396305188,0,0,1,1
3.396305250,0,0,0,0
3.396546438,1,0,0,1
3.396546500,0,0,0,0
3.396606812,0,0,1,1
3.396606875,0,0,0,0
3.405455438,1,0,0,1
3.405455500,0,0,0,0
3.405817562,1,0,1,1
3.405817625,0,0,0,0
3.406297187,1,0,0,1
3.406297250,0,0,0,0
3.406536437,0,0,1,1
3.406536500,0,0,0,0
3.406777562,1,0,0,0
3.406777625,0,0,0,0
3.406838000,1,0,0,0
3.406838062,0,0,0,0
3.406958687,0,0,1,1
3.406958750,0,0,0,0
3.414785938,0,0,0,1
3.414786000,0,0,0,0
3.414847500,0,0,1,1
3.414847562,0,0,0,0
3.414972563,0,0,1,1
3.414972625,0,0,0,0
3.415468000,0,0,0,1
3.415468063,0,0,0,0
3.415777187,0,0,1,1
3.415777250,0,0,0,0
3.415900188,1,0,1,1
3.415900250,0,0,0,0
3.416083313,1,0,1,1
3.416083375,0,0,0,0
3.416263375,1,0,0,0
3.416263438,0,0,0,0
3.416382188,1,0,0,0
3.416382250,0,0,0,0
3.416442062,1,0,0,1
3.416442125,0,0,0,0
3.416501188,0,0,1,1
3.416501250,0,0,0,0
3.416917563,0,0,1,1
3.416917625,0,0,0,0
3.424721750,0,0,1,1
3.424721813,0,0,0,0
3.424901750,0,0,1,1
3.424901812,0,0,0,0
3.424962125,0,0,1,1
3.424962187,0,0,0,0
3.425204250,0,0,1,1
3.425204313,0,0,0,0
3.425264750,0,0,1,1
3.425264813,0,0,0,0
3.425506625,0,0,1,1
3.425506687,0,0,0,0
3.425567062,0,0,1,1
3.425567125,0,0,0,0
3.425807875,0,0,0,1
3.425807938,0,0,0,0
3.425987437,0,0,1,0
3.425987500,0,0,0,0
3.426107500,1,0,0,0
3.426107562,0,0,0,0
3.426166438,0,0,0,1
3.426166500,0,0,0,0
3.426224813,1,0,1,1
3.426224875,0,0,0,0
3.427003062,0,0,0,1
3.427003125,0,0,0,0
3.435051875,0,0,1,1
3.435051937,0,0,0,0
3.435713000,1,0,0,1
3.435713063,0,0,0,0
3.435953000,0,0,1,1
3.435953062,0,0,0,0
3.436073875,1,0,0,1
3.436073937,0,0,0,0
3.436134313,1,0,1,1
3.436134375,0,0,0,0
3.436375062,1,0,1,1
3.436375125,0,0,0,0
3.436493375,0,0,1,1
3.436493437,0,0,0,0
3.436612500,0,0,1,1
3.436612563,0,0,0,0
3.444551812,0,0,0,1
3.444551875,0,0,0,0
3.444793437,0,0,0,1
3.444793500,0,0,0,0
3.445457125,0,0,1,1
3.445457188,0,0,0,0
3.445517188,0,0,1,1
3.445517250,0,0,0,0
3.445576187,0,0,1,1
3.445576250,0,0,0,0
3.445811813,1,0,1,1
3.445811875,0,0,0,0
3.445926937,0,0,1,1
3.445927000,0,0,0,0
3.446041000,1,0,1,1
3.446041062,0,0,0,0
3.446506250,1,0,1,1
3.446506312,0,0,0,0
3.446566188,0,0,1,1
3.446566250,0,0,0,0
3.454765875,0,0,1,1
3.454765937,0,0,0,0
3.454939750,1,0,1,1
3.454939813,0,0,0,0
3.454999063,1,0,0,1
3.454999125,0,0,0,0
3.455415438,0,0,1,1
3.455415500,0,0,0,0
3.455713375,1,0,0,0
3.455713438,0,0,0,0
3.455831187,1,0,1,1
3.455831250,0,0,0,0
3.455951375,1,0,0,1
3.455951438,0,0,0,0
3.456070625,0,0,1,1
3.456070688,0,0,0,0
3.456130000,1,0,1,1
3.456130063,0,0,0,0
3.456489375,0,0,1,1
3.456489438,0,0,0,0
3.456729312,0,0,1,0
3.456729375,0,0,0,0
3.456910000,0,0,1,1
3.456910062,0,0,0,0
3.464966000,0,0,0,1
3.464966062,0,0,0,0
3.465026500,0,0,1,1
3.465026562,0,0,0,0
3.465147625,0,0,1,1
3.465147688,0,0,0,0
3.465326937,0,0,0,1
3.465327000,0,0,0,0
3.465507625,1,0,1,1
3.465507688,0,0,0,0
3.466053688,0,0,1,0
3.466053750,0,0,0,0
3.466175063,1,0,0,1
3.466175125,0,0,0,0
3.467016563,0,0,0,1
3.467016625,0,0,0,0
3.475368937,1,0,1,1
3.475369000,0,0,0,0
3.476089500,1,0,0,1
3.476089562,0,0,0,0
3.476149500,0,0,1,1
3.476149562,0,0,0,0
3.476208938,1,0,0,0
3.476209000,0,0,0,0
3.476391437,1,0,0,1
3.476391500,0,0,0,0
3.476510938,1,0,1,1
3.476511000,0,0,0,0
3.476690625,1,0,1,1
3.476690688,0,0,0,0
3.476811437,0,0,1,0
3.476811500,0,0,0,0
3.484524125,0,0,1,1
3.484524188,0,0,0,0
3.484766562,0,0,1,1
3.484766625,0,0,0,0
3.484947813,0,0,1,1
3.484947875,0,0,0,0
3.485308000,0,0,1,1
3.485308063,0,0,0,0
3.485427250,0,0,1,1
3.485427313,0,0,0,0
3.485969125,1,0,0,1
3.485969187,0,0,0,0
3.486146188,1,0,1,1
3.486146250,0,0,0,0
3.486446500,1,0,0,0
3.486446562,0,0,0,0
3.486567813,0,0,1,1
3.486567875,0,0,0,0
3.486746688,0,0,0,1
3.486746750,0,0,0,0
3.494633562,0,0,1,1
3.494633625,0,0,0,0
3.494693938,0,0,1,1
3.494694000,0,0,0,0
3.494873937,0,0,1,1
3.494874000,0,0,0,0
3.495293687,1,0,1,1
3.495293750,0,0,0,0
3.495352688,0,0,1,1
3.495352750,0,0,0,0
3.495592125,1,0,1,1
3.495592187,0,0,0,0
3.496309125,0,0,1,1
3.496309188,0,0,0,0
3.496670313,1,0,1,1
3.496670375,0,0,0,0
3.504500875,0,0,0,1
3.504500938,0,0,0,0
3.504983687,0,0,1,1
3.504983750,0,0,0,0
3.505349375,0,0,1,1
3.505349438,0,0,0,0
3.505530312,0,0,1,1
3.505530375,0,0,0,0
3.505834625,0,0,1,1
3.505834688,0,0,0,0
3.506134625,1,0,0,0
3.506134687,0,0,0,0
3.506193812,1,0,1,1
3.506193875,0,0,0,0
3.506254188,0,0,1,0
3.506254250,0,0,0,0
3.506495312,1,0,0,1
3.506495375,0,0,0,0
3.506674563,1,0,1,1
3.506674625,0,0,0,0
3.506856313,0,0,1,1
3.506856375,0,0,0,0
3.514732937,0,0,1,1
3.514733000,0,0,0,0
3.514783875,0,0,1,0
3.514783937,0,0,0,0
3.515574187,1,0,1,1
3.515574250,0,0,0,0
3.515871375,0,0,1,1
3.515871437,0,0,0,0
3.516074188,1,0,1,1
3.516074250,0,0,0,0
3.516126500,1,0,1,1
3.516126563,0,0,0,0
3.516349125,1,0,1,1
3.516349187,0,0,0,0
3.516405125,1,0,1,1
3.516405188,0,0,0,0
3.516805312,1,0,1,1
3.516805375,0,0,0,0
3.524707000,0,0,1,1
3.524707063,0,0,0,0
3.526384125,1,0,1,1
3.526384188,0,0,0,0
3.534714688,1,0,1,1
3.534714750,0,0,0,0
3.534775063,0,0,1,1
3.534775125,0,0,0,0
3.534955750,0,0,0,1
3.534955812,0,0,0,0
3.535014125,0,0,1,1
3.535014187,0,0,0,0
3.535313562,0,0,1,0
3.535313625,0,0,0,0
3.535554625,0,0,1,1
3.535554687,0,0,0,0
3.536271500,1,0,1,1
3.536271563,0,0,0,0
3.536331437,0,0,1,1
3.536331500,0,0,0,0
3.536508000,1,0,0,1
3.536508063,0,0,0,0
3.536628750,1,0,1,1
3.536628813,0,0,0,0
3.544670562,0,0,1,1
3.544670625,0,0,0,0
3.544728937,0,0,0,1
3.544729000,0,0,0,0
3.545087250,0,0,1,1
3.545087313,0,0,0,0
3.545323375,0,0,0,1
3.545323438,0,0,0,0
3.545383375,0,0,1,1
3.545383437,0,0,0,0
3.545684937,0,0,1,1
3.545685000,0,0,0,0
3.546039187,0,0,0,1
3.546039250,0,0,0,0
3.546099250,1,0,1,1
3.546099312,0,0,0,0
3.546277750,0,0,1,1
3.546277813,0,0,0,0
3.546457312,0,0,1,1
3.546457375,0,0,0,0
3.554468313,0,0,0,1
3.554468375,0,0,0,0
3.554529437,0,0,1,1
3.554529500,0,0,0,0
3.554832625,0,0,1,1
3.554832687,0,0,0,0
3.555790187,1,0,0,1
3.555790250,0,0,0,0
3.556199000,1,0,1,1
3.556199063,0,0,0,0
3.556492375,1,0,1,1
3.556492438,0,0,0,0
3.556729625,1,0,1,1
3.556729687,0,0,0,0
3.556789687,0,0,1,0
3.556789750,0,0,0,0
3.564456875,0,0,0,1
3.564456938,0,0,0,0
3.565060312,1,0,0,0
3.565060375,0,0,0,0
3.565416125,0,0,1,1
3.565416187,0,0,0,0
3.565473625,1,0,0,1
3.565473687,0,0,0,0
3.565762375,0,0,1,1
3.565762438,0,0,0,0
3.565821375,0,0,1,1
3.565821437,0,0,0,0
3.566055000,1,0,1,1
3.566055062,0,0,0,0
3.566173500,0,0,0,1
3.566173562,0,0,0,0
3.575005937,0,0,1,1
3.575006000,0,0,0,0
3.575367000,1,0,1,1
3.575367062,0,0,0,0
3.576332125,1,0,0,0
3.576332187,0,0,0,0
3.576874688,0,0,0,1
3.576874750,0,0,0,0
3.584614938,0,0,1,1
3.584615000,0,0,0,0
3.585213313,1,0,0,0
3.585213375,0,0,0,0
3.585511438,0,0,1,1
3.585511500,0,0,0,0
3.586111250,1,0,0,1
3.586111312,0,0,0,0
3.586407562,0,0,1,1
3.586407625,0,0,0,0
3.586822563,0,0,0,1
3.586822625,0,0,0,0
3.594547062,0,0,0,1
3.594547125,0,0,0,0
3.595451750,1,0,1,1
3.595451812,0,0,0,0
3.595632375,0,0,1,1
3.595632437,0,0,0,0
3.596115437,0,0,1,1
3.596115500,0,0,0,0
3.596354938,1,0,1,1
3.596355000,0,0,0,0
3.596595625,1,0,1,1
3.596595687,0,0,0,0
3.596776625,0,0,0,1
3.596776687,0,0,0,0
3.604890188,0,0,1,1
3.604890250,0,0,0,0
3.605190250,0,0,1,1
3.605190312,0,0,0,0
3.606028063,1,0,1,1
3.606028125,0,0,0,0
3.606146438,1,0,1,1
3.606146500,0,0,0,0
3.606206375,0,0,1,1
3.606206438,0,0,0,0
3.606325875,1,0,1,1
3.606325937,0,0,0,0
3.606569438,0,0,1,1
3.606569500,0,0,0,0
3.606690062,0,0,1,1
3.606690125,0,0,0,0
3.606991625,0,0,0,1
3.606991687,0,0,0,0
3.614475437,0,0,0,1
3.614475500,0,0,0,0
3.614716562,0,0,0,1
3.614716625,0,0,0,0
3.615019188,0,0,1,1
3.615019250,0,0,0,0
3.615317188,1,0,0,1
3.615317250,0,0,0,0
3.615618000,1,0,0,0
3.615618062,0,0,0,0
3.615677250,1,0,0,1
3.615677312,0,0,0,0
3.616354938,1,0,1,1
3.616355000,0,0,0,0
3.616512188,1,0,1,1
3.616512250,0,0,0,0
3.616563000,0,0,1,1
3.616563063,0,0,0,0
3.616715250,0,0,1,0
3.616715312,0,0,0,0
3.616967250,0,0,1,0
3.616967312,0,0,0,0
3.617064437,0,0,1,0
3.617064500,0,0,0,0
3.625355625,0,0,1,1
3.625355687,0,0,0,0
3.626139500,0,0,1,1
3.626139563,0,0,0,0
3.626441000,0,0,1,1
3.626441063,0,0,0,0
3.626500188,0,0,0,1
3.626500250,0,0,0,0
3.626560375,0,0,1,1
3.626560437,0,0,0,0
3.626681750,0,0,1,1
3.626681813,0,0,0,0
3.626921750,0,0,1,1
3.626921813,0,0,0,0
3.635957250,1,0,1,1
3.635957312,0,0,0,0
3.636076313,1,0,0,1
3.636076375,0,0,0,0
3.636496938,1,0,1,1
3.636497000,0,0,0,0
3.636557312,1,0,1,1
3.636557375,0,0,0,0
3.636833312,0,0,1,0
3.636833375,0,0,1,1
3.636833563,1,0,1,1
3.636833687,1,1,1,1
3.686831563,1,1,1,0
3.686831812,1,1,0,0
3.686831875,1,0,0,0
3.686832063,0,0,0,0
3.694571500,0,0,1,1
3.694571563,0,0,0,0
3.695053875,0,0,1,1
3.695053937,0,0,0,0
3.695173625,0,0,1,1
3.695173688,0,0,0,0
3.695355125,1,0,0,0
3.695355188,0,0,0,0
3.695414313,1,0,1,1
3.695414375,0,0,0,0
3.695474625,1,1,1,1
3.695474687,0,0,0,0
3.695719187,0,0,1,0
3.695719250,0,0,0,0
3.696019125,1,0,1,1
3.696019188,0,0,0,0
3.696200625,1,0,1,1
3.696200688,0,0,0,0
3.696321812,1,0,1,1
3.696321875,0,0,0,0
3.696562375,1,0,0,0
3.696562437,0,0,0,0
3.696622562,1,0,1,1
3.696622625,0,0,0,0
3.704823375,0,0,0,1
3.704823437,0,0,0,0
3.704943625,0,0,1,1
3.704943688,0,0,0,0
3.705304562,1,0,1,1
3.705304625,0,0,0,0
3.705666063,0,0,1,1
3.705666125,0,0,0,0
3.705843375,1,0,0,0
3.705843438,0,0,0,0
3.706083500,1,0,1,1
3.706083562,0,0,0,0
3.706443000,0,0,1,1
3.706443062,0,0,0,0
3.714717187,1,0,1,1
3.714717250,0,0,0,0
3.714958188,0,0,1,1
3.714958250,0,0,0,0
3.715566125,1,0,1,1
3.715566187,0,0,0,0
3.715627125,1,0,1,1
3.715627187,0,0,0,0
3.716109063,1,0,0,1
3.716109125,0,0,0,0
3.716409437,1,0,1,1
3.716409500,0,0,0,0
3.716529937,1,0,1,1
3.716530000,0,0,0,0
3.724225750,0,0,1,1
3.724225812,0,0,0,0
3.724346500,0,0,1,1
3.724346563,0,0,0,0
3.724529688,0,0,1,1
3.724529750,0,0,0,0
3.724711563,0,0,1,1
3.724711625,0,0,0,0
3.724831688,0,0,0,1
3.724831750,0,0,0,0
3.724892937,0,0,0,1
3.724893000,0,0,0,0
3.725496937,0,0,1,1
3.725497000,0,0,0,0
3.725858313,0,0,0,1
3.725858375,0,0,0,0
3.726220812,1,0,1,1
3.726220875,0,0,0,0
3.726281188,1,0,1,1
3.726281250,0,0,0,0
3.726401750,1,0,1,1
3.726401812,0,0,0,0
3.726521875,0,0,1,1
3.726521937,0,0,0,0
3.735071625,1,0,0,1
3.735071688,0,0,0,0
3.735313125,1,0,0,1
3.735313188,0,0,0,0
3.735611688,1,0,0,1
3.735611750,0,0,0,0
3.735732500,0,0,1,1
3.735732562,0,0,0,0
3.735792688,1,0,1,1
3.735792750,0,0,0,0
3.735852750,0,0,1,1
3.735852813,0,0,0,0
3.736090063,1,0,0,0
3.736090125,0,0,0,0
3.736451625,1,0,1,1
3.736451687,0,0,0,0
3.736572750,0,0,1,1
3.736572812,0,0,0,0
3.744293250,0,0,1,1
3.744293312,0,0,0,0
3.745378000,1,0,0,0
3.745378062,0,0,0,0
3.745438313,0,0,1,1
3.745438375,0,0,0,0
3.745498562,1,0,1,1
3.745498625,0,0,0,0
3.745677875,0,0,1,1
3.745677937,0,0,0,0
3.745737313,1,0,1,1
3.745737375,0,0,0,0
3.746158875,0,0,1,1
3.746158938,0,0,0,0
3.754365375,0,0,1,1
3.754365438,0,0,0,0
3.754716188,0,0,1,1
3.754716250,0,0,0,0
3.755188125,1,0,1,1
3.755188187,0,0,0,0
3.755366438,1,0,1,1
3.755366500,0,0,0,0
3.755782937,1,0,1,1
3.755783000,0,0,0,0
3.755902312,1,0,1,1
3.755902375,0,0,0,0
3.755961437,1,0,0,0
3.755961500,0,0,0,0
3.756081000,0,0,1,1
3.756081062,0,0,0,0
3.756261375,1,0,0,0
3.756261438,0,0,0,0
3.756438563,1,0,1,1
3.756438625,0,0,0,0
3.756498688,1,0,0,0
3.756498750,0,0,0,0
3.756559063,0,0,1,1
3.756559125,0,0,0,0
3.764485000,0,0,1,1
3.764485062,0,0,0,0
3.764604875,0,0,1,1
3.764604938,0,0,0,0
3.764906563,0,0,1,0
3.764906625,0,0,0,0
3.765027313,0,0,1,1
3.765027375,0,0,0,0
3.765088313,0,0,1,1
3.765088375,0,0,0,0
3.765208000,0,0,1,1
3.765208063,0,0,0,0
3.765268438,1,0,0,0
3.765268500,0,0,0,0
3.765450375,1,0,0,0
3.765450438,0,0,0,0
3.765509625,0,0,1,1
3.765509687,0,0,0,0
3.766410125,0,0,1,1
3.766410188,0,0,0,0
3.766470500,1,0,1,1
3.766470562,0,0,0,0
3.766831063,0,0,0,1
3.766831125,0,0,0,0
3.774570188,0,0,1,1
3.774570250,0,0,0,0
3.774630312,1,0,0,1
3.774630375,0,0,0,0
3.774689813,0,0,1,1
3.774689875,0,0,0,0
3.774811375,1,0,0,0
3.774811437,0,0,0,0
3.775170563,0,0,1,1
3.775170625,0,0,0,0
3.775347813,1,0,1,1
3.775347875,0,0,0,0
3.775408125,1,0,0,0
3.775408188,0,0,0,0
3.775469125,1,0,1,1
3.775469188,0,0,0,0
3.775648687,1,0,1,1
3.775648750,0,0,0,0
3.776367750,1,0,1,1
3.776367813,0,0,0,0
3.784825937,0,0,1,1
3.784826000,0,0,0,0
3.785852812,1,0,1,1
3.785852875,0,0,0,0
3.785974313,1,0,0,1
3.785974375,0,0,0,0
3.786095438,1,0,0,1
3.786095500,0,0,0,0
3.786579437,0,0,0,1
3.786579500,0,0,0,0
3.794479500,0,0,1,1
3.794479562,0,0,0,0
3.794778813,0,0,1,1
3.794778875,0,0,0,0
3.794839875,0,0,1,1
3.794839937,0,0,0,0
3.794958938,1,0,0,1
3.794959000,0,0,0,0
3.795018000,0,0,1,1
3.795018063,0,0,0,0
3.795077437,1,0,1,1
3.795077500,0,0,0,0
3.795138375,0,0,1,1
3.795138437,0,0,0,0
3.795380188,0,0,1,1
3.795380250,0,0,0,0
3.795440312,0,0,1,1
3.795440375,0,0,0,0
3.795500313,0,0,1,1
3.795500375,0,0,0,0
3.795860312,1,0,1,1
3.795860375,0,0,0,0
3.795920687,1,0,1,1
3.795920750,0,0,0,0
3.795981063,0,0,1,1
3.795981125,0,0,0,0
3.796342563,1,0,0,0
3.796342625,0,0,0,0
3.796400938,1,0,1,1
3.796401000,0,0,0,0
3.796460875,1,0,0,0
3.796460938,0,0,0,0
3.804058438,0,0,0,1
3.804058500,0,0,0,0
3.804544438,0,0,1,1
3.804544500,0,0,0,0
3.805026750,1,0,1,1
3.805026812,0,0,0,0
3.805085937,0,0,1,1
3.805086000,0,0,0,0
3.805325813,0,0,1,0
3.805325875,0,0,0,0
3.805448000,1,0,1,1
3.805448063,0,0,0,0
3.805748250,0,0,1,1
3.805748313,0,0,0,0
3.805867250,1,0,0,1
3.805867313,0,0,0,0
3.805927188,1,0,1,1
3.805927250,0,0,0,0
3.805986375,1,0,0,0
3.805986438,0,0,0,0
3.814298500,0,0,1,1
3.814298562,0,0,0,0
3.815201875,0,0,1,1
3.815201937,0,0,0,0
3.815261937,1,0,1,1
3.815262000,0,0,0,0
3.815441563,1,0,1,1
3.815441625,0,0,0,0
3.815984500,1,0,1,1
3.815984563,0,0,0,0
3.824032750,0,0,0,1
3.824032813,0,0,0,0
3.824276625,0,0,1,1
3.824276687,0,0,0,0
3.824768750,0,0,0,1
3.824768812,0,0,0,0
3.824954438,0,0,1,1
3.824954500,0,0,0,0
3.825015437,0,0,1,1
3.825015500,0,0,0,0
3.825200437,0,0,1,1
3.825200500,0,0,0,0
3.825637813,0,0,1,1
3.825637875,0,0,0,0
3.826006437,0,0,1,1
3.826006500,0,0,0,0
3.826250000,0,0,1,1
3.826250063,0,0,0,0
3.826372313,1,0,1,1
3.826372375,0,0,0,0
3.834491875,1,0,1,1
3.834491938,0,0,0,0
3.834733937,0,0,1,1
3.834734000,0,0,0,0
3.834915125,0,0,1,1
3.834915188,0,0,0,0
3.835093313,1,0,1,1
3.835093375,0,0,0,0
3.835211437,1,0,0,0
3.835211500,0,0,0,0
3.835330938,0,0,1,1
3.835331000,0,0,0,0
3.835571312,1,0,1,1
3.835571375,0,0,0,0
3.835692687,0,0,1,0
3.835692750,0,0,0,0
3.835752563,1,0,1,1
3.835752625,0,0,0,0
3.835932937,0,0,1,1
3.835933000,0,0,0,0
3.835992875,1,0,0,1
3.835992937,0,0,0,0
3.836110750,0,0,1,1
3.836110812,0,0,0,0
3.836169750,1,0,1,1
3.836169813,0,0,0,0
3.843962750,0,0,1,1
3.843962813,0,0,0,0
3.844324813,0,0,1,0
3.844324875,0,0,0,0
3.844565687,0,0,1,1
3.844565750,0,0,0,0
3.844865625,1,0,0,0
3.844865688,0,0,0,0
3.845284750,0,0,1,1
3.845284813,0,0,0,0
3.845463688,0,0,1,1
3.845463750,0,0,0,0
3.845524938,1,0,0,0
3.845525000,0,0,0,0
3.845706938,1,0,1,1
3.845707000,0,0,0,0
3.846242688,1,0,1,1
3.846242750,0,0,0,0
3.846665875,0,0,0,1
3.846665938,0,0,0,0
3.854324313,0,0,1,0
3.854324375,0,0,0,0
3.854624438,1,0,1,1
3.854624500,0,0,0,0
3.854685500,1,0,1,1
3.854685562,0,0,0,0
3.855045750,1,0,0,0
3.855045812,0,0,0,0
3.855105937,0,0,0,1
3.855106000,0,0,0,0
3.855689063,0,0,1,0
3.855689125,0,0,0,0
3.855864313,1,0,0,1
3.855864375,0,0,0,0
3.856215750,0,0,1,1
3.856215812,0,0,0,0
3.864114125,0,0,0,1
3.864114187,0,0,0,0
3.864290437,0,0,1,1
3.864290500,0,0,0,0
3.864407125,0,0,1,1
3.864407187,0,0,0,0
3.864465625,0,0,0,1
3.864465688,0,0,0,0
3.864640750,0,0,1,1
3.864640812,0,0,0,0
3.865148813,0,0,1,0
3.865148875,0,0,0,0
3.865424062,1,0,0,0
3.865424125,0,0,0,0
3.865476500,1,0,1,1
3.865476563,0,0,0,0
3.865817375,0,0,1,0
3.865817438,0,0,0,0
3.865932250,1,0,0,0
3.865932313,0,0,0,0
3.866398500,0,0,1,1
3.866398563,0,0,0,0
3.874228000,0,0,1,1
3.874228062,0,0,0,0
3.874951687,1,0,1,1
3.874951750,0,0,0,0
3.875073187,1,0,1,1
3.875073250,0,0,0,0
3.875313250,1,0,0,0
3.875313312,0,0,0,0
3.876142938,0,0,1,0
3.876143000,0,0,0,0
3.876380563,0,0,1,1
3.876380625,0,0,0,0
3.876439937,0,0,0,1
3.876440000,0,0,0,0
3.883969937,0,0,0,1
3.883970000,0,0,0,0
3.884386437,0,0,0,1
3.884386500,0,0,0,0
3.884623937,0,0,1,1
3.884624000,0,0,0,0
3.884804063,0,0,1,1
3.884804125,0,0,0,0
3.884924812,0,0,0,1
3.884924875,0,0,0,0
3.885043250,1,0,0,0
3.885043313,0,0,0,0
3.885102375,0,0,1,1
3.885102438,0,0,0,0
3.885697000,1,0,1,1
3.885697062,0,0,0,0
3.885815500,0,0,1,1
3.885815562,0,0,0,0
3.885935438,1,0,1,1
3.885935500,0,0,0,0
3.886231750,1,0,0,1
3.886231813,0,0,0,0
3.886291687,0,0,1,0
3.886291750,0,0,0,0
3.886470750,0,0,0,1
3.886470812,0,0,0,0
3.894360375,0,0,1,1
3.894360438,0,0,0,0
3.894723937,0,0,1,1
3.894724000,0,0,0,0
3.894845437,0,0,1,1
3.894845500,0,0,0,0
3.895624500,0,0,1,1
3.895624563,0,0,0,0
3.895683625,0,0,1,1
3.895683688,0,0,0,0
3.903929063,0,0,0,1
3.903929125,0,0,0,0
3.904108187,0,0,0,1
3.904108250,0,0,0,0
3.905430313,1,0,0,0
3.905430375,0,0,0,0
3.905490500,1,0,1,1
3.905490562,0,0,0,0
3.905609688,0,0,1,1
3.905609750,0,0,0,0
3.905669625,1,0,1,1
3.905669688,0,0,0,0
3.905786937,0,0,0,1
3.905787000,0,0,0,0
3.906447813,0,0,1,1
3.906447875,0,0,0,0
3.914413937,0,0,1,1
3.914414000,0,0,0,0
3.914473500,0,0,1,1
3.914473563,0,0,0,0
3.914534000,0,0,1,1
3.914534063,0,0,0,0
3.914655125,1,0,1,1
3.914655188,0,0,0,0
3.914714375,1,0,1,1
3.914714437,0,0,0,0
3.915076500,1,0,1,1
3.915076562,0,0,0,0
3.915136562,1,0,1,1
3.915136625,0,0,0,0
3.915196562,1,0,1,1
3.915196625,0,0,0,0
3.915376938,1,0,0,0
3.915377000,0,0,0,0
3.915679875,1,0,1,1
3.915679938,0,0,0,0
3.915859938,0,0,1,1
3.915860000,0,0,0,0
3.916041000,1,0,1,1
3.916041063,0,0,0,0
3.924024125,0,0,1,1
3.924024188,0,0,0,0
3.924122000,0,0,1,1
3.924122062,0,0,0,0
3.924318375,0,0,1,1
3.924318438,0,0,0,0
3.924367500,0,0,1,0
3.924367563,0,0,0,0
3.924628687,0,0,1,0
3.924628750,0,0,0,0
3.924845813,0,0,1,0
3.924845875,0,0,0,0
3.925015750,0,0,1,1
3.925015812,0,0,0,0
3.925953000,1,0,1,1
3.925953063,0,0,0,0
3.926072813,1,0,1,1
3.926072875,0,0,0,0
3.926627875,0,0,0,1
3.926627938,0,0,0,0
3.934842750,0,0,1,1
3.934842812,0,0,0,0
3.935141875,0,0,1,1
3.935141938,0,0,0,0
3.935201500,1,0,0,1
3.935201563,0,0,0,0
3.935322000,0,0,1,1
3.935322063,0,0,0,0
3.935503000,1,0,0,1
3.935503063,0,0,0,0
3.935800500,0,0,1,1
3.935800562,0,0,0,0
3.935860687,1,0,1,1
3.935860750,0,0,0,0
3.935981000,0,0,1,1
3.935981062,0,0,0,0
3.944202125,0,0,1,1
3.944202188,0,0,0,0
3.944263438,0,0,1,1
3.944263500,0,0,0,0
3.944324562,0,0,1,1
3.944324625,0,0,0,0
3.944504563,0,0,1,1
3.944504625,0,0,0,0
3.944566062,0,0,1,0
3.944566125,0,0,0,0
3.944689063,0,0,1,1
3.944689125,0,0,0,0
3.944990625,0,0,1,1
3.944990687,0,0,0,0
3.945111063,0,0,1,0
3.945111125,0,0,0,0
3.945352875,1,0,1,1
3.945352938,0,0,0,0
3.945530812,0,0,1,1
3.945530875,0,0,0,0
3.946053313,1,0,1,1
3.946053375,0,0,0,0
3.946586625,0,0,1,0
3.946586687,0,0,0,0
3.954904688,0,0,1,1
3.954904750,0,0,0,0
3.955085750,1,0,1,1
3.955085813,0,0,0,0
3.955146688,1,0,1,1
3.955146750,0,0,0,0
3.955445812,1,0,1,1
3.955445875,0,0,0,0
3.955686625,0,0,1,1
3.955686688,0,0,0,0
3.955867750,0,0,1,1
3.955867813,0,0,0,0
3.955988375,1,0,1,1
3.955988437,0,0,0,0
3.956108500,0,0,1,0
3.956108562,0,0,0,0
3.963999938,0,0,1,1
3.964000000,0,0,0,0
3.964184313,0,0,1,1
3.964184375,0,0,0,0
3.964730438,0,0,1,0
3.964730500,0,0,0,0
3.964790750,1,0,1,1
3.964790812,0,0,0,0
3.964972687,1,0,0,0
3.964972750,0,0,0,0
3.965032000,0,0,1,0
3.965032063,0,0,0,0
3.965092187,0,0,1,1
3.965092250,0,0,0,0
3.974120437,0,0,1,1
3.974120500,0,0,0,0
3.974181500,0,0,1,1
3.974181563,0,0,0,0
3.974484250,0,0,1,1
3.974484313,0,0,0,0
3.974784750,0,0,1,1
3.974784813,0,0,0,0
3.975208312,0,0,1,1
3.975208375,0,0,0,0
3.975629937,0,0,1,1
3.975630000,0,0,0,0
3.975811625,0,0,1,1
3.975811687,0,0,0,0
3.975871000,1,0,1,1
3.975871062,0,0,0,0
3.976232875,1,0,1,1
3.976232937,0,0,0,0
3.983998188,0,0,1,1
3.983998250,0,0,0,0
3.984242500,0,0,1,1
3.984242562,0,0,0,0
3.984718937,0,0,1,1
3.984719000,0,0,0,0
3.984776313,1,0,1,1
3.984776375,0,0,0,0
3.985280063,0,0,0,1
3.985280125,0,0,0,0
3.985338313,1,0,0,0
3.985338375,0,0,0,0
3.985740125,1,0,1,1
3.985740187,0,0,0,0
3.985798250,1,0,1,1
3.985798313,0,0,0,0
3.985856562,1,0,0,1
3.985856625,0,0,0,0
3.986088812,0,0,0,1
3.986088875,0,0,0,0
3.986318312,0,0,0,1
3.986318375,0,0,0,0
3.994061750,0,0,1,1
3.994061813,0,0,0,0
3.994243062,1,0,0,1
3.994243125,0,0,0,0
3.994303625,0,0,1,1
3.994303687,0,0,0,0
3.994665938,0,0,1,1
3.994666000,0,0,0,0
3.994784625,0,0,1,1
3.994784688,0,0,0,0
3.994905188,0,0,1,1
3.994905250,0,0,0,0
3.995325875,1,0,1,1
3.995325938,0,0,0,0
3.995564000,1,0,0,0
3.995564063,0,0,0,0
3.995745187,0,0,1,1
3.995745250,0,0,0,0
3.996286375,0,0,1,1
3.996286437,0,0,0,0
4.004451687,0,0,0,1
4.004451750,0,0,0,0
4.004634562,0,0,1,1
4.004634625,0,0,0,0
4.004873687,1,0,1,1
4.004873750,0,0,0,0
4.005116000,0,0,1,1
4.005116062,0,0,0,0
4.005236938,1,0,1,1
4.005237000,0,0,0,0
4.005655125,1,0,1,1
4.005655188,0,0,0,0
4.006015937,1,0,1,1
4.006016000,0,0,0,0
4.006193063,1,0,1,1
4.006193125,0,0,0,0
4.006375750,0,0,0,1
4.006375812,0,0,0,0
4.014732813,0,0,1,1
4.014732875,0,0,0,0
4.014792875,1,0,1,1
4.014792938,0,0,0,0
4.015208937,0,0,1,0
4.015209000,0,0,0,0
4.015390313,1,0,1,1
4.015390375,0,0,0,0
4.015811688,1,0,0,1
4.015811750,0,0,0,0
4.016112375,0,0,1,1
4.016112438,0,0,0,0
4.016173500,1,0,0,0
4.016173562,0,0,0,0
4.016354000,0,0,0,1
4.016354062,0,0,0,0
4.024079250,0,0,1,1
4.024079312,0,0,0,0
4.025040312,1,0,0,0
4.025040375,0,0,0,0
4.025580375,0,0,1,1
4.025580438,0,0,0,0
4.025697750,0,0,1,1
4.025697812,0,0,0,0
4.025812187,0,0,1,1
4.025812250,0,0,0,0
4.025864625,1,0,1,1
4.025864688,0,0,0,0
4.025917062,0,0,1,0
4.025917125,0,0,0,0
4.026025563,0,0,1,1
4.026025625,0,0,0,0
4.026078000,1,0,1,0
4.026078062,0,0,0,0
4.026588937,0,0,1,0
4.026589000,0,0,0,0
4.034007875,0,0,1,1
4.034007938,0,0,0,0
4.034189687,0,0,1,1
4.034189750,0,0,0,0
4.034492937,1,0,1,1
4.034493000,0,0,0,0
4.034733750,0,0,1,1
4.034733812,0,0,0,0
4.035095313,0,0,1,1
4.035095375,0,0,0,0
4.035155562,0,0,1,1
4.035155625,0,0,0,0
4.035276438,1,0,1,1
4.035276500,0,0,0,0
4.035396813,1,0,0,0
4.035396875,0,0,0,0
4.035511063,1,0,1,1
4.035511125,0,0,0,0
4.036089125,0,0,1,1
4.036089188,0,0,0,0
4.043782812,0,0,0,1
4.043782875,0,0,0,0
4.044433188,0,0,1,1
4.044433250,0,0,0,0
4.044670375,0,0,1,1
4.044670437,0,0,0,0
4.044730688,0,0,1,1
4.044730750,0,0,0,0
4.045269375,1,0,1,1
4.045269438,0,0,0,0
4.045571062,0,0,1,1
4.045571125,0,0,0,0
4.045691813,0,0,1,1
4.045691875,0,0,0,0
4.045812312,1,0,1,1
4.045812375,0,0,0,0
4.045932438,1,0,0,1
4.045932500,0,0,0,0
4.046110687,1,0,1,1
4.046110750,0,0,0,0
4.053970188,0,0,0,1
4.053970250,0,0,0,0
4.054030437,0,0,1,1
4.054030500,0,0,0,0
4.054210688,1,0,1,1
4.054210750,0,0,0,0
4.054871875,0,0,1,1
4.054871937,0,0,0,0
4.054932875,0,0,0,1
4.054932938,0,0,0,0
4.055172625,1,0,0,1
4.055172687,0,0,0,0
4.055714688,1,0,1,1
4.055714750,0,0,0,0
4.055895813,1,0,1,1
4.055895875,0,0,0,0
4.056016312,1,0,1,1
4.056016375,0,0,0,0
4.056076437,1,0,1,1
4.056076500,0,0,0,0
4.063795062,0,0,0,1
4.063795125,0,0,0,0
4.064036687,0,0,1,1
4.064036750,0,0,0,0
4.065059875,0,0,1,1
4.065059938,0,0,0,0
4.065180750,0,0,1,1
4.065180813,0,0,0,0
4.065241187,1,0,1,1
4.065241250,0,0,0,0
4.065600250,1,0,1,1
4.065600312,0,0,0,0
4.065719250,1,0,1,1
4.065719312,0,0,0,0
4.074528625,0,0,1,1
4.074528687,0,0,0,0
4.075071875,0,0,1,1
4.075071937,0,0,0,0
4.075191562,1,0,0,0
4.075191625,0,0,0,0
4.075369375,0,0,1,1
4.075369438,0,0,0,0
4.075610313,1,0,0,0
4.075610375,0,0,0,0
4.075787875,0,0,1,1
4.075787938,0,0,0,0
4.075847937,0,0,1,1
4.075848000,0,0,0,0
4.083704375,0,0,0,1
4.083704437,0,0,0,0
4.084481562,0,0,1,1
4.084481625,0,0,0,0
4.084602500,1,0,1,1
4.084602562,0,0,0,0
4.085447063,0,0,1,0
4.085447125,0,0,0,0
4.085508000,0,0,1,1
4.085508062,0,0,0,0
4.085567437,1,0,1,1
4.085567500,0,0,0,0
4.093809625,0,0,0,1
4.093809688,0,0,0,0
4.094294000,0,0,1,1
4.094294063,0,0,0,0
4.094355063,0,0,1,1
4.094355125,0,0,0,0
4.094474750,0,0,0,1
4.094474812,0,0,0,0
4.094835563,0,0,1,0
4.094835625,0,0,0,0
4.095076438,1,0,1,1
4.095076500,0,0,0,0
4.095617625,1,0,1,1
4.095617687,0,0,0,0
4.095678000,1,0,1,1
4.095678063,0,0,0,0
4.095858687,1,0,0,0
4.095858750,0,0,0,0
4.095977625,0,0,1,1
4.095977687,0,0,0,0
4.096036750,1,0,1,1
4.096036813,0,0,0,0
4.096096750,0,0,1,1
4.096096812,0,0,0,0
4.103986750,0,0,1,1
4.103986812,0,0,0,0
4.104528250,0,0,0,1
4.104528313,0,0,0,0
4.105131875,0,0,1,1
4.105131938,0,0,0,0
4.114352313,0,0,1,0
4.114352375,0,0,0,0
4.114473250,1,0,1,1
4.114473313,0,0,0,0
4.114834938,0,0,1,1
4.114835000,0,0,0,0
4.115132000,1,0,1,1
4.115132062,0,0,0,0
4.115610187,1,0,1,1
4.115610250,0,0,0,0
4.115972500,0,0,1,1
4.115972562,0,0,0,0
4.123686375,0,0,0,1
4.123686437,0,0,0,0
4.124535687,1,0,1,1
4.124535750,0,0,0,0
4.125015750,0,0,1,1
4.125015813,0,0,0,0
4.125679312,0,0,1,0
4.125679375,0,0,0,0
4.125920437,1,0,1,1
4.125920500,0,0,0,0
4.126098375,1,0,0,0
4.126098437,0,0,0,0
4.133974688,0,0,1,1
4.133974750,0,0,0,0
4.134453188,1,0,0,0
4.134453250,0,0,0,0
4.134994062,0,0,1,1
4.134994125,0,0,0,0
4.135235000,1,0,1,1
4.135235062,0,0,0,0
4.135295375,0,0,1,1
4.135295437,0,0,0,0
4.135656500,1,0,1,1
4.135656563,0,0,0,0
4.136018500,0,0,1,1
4.136018563,0,0,0,0
4.143822688,0,0,1,1
4.143822750,0,0,0,0
4.144905125,0,0,1,0
4.144905188,0,0,0,0
4.145146937,0,0,1,1
4.145147000,0,0,0,0
4.145206812,0,0,1,0
4.145206875,0,0,0,0
4.145267063,0,0,1,1
4.145267125,0,0,0,0
4.145508250,1,0,1,1
4.145508312,0,0,0,0
4.145860938,1,0,1,1
4.145861000,0,0,0,0
4.145974813,0,0,1,1
4.145974875,0,0,0,0
4.146208687,0,0,0,1
4.146208750,0,0,0,0
4.146268062,0,0,0,1
4.146268125,0,0,0,0
4.154054125,0,0,1,1
4.154054187,0,0,0,0
4.154417875,0,0,1,0
4.154417938,0,0,0,0
4.154659250,0,0,0,1
4.154659312,0,0,0,0
4.155200813,0,0,1,0
4.155200875,0,0,0,0
4.155321437,1,0,1,1
4.155321500,0,0,0,0
4.155922375,0,0,1,1
4.155922438,0,0,0,0
4.163953937,0,0,1,0
4.163954000,0,0,0,0
4.164435250,0,0,1,1
4.164435313,0,0,0,0
4.164556250,0,0,1,1
4.164556313,0,0,0,0
4.164975000,0,0,1,0
4.164975062,0,0,0,0
4.165334000,0,0,1,0
4.165334063,0,0,0,0
4.165573688,1,0,0,1
4.165573750,0,0,0,0
4.165691250,1,0,1,1
4.165691312,0,0,0,0
4.165987500,1,0,0,1
4.165987562,0,0,0,0
4.166225875,0,0,1,1
4.166225938,0,0,0,0
4.173795062,0,0,1,1
4.173795125,0,0,0,0
4.173855312,0,0,1,0
4.173855375,0,0,0,0
4.174036688,0,0,1,1
4.174036750,0,0,0,0
4.175119500,1,0,1,1
4.175119562,0,0,0,0
4.175902437,0,0,1,0
4.175902500,0,0,0,0
4.183614125,0,0,0,1
4.183614187,0,0,0,0
4.184153438,0,0,1,0
4.184153500,0,0,0,0
4.184454188,0,0,1,1
4.184454250,0,0,0,0
4.184631125,0,0,1,1
4.184631187,0,0,0,0
4.185108562,0,0,0,1
4.185108625,0,0,0,0
4.185168563,1,0,1,1
4.185168625,0,0,0,0
4.185288062,1,0,1,1
4.185288125,0,0,0,0
4.185758687,0,0,1,1
4.185758750,0,0,0,0
4.185929875,1,0,1,1
4.185929938,0,0,0,0
4.186100875,0,0,0,1
4.186100938,0,0,0,0
4.194516000,1,0,1,1
4.194516062,0,0,0,0
4.194637500,1,0,1,1
4.194637562,0,0,0,0
4.194698938,0,0,1,1
4.194699000,0,0,0,0
4.194821187,1,0,0,1
4.194821250,0,0,0,0
4.195127063,0,0,1,1
4.195127125,0,0,0,0
4.195434250,1,0,0,0
4.195434312,0,0,0,0
4.203998375,0,0,1,1
4.203998438,0,0,0,0
4.204600125,0,0,1,0
4.204600187,0,0,0,0
4.204840000,1,0,1,1
4.204840062,0,0,0,0
4.204900313,1,0,0,1
4.204900375,0,0,0,0
4.205021750,0,0,1,1
4.205021813,0,0,0,0
4.205201625,1,0,1,1
4.205201687,0,0,0,0
4.205382875,1,0,0,0
4.205382937,0,0,0,0
4.205745063,1,0,1,1
4.205745125,0,0,0,0
4.205925750,0,0,1,1
4.205925813,0,0,0,0
4.205986125,0,0,1,1
4.205986187,0,0,0,0
4.206046500,0,0,1,1
4.206046563,0,0,0,0
4.206167250,0,0,0,1
4.206167312,0,0,0,0
4.214006875,0,0,1,1
4.214006937,0,0,0,0
4.214370687,0,0,0,1
4.214370750,0,0,0,0
4.214970562,1,0,1,1
4.214970625,0,0,0,0
4.215452250,1,0,1,1
4.215452313,0,0,0,0
4.215631000,1,0,1,1
4.215631062,0,0,0,0
4.215691937,1,0,0,0
4.215692000,0,0,0,0
4.216052312,0,0,0,1
4.216052375,0,0,0,0
4.224125563,0,0,0,1
4.224125625,0,0,0,0
4.224244937,1,0,1,1
4.224245000,0,0,0,0
4.224908000,0,0,0,1
4.224908062,0,0,0,0
4.225028938,1,0,0,1
4.225029000,0,0,0,0
4.225089375,1,0,1,1
4.225089438,0,0,0,0
4.225509875,0,0,1,1
4.225509938,0,0,0,0
4.225689500,1,0,1,1
4.225689563,0,0,0,0
4.225810313,1,0,1,1
4.225810375,0,0,0,0
4.226231500,0,0,0,1
4.226231562,0,0,0,0
4.233989812,0,0,0,1
4.233989875,0,0,0,0
4.234358187,0,0,1,1
4.234358250,0,0,0,0
4.235038063,1,0,0,1
4.235038125,0,0,0,0
4.235161563,0,0,1,0
4.235161625,0,0,0,0
4.235223000,1,0,1,1
4.235223063,0,0,0,0
4.235406313,1,0,1,1
4.235406375,0,0,0,0
4.235530125,1,0,0,1
4.235530188,0,0,0,0
4.236019375,0,0,0,1
4.236019438,0,0,0,0
4.244205688,0,0,1,1
4.244205750,0,0,0,0
4.244327313,1,0,0,1
4.244327375,0,0,0,0
4.244387813,0,0,1,1
4.244387875,0,0,0,0
4.244570500,1,0,1,1
4.244570562,0,0,0,0
4.244630000,0,0,0,1
4.244630062,0,0,0,0
4.244871750,1,0,1,1
4.244871812,0,0,0,0
4.244930875,1,0,0,0
4.244930938,0,0,0,0
4.245049875,0,0,1,1
4.245049938,0,0,0,0
4.246099563,0,0,0,1
4.246099625,0,0,0,0
4.253953437,0,0,1,1
4.253953500,0,0,0,0
4.254194875,0,0,1,1
4.254194938,0,0,0,0
4.254255188,0,0,1,1
4.254255250,0,0,0,0
4.254737125,0,0,1,1
4.254737187,0,0,0,0
4.254797250,1,0,1,1
4.254797313,0,0,0,0
4.255093312,0,0,1,1
4.255093375,0,0,0,0
4.255275812,1,0,0,1
4.255275875,0,0,0,0
4.255455500,1,0,1,1
4.255455562,0,0,0,0
4.255635938,1,0,1,1
4.255636000,0,0,0,0
4.255875875,1,0,1,1
4.255875937,0,0,0,0
4.255996625,0,0,0,1
4.255996687,0,0,0,0
4.263883938,0,0,1,1
4.263884000,0,0,0,0
4.264127000,0,0,1,1
4.264127063,0,0,0,0
4.264368562,1,0,1,1
4.264368625,0,0,0,0
4.264428875,0,0,1,1
4.264428937,0,0,0,0
4.264613125,0,0,1,1
4.264613188,0,0,0,0
4.264674625,1,0,0,0
4.264674687,0,0,0,0
4.264858187,1,0,0,1
4.264858250,0,0,0,0
4.265218250,1,0,1,1
4.265218313,0,0,0,0
4.265339188,0,0,1,0
4.265339250,0,0,0,0
4.265459500,1,0,1,1
4.265459563,0,0,0,0
4.265580812,1,0,0,0
4.265580875,0,0,0,0
4.265881500,1,0,1,1
4.265881562,0,0,0,0
4.265941625,0,0,0,1
4.265941687,0,0,0,0
4.266124375,0,0,0,1
4.266124438,0,0,0,0
4.273734875,0,0,1,1
4.273734938,0,0,0,0
4.273796000,0,0,1,1
4.273796062,0,0,0,0
4.274097625,0,0,1,1
4.274097688,0,0,0,0
4.274156687,0,0,1,1
4.274156750,0,0,0,0
4.274457500,1,0,1,1
4.274457563,0,0,0,0
4.275480125,1,0,0,1
4.275480188,0,0,0,0
4.275600625,1,0,0,1
4.275600687,0,0,0,0
4.275721250,0,0,0,1
4.275721312,0,0,0,0
4.283449187,0,0,0,1
4.283449250,0,0,0,0
4.283691250,0,0,1,1
4.283691313,0,0,0,0
4.284360000,0,0,1,1
4.284360063,0,0,0,0
4.284540000,0,0,1,1
4.284540062,0,0,0,0
4.285367250,0,0,1,1
4.285367313,0,0,0,0
4.285484750,1,0,1,1
4.285484813,0,0,0,0
4.285662813,1,0,1,1
4.285662875,0,0,0,0
4.285840875,0,0,1,1
4.285840937,0,0,0,0
4.293394250,0,0,0,1
4.293394313,0,0,0,0
4.293809063,0,0,1,1
4.293809125,0,0,0,0
4.294047000,0,0,1,1
4.294047062,0,0,0,0
4.294106500,1,0,1,1
4.294106562,0,0,0,0
4.294702188,1,0,1,1
4.294702250,0,0,0,0
4.294761250,0,0,1,0
4.294761313,0,0,0,0
4.294881063,1,0,1,1
4.294881125,0,0,0,0
4.295241312,1,0,1,1
4.295241375,0,0,0,0
4.295541938,0,0,1,1
4.295542000,0,0,0,0
4.295661250,1,0,1,1
4.295661313,0,0,0,0
4.304227563,0,0,1,0
4.304227625,0,0,0,0
4.304288063,0,0,1,1
4.304288125,0,0,0,0
4.304409625,1,0,1,1
4.304409687,0,0,0,0
4.304650063,0,0,1,1
4.304650125,0,0,0,0
4.304830750,1,0,1,1
4.304830812,0,0,0,0
4.305494813,0,0,1,1
4.305494875,0,0,0,0
4.305678375,1,0,0,0
4.305678438,0,0,0,0
4.305860437,0,0,1,1
4.305860500,0,0,0,0
4.306040813,0,0,1,1
4.306040875,0,0,0,0
4.313746563,0,0,0,1
4.313746625,0,0,0,0
4.314464875,0,0,1,1
4.314464938,0,0,0,0
4.314702125,0,0,1,1
4.314702188,0,0,0,0
4.314821562,1,0,1,1
4.314821625,0,0,0,0
4.315182875,0,0,1,1
4.315182938,0,0,0,0
4.315363438,1,0,1,1
4.315363500,0,0,0,0
4.315423563,0,0,1,1
4.315423625,0,0,0,0
4.315662438,1,0,0,0
4.315662500,0,0,0,0
4.315723375,1,0,1,1
4.315723437,0,0,0,0
4.315842875,1,0,1,1
4.315842938,0,0,0,0
4.324183250,0,0,0,1
4.324183312,0,0,0,0
4.324304063,0,0,1,0
4.324304125,0,0,0,0
4.324424562,1,0,1,1
4.324424625,0,0,0,0
4.324666063,0,0,1,1
4.324666125,0,0,0,0
4.324726563,0,0,0,1
4.324726625,0,0,0,0
4.325028813,1,0,0,0
4.325028875,0,0,0,0
4.325089063,1,0,1,1
4.325089125,0,0,0,0
4.325209187,1,0,1,1
4.325209250,0,0,0,0
4.325567312,1,0,1,1
4.325567375,0,0,0,0
4.325807688,0,0,1,1
4.325807750,0,0,0,0
4.325988750,0,0,0,1
4.325988813,0,0,0,0
4.326109000,0,0,0,1
4.326109062,0,0,0,0
4.333694875,0,0,1,1
4.333694937,0,0,0,0
4.333793125,0,0,1,0
4.333793188,0,0,0,0
4.334232812,0,0,1,1
4.334232875,0,0,0,0
4.334634875,1,0,0,1
4.334634937,0,0,0,0
4.334743125,1,0,0,1
4.334743187,0,0,0,0
4.335300812,0,0,1,1
4.335300875,0,0,0,0
4.335358688,1,0,1,1
4.335358750,0,0,0,0
4.335416688,1,0,0,1
4.335416750,0,0,0,0
4.335475500,0,0,1,1
4.335475563,0,0,0,0
4.343645813,0,0,1,1
4.343645875,0,0,0,0
4.343817750,0,0,1,1
4.343817813,0,0,0,0
4.343876250,0,0,1,1
4.343876312,0,0,0,0
4.343935562,0,0,0,1
4.343935625,0,0,0,0
4.344464500,0,0,1,1
4.344464562,0,0,0,0
4.344879625,1,0,0,0
4.344879687,0,0,0,0
4.345060000,0,0,1,1
4.345060062,0,0,0,0
4.345301437,1,0,0,1
4.345301500,0,0,0,0
4.345422062,1,0,0,1
4.345422125,0,0,0,0
4.345602312,0,0,0,1
4.345602375,0,0,0,0
4.345781125,0,0,1,1
4.345781188,0,0,0,0
4.353715313,0,0,1,1
4.353715375,0,0,0,0
4.353775438,1,0,1,1
4.353775500,0,0,0,0
4.353834812,0,0,1,0
4.353834875,0,0,0,0
4.354200687,0,0,1,1
4.354200750,0,0,0,0
4.355105938,0,0,1,1
4.355106000,0,0,0,0
4.355408438,1,0,1,1
4.355408500,0,0,0,0
4.355711313,1,0,1,1
4.355711375,0,0,0,0
4.355832625,0,0,1,1
4.355832688,0,0,0,0
4.363355562,0,0,0,1
4.363355625,0,0,0,0
4.363537812,0,0,0,1
4.363537875,0,0,0,0
4.363896625,0,0,1,1
4.363896687,0,0,0,0
4.364318625,0,0,1,1
4.364318687,0,0,0,0
4.364438813,0,0,0,1
4.364438875,0,0,0,0
4.364798187,1,0,1,1
4.364798250,0,0,0,0
4.364858375,1,0,1,1
4.364858437,0,0,0,0
4.364978938,1,0,1,1
4.364979000,0,0,0,0
4.365039313,1,0,0,1
4.365039375,0,0,0,0
4.365220000,1,0,0,1
4.365220062,0,0,0,0
4.365397813,0,0,1,1
4.365397875,0,0,0,0
4.365696188,1,0,0,1
4.365696250,0,0,0,0
4.373350313,0,0,0,1
4.373350375,0,0,0,0
4.373654500,0,0,1,1
4.373654562,0,0,0,0
4.373775688,1,0,1,1
4.373775750,0,0,0,0
4.373896313,0,0,1,0
4.373896375,0,0,0,0
4.374077687,0,0,1,1
4.374077750,0,0,0,0
4.374379250,0,0,1,0
4.374379313,0,0,0,0
4.374739125,0,0,1,1
4.374739188,0,0,0,0
4.375399687,0,0,0,1
4.375399750,0,0,0,0
4.375581187,1,0,1,1
4.375581250,0,0,0,0
4.375820875,0,0,0,1
4.375820938,0,0,0,0
4.383403000,0,0,0,1
4.383403063,0,0,0,0
4.383463563,0,0,1,1
4.383463625,0,0,0,0
4.383645000,0,0,1,1
4.383645063,0,0,0,0
4.384064562,0,0,1,1
4.384064625,0,0,0,0
4.384422125,0,0,1,1
4.384422188,0,0,0,0
4.384481187,1,0,1,1
4.384481250,0,0,0,0
4.384661000,0,0,1,1
4.384661063,0,0,0,0
4.384722188,0,0,1,1
4.384722250,0,0,0,0
4.385023125,1,0,1,1
4.385023187,0,0,0,0
4.385444375,1,0,1,1
4.385444438,0,0,0,0
4.393842250,0,0,1,1
4.393842313,0,0,0,0
4.394023062,1,0,0,1
4.394023125,0,0,0,0
4.394811000,1,0,1,1
4.394811062,0,0,0,0
4.395112938,1,0,1,1
4.395113000,0,0,0,0
4.395776625,0,0,0,1
4.395776687,0,0,0,0
4.403713312,0,0,1,1
4.403713375,0,0,0,0
4.403772437,0,0,1,1
4.403772500,0,0,0,0
4.403953125,1,0,0,1
4.403953187,0,0,0,0
4.404013188,0,0,1,1
4.404013250,0,0,0,0
4.404072375,0,0,1,1
4.404072437,0,0,0,0
4.404615062,0,0,1,1
4.404615125,0,0,0,0
4.404795625,0,0,1,1
4.404795688,0,0,0,0
4.405155438,1,0,1,1
4.405155500,0,0,0,0
4.405274562,1,0,0,1
4.405274625,0,0,0,0
4.405515875,1,0,1,1
4.405515937,0,0,0,0
4.405635063,1,0,0,0
4.405635125,0,0,0,0
4.405813625,0,0,0,1
4.405813688,0,0,0,0
4.405994188,0,0,0,1
4.405994250,0,0,0,0
4.413534312,0,0,0,1
4.413534375,0,0,0,0
4.413595375,0,0,1,1
4.413595437,0,0,0,0
4.413715125,0,0,0,1
4.413715188,0,0,0,0
4.414077188,0,0,0,1
4.414077250,0,0,0,0
4.414437813,1,0,1,1
4.414437875,0,0,0,0
4.414498062,1,0,1,1
4.414498125,0,0,0,0
4.414797563,1,0,1,1
4.414797625,0,0,0,0
4.414974687,1,0,1,1
4.414974750,0,0,0,0
4.415514875,1,0,1,1
4.415514938,0,0,0,0
4.415633063,0,0,1,1
4.415633125,0,0,0,0
4.415814750,0,0,0,1
4.415814812,0,0,0,0
4.424038688,0,0,1,1
4.424038750,0,0,0,0
4.424099812,1,0,1,1
4.424099875,0,0,0,0
4.424461000,0,0,1,1
4.424461062,0,0,0,0
4.424520187,1,0,1,1
4.424520250,0,0,0,0
4.425003937,1,0,1,1
4.425004000,0,0,0,0
4.425305813,1,0,0,1
4.425305875,0,0,0,0
4.433566188,0,0,1,1
4.433566250,0,0,0,0
4.434693438,1,0,1,1
4.434693500,0,0,0,0
4.434749750,0,0,1,1
4.434749812,0,0,0,0
4.434863062,1,0,1,1
4.434863125,0,0,0,0
4.434920250,1,0,1,1
4.434920313,0,0,0,0
4.435035187,1,0,0,1
4.435035250,0,0,0,0
4.435206313,1,0,1,1
4.435206375,0,0,0,0
4.435264562,0,0,1,1
4.435264625,0,0,0,0
4.435322937,1,0,1,1
4.435323000,0,0,0,0
4.435439563,1,0,1,1
4.435439625,0,0,0,0
4.435497687,1,0,1,1
4.435497750,0,0,0,0
4.435670688,0,0,1,1
4.435670750,0,0,0,0
4.443357875,0,0,1,0
4.443357938,0,0,0,0
4.443648438,0,0,1,1
4.443648500,0,0,0,0
4.443941937,0,0,0,1
4.443942000,0,0,0,0
4.444000437,0,0,1,1
4.444000500,0,0,0,0
4.444120062,0,0,1,0
4.444120125,0,0,0,0
4.444718000,1,0,0,0
4.444718062,0,0,0,0
4.444898187,0,0,1,1
4.444898250,0,0,0,0
4.445198000,0,0,1,1
4.445198063,0,0,0,0
4.445436000,1,0,1,1
4.445436062,0,0,0,0
4.445677812,1,0,0,0
4.445677875,0,0,0,0
4.453607437,0,0,1,1
4.453607500,0,0,0,0
4.453969375,1,0,0,1
4.453969437,0,0,0,0
4.454089000,1,0,1,1
4.454089062,0,0,0,0
4.454209625,0,0,0,1
4.454209687,0,0,0,0
4.454270000,0,0,1,1
4.454270063,0,0,0,0
4.454451375,0,0,1,1
4.454451438,0,0,0,0
4.454989937,1,0,0,1
4.454990000,0,0,0,0
4.455230750,0,0,1,0
4.455230812,0,0,0,0
4.455291000,0,0,1,1
4.455291062,0,0,0,0
4.455412375,1,0,0,0
4.455412437,0,0,0,0
4.455774125,0,0,0,1
4.455774188,0,0,0,0
4.463309125,0,0,0,1
4.463309188,0,0,0,0
4.463369250,0,0,0,1
4.463369313,0,0,0,0
4.463849813,1,0,0,0
4.463849875,0,0,0,0
4.464268625,1,0,0,1
4.464268687,0,0,0,0
4.464869063,0,0,1,1
4.464869125,0,0,0,0
4.465108000,0,0,1,0
4.465108062,0,0,0,0
4.473891000,0,0,1,1
4.473891062,0,0,0,0
4.474194062,0,0,1,0
4.474194125,0,0,0,0
4.474254562,0,0,1,1
4.474254625,0,0,0,0
4.474375437,1,0,0,1
4.474375500,0,0,0,0
4.474495813,0,0,0,1
4.474495875,0,0,0,0
4.474793875,0,0,1,0
4.474793938,0,0,0,0
4.474915313,0,0,1,1
4.474915375,0,0,0,0
4.475274875,1,0,0,0
4.475274938,0,0,0,0
4.475515813,0,0,1,1
4.475515875,0,0,0,0
4.475575750,0,0,1,1
4.475575812,0,0,0,0
4.483718438,0,0,1,1
4.483718500,0,0,0,0
4.483960500,0,0,1,1
4.483960563,0,0,0,0
4.484142250,0,0,1,1
4.484142313,0,0,0,0
4.484560313,1,0,1,1
4.484560375,0,0,0,0
4.484681000,0,0,1,1
4.484681062,0,0,0,0
4.485100938,1,0,1,1
4.485101000,0,0,0,0
4.485396500,1,0,0,1
4.485396563,0,0,0,0
4.485576625,0,0,1,1
4.485576688,0,0,0,0
4.493257625,0,0,0,1
4.493257687,0,0,0,0
4.494164000,0,0,1,1
4.494164063,0,0,0,0
4.494648062,0,0,1,1
4.494648125,0,0,0,0
4.494767438,0,0,1,1
4.494767500,0,0,0,0
4.495074750,1,0,0,0
4.495074813,0,0,0,0
4.495379563,1,0,0,0
4.495379625,0,0,0,0
4.495440500,1,0,0,0
4.495440562,0,0,0,0
4.503289563,0,0,0,1
4.503289625,0,0,0,0
4.503472250,0,0,1,1
4.503472312,0,0,0,0
4.503653062,0,0,1,1
4.503653125,0,0,0,0
4.503712625,0,0,0,1
4.503712688,0,0,0,0
4.503773125,0,0,0,1
4.503773188,0,0,0,0
4.503834187,0,0,1,1
4.503834250,0,0,0,0
4.504617750,1,0,0,1
4.504617813,0,0,0,0
4.504678187,0,0,1,0
4.504678250,0,0,0,0
4.505040625,1,0,1,1
4.505040688,0,0,0,0
4.505100813,1,0,0,0
4.505100875,0,0,0,0
4.505456750,0,0,1,1
4.505456813,0,0,0,0
4.505638063,0,0,1,1
4.505638125,0,0,0,0
4.513457500,0,0,1,1
4.513457563,0,0,0,0
4.513518625,0,0,1,1
4.513518688,0,0,0,0
4.513639500,0,0,1,1
4.513639562,0,0,0,0
4.513883938,0,0,1,1
4.513884000,0,0,0,0
4.514186438,0,0,0,1
4.514186500,0,0,0,0
4.514427438,0,0,1,1
4.514427500,0,0,0,0
4.514487875,1,0,1,1
4.514487938,0,0,0,0
4.515147687,1,0,1,1
4.515147750,0,0,0,0
4.515570688,0,0,1,1
4.515570750,0,0,0,0
4.523753000,0,0,1,1
4.523753062,0,0,0,0
4.524174688,0,0,1,1
4.524174750,0,0,0,0
4.524533938,0,0,1,1
4.524534000,0,0,0,0
4.524594375,1,0,1,1
4.524594438,0,0,0,0
4.524835750,1,0,1,1
4.524835813,0,0,0,0
4.525432375,0,0,1,1
4.525432438,0,0,0,0
4.525611813,0,0,1,1
4.525611875,0,0,0,0
4.525911563,0,0,0,1
4.525911625,0,0,0,0
4.533724438,0,0,0,1
4.533724500,0,0,0,0
4.534867125,1,0,0,0
4.534867187,0,0,0,0
4.535107688,1,0,0,0
4.535107750,0,0,0,0
4.535227938,1,0,1,1
4.535228000,0,0,0,0
4.535287875,1,0,1,1
4.535287937,0,0,0,0
4.535406187,1,0,1,1
4.535406250,0,0,0,0
4.535582312,0,0,0,1
4.535582375,0,0,0,0
4.543310313,0,0,1,1
4.543310375,0,0,0,0
4.543431875,0,0,1,1
4.543431938,0,0,0,0
4.543664938,0,0,1,1
4.543665000,0,0,0,0
4.543780375,0,0,1,1
4.543780437,0,0,0,0
4.544016313,1,0,0,1
4.544016375,0,0,0,0
4.544074313,0,0,1,1
4.544074375,0,0,0,0
4.544189937,0,0,1,1
4.544190000,0,0,0,0
4.544307000,0,0,1,1
4.544307062,0,0,0,0
4.544705625,0,0,1,1
4.544705687,0,0,0,0
4.544992125,0,0,1,1
4.544992188,0,0,0,0
4.545401750,1,0,1,1
4.545401812,0,0,0,0
4.553728375,0,0,1,1
4.553728438,0,0,0,0
4.553787938,0,0,1,1
4.553788000,0,0,0,0
4.554145000,0,0,0,1
4.554145062,0,0,0,0
4.554205375,0,0,1,1
4.554205438,0,0,0,0
4.554385625,0,0,1,1
4.554385687,0,0,0,0
4.554567188,0,0,0,1
4.554567250,0,0,0,0
4.554869375,0,0,1,1
4.554869437,0,0,0,0
4.554930500,1,0,1,1
4.554930563,0,0,0,0
4.554991438,1,0,0,1
4.554991500,0,0,0,0
4.555050813,1,0,1,1
4.555050875,0,0,0,0
4.555291000,1,0,1,1
4.555291063,0,0,0,0
4.555472250,1,0,0,0
4.555472313,0,0,0,0
4.563241500,0,0,0,1
4.563241563,0,0,0,0
4.563300875,0,0,1,1
4.563300938,0,0,0,0
4.563482250,0,0,1,1
4.563482312,0,0,0,0
4.563900937,0,0,1,1
4.563901000,0,0,0,0
4.563962000,0,0,1,1
4.563962062,0,0,0,0
4.564559188,1,0,1,1
4.564559250,0,0,0,0
4.564802187,0,0,1,0
4.564802250,0,0,0,0
4.564862250,1,0,0,1
4.564862312,0,0,0,0
4.564921437,0,0,1,1
4.564921500,0,0,0,0
4.565459375,1,0,0,0
4.565459438,0,0,0,0
4.565519562,0,0,1,1
4.565519625,0,0,0,0
4.573543875,1,0,1,1
4.573543938,0,0,0,0
4.573665500,0,0,1,1
4.573665562,0,0,0,0
4.574207125,1,0,1,1
4.574207187,0,0,0,0
4.574446125,0,0,1,1
4.574446188,0,0,0,0
4.574507125,0,0,1,1
4.574507188,0,0,0,0
4.574865875,0,0,1,1
4.574865938,0,0,0,0
4.574983937,1,0,1,1
4.574984000,0,0,0,0
4.575044000,1,0,0,0
4.575044062,0,0,0,0
4.575344625,1,0,0,0
4.575344688,0,0,0,0
4.575463625,0,0,1,1
4.575463687,0,0,0,0
4.575523750,0,0,1,1
4.575523813,0,0,0,0
4.583650250,0,0,1,1
4.583650312,0,0,0,0
4.584125000,0,0,1,1
4.584125063,0,0,0,0
4.584184250,0,0,1,1
4.584184312,0,0,0,0
4.584303000,1,0,0,0
4.584303063,0,0,0,0
4.584539562,1,0,0,1
4.584539625,0,0,0,0
4.585361000,0,0,1,1
4.585361062,0,0,0,0
4.585477188,0,0,1,1
4.585477250,0,0,0,0
4.585651688,0,0,0,1
4.585651750,0,0,0,0
4.593511063,0,0,1,1
4.593511125,0,0,0,0
4.594047312,0,0,1,1
4.594047375,0,0,0,0
4.594284125,1,0,0,1
4.594284187,0,0,0,0
4.594585000,0,0,1,1
4.594585063,0,0,0,0
4.594762000,0,0,1,1
4.594762063,0,0,0,0
4.594822125,0,0,1,1
4.594822188,0,0,0,0
4.595123812,0,0,1,0
4.595123875,0,0,0,0
4.595303937,0,0,1,0
4.595304000,0,0,0,0
4.595364188,0,0,1,1
4.595364250,0,0,0,0
4.595545312,0,0,1,1
4.595545375,0,0,0,0
4.604052688,0,0,1,1
4.604052750,0,0,0,0
4.605081187,0,0,1,1
4.605081250,0,0,0,0
4.605140438,1,0,0,1
4.605140500,0,0,0,0
4.605380688,1,0,0,1
4.605380750,0,0,0,0
4.605440687,1,0,0,1
4.605440750,0,0,0,0
4.613217250,0,0,1,1
4.613217312,0,0,0,0
4.614120375,1,0,1,1
4.614120437,0,0,0,0
4.614662563,0,0,1,1
4.614662625,0,0,0,0
4.614780438,1,0,1,1
4.614780500,0,0,0,0
4.614839375,1,0,1,1
4.614839437,0,0,0,0
4.615381313,0,0,1,1
4.615381375,0,0,0,0
4.615500812,0,0,0,1
4.615500875,0,0,0,0
4.623648562,0,0,0,1
4.623648625,0,0,0,0
4.623709625,0,0,0,1
4.623709687,0,0,0,0
4.624191188,1,0,1,1
4.624191250,0,0,0,0
4.624311750,0,0,1,1
4.624311813,0,0,0,0
4.624372062,0,0,1,1
4.624372125,0,0,0,0
4.624971875,1,0,1,1
4.624971937,0,0,0,0
4.625031063,0,0,0,1
4.625031125,0,0,0,0
4.633072813,0,0,0,1
4.633072875,0,0,0,0
4.633435312,0,0,1,1
4.633435375,0,0,0,0
4.633617000,0,0,0,1
4.633617062,0,0,0,0
4.634035500,0,0,1,1
4.634035563,0,0,0,0
4.634457500,0,0,1,1
4.634457562,0,0,0,0
4.634816938,0,0,1,1
4.634817000,0,0,0,0
4.635236750,1,0,0,1
4.635236812,0,0,0,0
4.636803125,0,0,1,0
4.636803312,0,0,1,1
4.636803687,1,0,1,1
4.636803750,1,1,1,1
4.686801500,1,1,1,0
4.686801625,1,1,0,0
4.686802000,1,0,0,0
4.686802187,0,0,0,0
4.693148563,0,0,1,1
4.693148625,0,0,0,0
4.693209000,0,0,1,1
4.693209063,0,0,0,0
4.693754937,0,0,1,1
4.693755000,0,0,0,0
4.694056312,0,0,1,1
4.694056375,0,0,0,0
4.694176625,0,0,1,1
4.694176687,0,0,0,0
4.694295750,0,0,1,1
4.694295813,0,0,0,0
4.694535125,1,0,1,1
4.694535187,0,0,0,0
4.694776313,0,0,1,0
4.694776375,0,0,0,0
4.694835500,1,0,1,1
4.694835562,0,0,0,0
4.694953625,1,0,1,1
4.694953687,0,0,0,0
4.695189688,1,0,1,1
4.695189750,0,0,0,0
4.703087625,0,0,1,1
4.703087688,0,0,0,0
4.703209500,0,0,1,1
4.703209562,0,0,0,0
4.703390750,0,0,0,1
4.703390813,0,0,0,0
4.703451000,0,0,0,1
4.703451063,0,0,0,0
4.703630375,0,0,1,1
4.703630438,0,0,0,0
4.703689563,0,0,1,1
4.703689625,0,0,0,0
4.703990562,0,0,1,0
4.703990625,0,0,0,0
4.704292063,1,0,1,1
4.704292125,0,0,0,0
4.704352500,1,0,1,1
4.704352562,0,0,0,0
4.704653625,0,0,1,0
4.704653687,0,0,0,0
4.704771500,1,0,1,1
4.704771563,0,0,0,0
4.705132625,1,0,0,0
4.705132687,0,0,0,0
4.713433625,0,0,1,1
4.713433688,0,0,0,0
4.713973625,0,0,1,1
4.713973688,0,0,0,0
4.714395312,0,0,1,1
4.714395375,0,0,0,0
4.714517812,1,0,1,1
4.714517875,0,0,0,0
4.714578813,1,0,1,1
4.714578875,0,0,0,0
4.714638250,1,0,1,1
4.714638312,0,0,0,0
4.714879250,1,0,0,1
4.714879312,0,0,0,0
4.715059313,1,0,0,0
4.715059375,0,0,0,0
4.715179875,0,0,1,1
4.715179938,0,0,0,0
4.715301125,1,0,0,0
4.715301187,0,0,0,0
4.722878937,0,0,1,1
4.722879000,0,0,0,0
4.723359375,0,0,1,1
4.723359438,0,0,0,0
4.723537562,0,0,1,1
4.723537625,0,0,0,0
4.723657000,0,0,1,1
4.723657063,0,0,0,0
4.724378250,1,0,0,1
4.724378312,0,0,0,0
4.724979125,0,0,1,1
4.724979187,0,0,0,0
4.725100688,0,0,1,1
4.725100750,0,0,0,0
4.725521312,0,0,0,1
4.725521375,0,0,0,0
4.733131000,0,0,1,1
4.733131063,0,0,0,0
4.733313125,0,0,1,1
4.733313188,0,0,0,0
4.733372688,0,0,1,1
4.733372750,0,0,0,0
4.733794813,0,0,1,1
4.733794875,0,0,0,0
4.734095563,0,0,1,1
4.734095625,0,0,0,0
4.734336125,0,0,1,1
4.734336188,0,0,0,0
4.734574438,1,0,1,1
4.734574500,0,0,0,0
4.734937312,0,0,1,1
4.734937375,0,0,0,0
4.735178750,1,0,0,1
4.735178813,0,0,0,0
4.735238938,1,0,0,0
4.735239000,0,0,0,0
4.742798562,0,0,1,0
4.742798625,0,0,0,0
4.743349937,0,0,1,1
4.743350000,0,0,0,0
4.743546187,0,0,1,0
4.743546250,0,0,0,0
4.743644250,0,0,1,1
4.743644312,0,0,0,0
4.743693250,0,0,1,1
4.743693312,0,0,0,0
4.743742250,0,0,1,1
4.743742313,0,0,0,0
4.744055187,0,0,1,1
4.744055250,0,0,0,0
4.744326250,0,0,1,1
4.744326313,0,0,0,0
4.744384250,0,0,1,1
4.744384313,0,0,0,0
4.744499438,1,0,1,1
4.744499500,0,0,0,0
4.744556250,1,0,1,1
4.744556313,0,0,0,0
4.745026063,0,0,1,1
4.745026125,0,0,0,0
4.745265563,1,0,0,1
4.745265625,0,0,0,0
4.745326562,0,0,1,1
4.745326625,0,0,0,0
4.745387688,0,0,0,1
4.745387750,0,0,0,0
4.753828187,1,0,1,1
4.753828250,0,0,0,0
4.754309125,1,0,1,1
4.754309187,0,0,0,0
4.754728187,0,0,0,1
4.754728250,0,0,0,0
4.754908688,1,0,1,1
4.754908750,0,0,0,0
4.755209938,0,0,1,1
4.755210000,0,0,0,0
4.762780688,0,0,0,1
4.762780750,0,0,0,0
4.763686500,0,0,1,1
4.763686563,0,0,0,0
4.763746750,0,0,1,1
4.763746812,0,0,0,0
4.763807000,0,0,1,1
4.763807062,0,0,0,0
4.764108688,1,0,0,1
4.764108750,0,0,0,0
4.764230187,0,0,1,1
4.764230250,0,0,0,0
4.764291187,0,0,1,1
4.764291250,0,0,0,0
4.764592250,1,0,0,0
4.764592312,0,0,0,0
4.764653688,1,0,0,1
4.764653750,0,0,0,0
4.764775875,1,0,0,1
4.764775937,0,0,0,0
4.764955562,0,0,1,1
4.764955625,0,0,0,0
4.773142062,0,0,1,1
4.773142125,0,0,0,0
4.773439375,1,0,1,1
4.773439438,0,0,0,0
4.773619750,0,0,1,1
4.773619812,0,0,0,0
4.773799187,1,0,1,1
4.773799250,0,0,0,0
4.773859500,1,0,1,1
4.773859563,0,0,0,0
4.774220937,1,0,0,0
4.774221000,0,0,0,0
4.774759813,1,0,1,1
4.774759875,0,0,0,0
4.774819875,0,0,1,1
4.774819938,0,0,0,0
4.775061563,1,0,1,1
4.775061625,0,0,0,0
4.783009625,0,0,1,1
4.783009687,0,0,0,0
4.784036000,0,0,1,1
4.784036063,0,0,0,0
4.784336188,0,0,1,1
4.784336250,0,0,0,0
4.785120062,0,0,1,1
4.785120125,0,0,0,0
4.785239437,1,0,0,0
4.785239500,0,0,0,0
4.785529250,0,0,0,1
4.785529312,0,0,0,0
4.793272563,0,0,1,1
4.793272625,0,0,0,0
4.793446125,1,0,0,1
4.793446187,0,0,0,0
4.793617875,1,0,1,1
4.793617937,0,0,0,0
4.793968375,1,0,1,1
4.793968438,0,0,0,0
4.794085687,0,0,1,1
4.794085750,0,0,0,0
4.794144125,0,0,1,1
4.794144187,0,0,0,0
4.794263313,0,0,1,0
4.794263375,0,0,0,0
4.794321688,0,0,1,1
4.794321750,0,0,0,0
4.794500125,0,0,1,1
4.794500187,0,0,0,0
4.794618500,0,0,1,1
4.794618563,0,0,0,0
4.794677875,1,0,1,1
4.794677938,0,0,0,0
4.794738000,1,0,1,1
4.794738062,0,0,0,0
4.795157063,0,0,1,1
4.795157125,0,0,0,0
4.803032313,0,0,1,1
4.803032375,0,0,0,0
4.804005750,0,0,1,1
4.804005812,0,0,0,0
4.804364250,0,0,1,1
4.804364312,0,0,0,0
4.804483562,0,0,1,1
4.804483625,0,0,0,0
4.804600750,0,0,1,1
4.804600813,0,0,0,0
4.804660125,0,0,1,1
4.804660187,0,0,0,0
4.804961375,1,0,0,0
4.804961438,0,0,0,0
4.805020312,1,0,0,0
4.805020375,0,0,0,0
4.805078500,0,0,1,0
4.805078563,0,0,0,0
4.805137688,1,0,1,1
4.805137750,0,0,0,0
4.805435000,0,0,0,1
4.805435062,0,0,0,0
4.813437562,0,0,1,1
4.813437625,0,0,0,0
4.814218438,1,0,1,1
4.814218500,0,0,0,0
4.814518750,1,0,0,0
4.814518813,0,0,0,0
4.814639563,0,0,1,1
4.814639625,0,0,0,0
4.814699938,1,0,0,1
4.814700000,0,0,0,0
4.815176625,0,0,1,1
4.815176688,0,0,0,0
4.823379875,0,0,1,1
4.823379938,0,0,0,0
4.823742500,1,0,1,1
4.823742562,0,0,0,0
4.823862688,1,0,0,1
4.823862750,0,0,0,0
4.823921688,1,0,1,1
4.823921750,0,0,0,0
4.823980125,1,0,0,1
4.823980188,0,0,0,0
4.824040125,0,0,1,1
4.824040187,0,0,0,0
4.824099375,0,0,1,1
4.824099438,0,0,0,0
4.824521312,0,0,1,1
4.824521375,0,0,0,0
4.824817750,0,0,1,1
4.824817813,0,0,0,0
4.825297875,0,0,1,1
4.825297938,0,0,0,0
4.825357813,0,0,0,1
4.825357875,0,0,0,0
4.834077188,0,0,1,1
4.834077250,0,0,0,0
4.834317937,0,0,1,1
4.834318000,0,0,0,0
4.834974500,0,0,1,1
4.834974563,0,0,0,0
4.835034875,1,0,1,1
4.835034937,0,0,0,0
4.843297625,0,0,1,1
4.843297687,0,0,0,0
4.843538375,1,0,1,1
4.843538438,0,0,0,0
4.843719750,0,0,1,1
4.843719812,0,0,0,0
4.843779000,0,0,1,1
4.843779063,0,0,0,0
4.844079500,1,0,0,0
4.844079563,0,0,0,0
4.844139500,0,0,1,1
4.844139562,0,0,0,0
4.844561375,0,0,1,1
4.844561438,0,0,0,0
4.844621812,1,0,1,1
4.844621875,0,0,0,0
4.844682687,0,0,1,1
4.844682750,0,0,0,0
4.844742875,0,0,1,1
4.844742938,0,0,0,0
4.845096687,1,0,1,0
4.845096750,0,0,0,0
4.845209000,0,0,1,0
4.845209063,0,0,0,0
4.845421625,0,0,1,0
4.845421688,0,0,0,0
4.853023438,0,0,1,1
4.853023500,0,0,0,0
4.853266562,0,0,1,1
4.853266625,0,0,0,0
4.853387375,0,0,1,0
4.853387438,0,0,0,0
4.853749687,0,0,1,1
4.853749750,0,0,0,0
4.853991500,1,0,1,1
4.853991563,0,0,0,0
4.854110688,0,0,1,1
4.854110750,0,0,0,0
4.854230500,1,0,0,0
4.854230562,0,0,0,0
4.854351438,1,0,1,1
4.854351500,0,0,0,0
4.854410438,0,0,1,1
4.854410500,0,0,0,0
4.854590812,1,0,0,1
4.854590875,0,0,0,0
4.854709938,1,0,0,0
4.854710000,0,0,0,0
4.854830188,1,0,0,0
4.854830250,0,0,0,0
4.863066062,0,0,1,1
4.863066125,0,0,0,0
4.863125625,0,0,1,1
4.863125688,0,0,0,0
4.863549875,0,0,1,0
4.863549938,0,0,0,0
4.863908688,1,0,1,1
4.863908750,0,0,0,0
4.864149813,0,0,1,0
4.864149875,0,0,0,0
4.864810375,0,0,1,1
4.864810438,0,0,0,0
4.865051625,1,0,1,1
4.865051688,0,0,0,0
4.873250375,1,0,0,0
4.873250437,0,0,0,0
4.873430875,1,0,0,1
4.873430938,0,0,0,0
4.873732312,0,0,1,1
4.873732375,0,0,0,0
4.874517625,1,0,1,1
4.874517688,0,0,0,0
4.874578063,1,0,1,1
4.874578125,0,0,0,0
4.874639187,1,0,1,1
4.874639250,0,0,0,0
4.874881000,0,0,1,1
4.874881063,0,0,0,0
4.875062250,1,0,0,0
4.875062312,0,0,0,0
4.875181750,0,0,1,1
4.875181813,0,0,0,0
4.875242750,0,0,0,1
4.875242812,0,0,0,0
4.882819875,0,0,0,1
4.882819937,0,0,0,0
4.883238750,0,0,1,1
4.883238813,0,0,0,0
4.883418312,1,0,1,1
4.883418375,0,0,0,0
4.883597813,0,0,0,1
4.883597875,0,0,0,0
4.883658250,0,0,1,1
4.883658312,0,0,0,0
4.884442063,1,0,1,1
4.884442125,0,0,0,0
4.884862688,1,0,1,1
4.884862750,0,0,0,0
4.893013563,0,0,1,1
4.893013625,0,0,0,0
4.893536187,0,0,1,1
4.893536250,0,0,0,0
4.893653188,0,0,1,1
4.893653250,0,0,0,0
4.893945875,0,0,1,1
4.893945937,0,0,0,0
4.894121437,0,0,1,0
4.894121500,0,0,0,0
4.894180625,0,0,1,1
4.894180687,0,0,0,0
4.894298187,1,0,1,1
4.894298250,0,0,0,0
4.902946313,0,0,1,1
4.902946375,0,0,0,0
4.903128875,0,0,1,1
4.903128938,0,0,0,0
4.903735625,0,0,1,1
4.903735688,0,0,0,0
4.904039563,0,0,1,1
4.904039625,0,0,0,0
4.904283937,1,0,1,1
4.904284000,0,0,0,0
4.904406312,1,0,0,1
4.904406375,0,0,0,0
4.904467438,1,0,0,1
4.904467500,0,0,0,0
4.904893813,0,0,1,1
4.904893875,0,0,0,0
4.913052625,0,0,1,1
4.913052687,0,0,0,0
4.913234000,1,0,1,1
4.913234062,0,0,0,0
4.913294313,0,0,1,1
4.913294375,0,0,0,0
4.913652250,1,0,1,1
4.913652313,0,0,0,0
4.913890375,0,0,1,1
4.913890438,0,0,0,0
4.914071250,0,0,1,1
4.914071312,0,0,0,0
4.914312750,0,0,1,1
4.914312813,0,0,0,0
4.914373125,1,0,1,1
4.914373187,0,0,0,0
4.914493438,1,0,1,1
4.914493500,0,0,0,0
4.914852062,0,0,1,1
4.914852125,0,0,0,0
4.922797062,0,0,0,1
4.922797125,0,0,0,0
4.922858250,0,0,1,1
4.922858312,0,0,0,0
4.923099750,0,0,1,1
4.923099813,0,0,0,0
4.923220375,0,0,1,1
4.923220438,0,0,0,0
4.923280688,0,0,1,1
4.923280750,0,0,0,0
4.924184000,1,0,1,1
4.924184063,0,0,0,0
4.924607062,0,0,1,1
4.924607125,0,0,0,0
4.924725125,1,0,1,1
4.924725187,0,0,0,0
4.933094125,0,0,0,1
4.933094188,0,0,0,0
4.933154625,1,0,0,0
4.933154688,0,0,0,0
4.933693188,1,0,0,1
4.933693250,0,0,0,0
4.934053000,1,0,1,1
4.934053063,0,0,0,0
4.934172250,1,0,1,1
4.934172313,0,0,0,0
4.934353250,0,0,1,1
4.934353312,0,0,0,0
4.934473813,1,0,1,1
4.934473875,0,0,0,0
4.934533812,1,0,1,1
4.934533875,0,0,0,0
4.934710938,0,0,1,1
4.934711000,0,0,0,0
4.934770875,1,0,0,0
4.934770937,0,0,0,0
4.934949625,1,0,1,1
4.934949687,0,0,0,0
4.942845688,0,0,1,1
4.942845750,0,0,0,0
4.942906813,0,0,1,1
4.942906875,0,0,0,0
4.943208000,0,0,1,1
4.943208063,0,0,0,0
4.943630125,0,0,1,1
4.943630188,0,0,0,0
4.943750625,0,0,1,1
4.943750687,0,0,0,0
4.943870813,0,0,1,1
4.943870875,0,0,0,0
4.944410063,0,0,1,1
4.944410125,0,0,0,0
4.944831312,1,0,0,1
4.944831375,0,0,0,0
4.945010313,0,0,1,1
4.945010375,0,0,0,0
4.945188625,0,0,0,1
4.945188687,0,0,0,0
4.952982500,0,0,1,1
4.952982562,0,0,0,0
4.953162062,0,0,1,0
4.953162125,0,0,0,0
4.953342625,0,0,1,1
4.953342688,0,0,0,0
4.953402875,0,0,0,1
4.953402937,0,0,0,0
4.953576313,1,0,1,1
4.953576375,0,0,0,0
4.953633812,0,0,1,0
4.953633875,0,0,0,0
4.953691875,1,0,1,1
4.953691938,0,0,0,0
4.953806187,1,0,1,1
4.953806250,0,0,0,0
4.954271813,1,0,1,1
4.954271875,0,0,0,0
4.954388000,1,0,1,1
4.954388062,0,0,0,0
4.954505937,0,0,1,1
4.954506000,0,0,0,0
4.954921813,1,0,1,1
4.954921875,0,0,0,0
4.962693938,0,0,0,1
4.962694000,0,0,0,0
4.962989125,0,0,1,1
4.962989187,0,0,0,0
4.963827937,0,0,1,0
4.963828000,0,0,0,0
4.964250312,0,0,1,1
4.964250375,0,0,0,0
4.964671125,0,0,1,1
4.964671187,0,0,0,0
4.964852125,1,0,0,0
4.964852188,0,0,0,0
4.965092250,0,0,1,1
4.965092312,0,0,0,0
4.973378625,1,0,0,1
4.973378688,0,0,0,0
4.973438062,1,0,0,0
4.973438125,0,0,0,0
4.973919750,1,0,1,1
4.973919813,0,0,0,0
4.974099437,0,0,1,1
4.974099500,0,0,0,0
4.974219813,1,0,0,1
4.974219875,0,0,0,0
4.974521750,1,0,1,1
4.974521812,0,0,0,0
4.974761375,1,0,0,0
4.974761437,0,0,0,0
4.974881938,1,0,1,1
4.974882000,0,0,0,0
4.982897500,0,0,0,1
4.982897563,0,0,0,0
4.983131000,0,0,1,1
4.983131063,0,0,0,0
4.983247500,0,0,1,1
4.983247562,0,0,0,0
4.983717250,0,0,1,1
4.983717312,0,0,0,0
4.983893625,0,0,1,1
4.983893688,0,0,0,0
4.984012563,0,0,1,0
4.984012625,0,0,0,0
4.984248750,0,0,1,1
4.984248812,0,0,0,0
4.984307688,1,0,1,1
4.984307750,0,0,0,0
4.984727562,1,0,1,1
4.984727625,0,0,0,0
4.984907312,1,0,1,1
4.984907375,0,0,0,0
4.992946875,0,0,1,1
4.992946938,0,0,0,0
4.993428438,1,0,0,0
4.993428500,0,0,0,0
4.993670812,0,0,1,1
4.993670875,0,0,0,0
4.993913125,1,0,1,1
4.993913187,0,0,0,0
4.993972438,0,0,0,1
4.993972500,0,0,0,0
4.994032813,1,0,1,1
4.994032875,0,0,0,0
4.994154000,1,0,0,0
4.994154062,0,0,0,0
4.994214375,1,0,1,1
4.994214438,0,0,0,0
4.994756000,0,0,1,1
4.994756062,0,0,0,0
4.994815938,1,0,1,1
4.994816000,0,0,0,0
4.994935250,0,0,1,1
4.994935313,0,0,0,0
4.995056062,0,0,0,1
4.995056125,0,0,0,0
5.002912688,0,0,1,1
5.002912750,0,0,0,0
5.003267375,0,0,1,1
5.003267437,0,0,0,0
5.003566500,0,0,1,1
5.003566562,0,0,0,0
5.003867063,1,0,0,1
5.003867125,0,0,0,0
5.004226625,1,0,1,1
5.004226688,0,0,0,0
5.004348812,0,0,1,1
5.004348875,0,0,0,0
5.004895125,1,0,0,0
5.004895187,0,0,0,0
5.005078625,0,0,0,1
5.005078688,0,0,0,0
5.012710812,0,0,1,1
5.012710875,0,0,0,0
5.013441375,1,0,1,1
5.013441438,0,0,0,0
5.013501875,0,0,0,1
5.013501938,0,0,0,0
5.013682625,0,0,1,1
5.013682688,0,0,0,0
5.013864125,0,0,1,1
5.013864188,0,0,0,0
5.014405250,1,0,1,1
5.014405313,0,0,0,0
5.022546562,0,0,0,1
5.022546625,0,0,0,0
5.022788187,0,0,1,1
5.022788250,0,0,0,0
5.022969188,0,0,1,1
5.022969250,0,0,0,0
5.023029625,0,0,1,1
5.023029688,0,0,0,0
5.023692500,1,0,0,0
5.023692562,0,0,0,0
5.023752500,0,0,1,1
5.023752563,0,0,0,0
5.023930750,1,0,1,1
5.023930812,0,0,0,0
5.024231875,0,0,1,1
5.024231937,0,0,0,0
5.024292750,0,0,1,1
5.024292812,0,0,0,0
5.024533750,0,0,1,1
5.024533812,0,0,0,0
5.024713375,1,0,0,1
5.024713437,0,0,0,0
5.024773500,1,0,1,1
5.024773563,0,0,0,0
5.024953062,0,0,0,1
5.024953125,0,0,0,0
5.025013250,0,0,1,1
5.025013312,0,0,0,0
5.032895000,0,0,1,1
5.032895062,0,0,0,0
5.032955250,0,0,1,1
5.032955313,0,0,0,0
5.033015375,0,0,1,1
5.033015437,0,0,0,0
5.033316250,0,0,1,1
5.033316313,0,0,0,0
5.033558125,1,0,1,1
5.033558187,0,0,0,0
5.034580250,0,0,1,1
5.034580313,0,0,0,0
5.034941687,1,0,1,1
5.034941750,0,0,0,0
5.043363375,0,0,1,1
5.043363438,0,0,0,0
5.043483812,0,0,1,1
5.043483875,0,0,0,0
5.043664188,0,0,1,1
5.043664250,0,0,0,0
5.043723313,0,0,1,1
5.043723375,0,0,0,0
5.043963563,1,0,1,1
5.043963625,0,0,0,0
5.044142625,1,0,0,0
5.044142687,0,0,0,0
5.044321437,1,0,0,0
5.044321500,0,0,0,0
5.044442625,0,0,1,1
5.044442688,0,0,0,0
5.044502813,1,0,1,1
5.044502875,0,0,0,0
5.044623125,1,0,1,1
5.044623188,0,0,0,0
5.052924875,1,0,1,1
5.052924938,0,0,0,0
5.053844875,1,0,0,0
5.053844938,0,0,0,0
5.054152562,1,0,1,1
5.054152625,0,0,0,0
5.054639375,1,0,1,1
5.054639437,0,0,0,0
5.054698750,1,0,0,0
5.054698812,0,0,0,0
5.054819625,1,0,1,1
5.054819688,0,0,0,0
5.054938875,0,0,1,1
5.054938938,0,0,0,0
5.054999813,0,0,0,1
5.054999875,0,0,0,0
5.062682250,0,0,1,1
5.062682312,0,0,0,0
5.062918938,0,0,1,0
5.062919000,0,0,0,0
5.063160375,0,0,1,1
5.063160437,0,0,0,0
5.063521250,0,0,1,1
5.063521312,0,0,0,0
5.063702125,1,0,1,1
5.063702187,0,0,0,0
5.063880125,0,0,1,1
5.063880187,0,0,0,0
5.063939125,0,0,1,1
5.063939187,0,0,0,0
5.064058937,1,0,1,1
5.064059000,0,0,0,0
5.064298875,1,0,1,1
5.064298938,0,0,0,0
5.064417000,0,0,1,0
5.064417062,0,0,0,0
5.064781750,1,0,1,1
5.064781812,0,0,0,0
5.072785125,0,0,1,1
5.072785188,0,0,0,0
5.073268625,0,0,1,0
5.073268687,0,0,0,0
5.073385500,0,0,1,1
5.073385563,0,0,0,0
5.073616937,1,0,1,1
5.073617000,0,0,0,0
5.073848500,0,0,1,1
5.073848563,0,0,0,0
5.073965937,1,0,1,1
5.073966000,0,0,0,0
5.074025125,1,0,1,1
5.074025188,0,0,0,0
5.074144438,1,0,1,1
5.074144500,0,0,0,0
5.074262000,1,0,1,1
5.074262062,0,0,0,0
5.074380312,0,0,1,0
5.074380375,0,0,0,0
5.074439687,0,0,1,1
5.074439750,0,0,0,0
5.074499750,1,0,1,1
5.074499813,0,0,0,0
5.074676937,1,0,1,1
5.074677000,0,0,0,0
5.074796812,0,0,1,1
5.074796875,0,0,0,0
5.074855875,1,0,1,1
5.074855937,0,0,0,0
5.078272000,0,0,0,0
