Time [s],Channel 0,Channel 1,Channel 2,Channel 3
0.000000000,0,0,0,0
0.000021500,0,0,0,1
0.000021625,0,0,0,0
0.000025250,0,0,0,1
0.000025375,0,0,0,0
0.000082125,0,0,0,1
0.000082250,0,0,0,0
0.000085875,0,0,0,1
0.000086000,0,0,0,0
0.000143500,0,0,0,1
0.000143625,0,0,0,0
0.000147250,0,0,0,1
0.000147375,0,0,0,0
0.000204625,0,0,0,1
0.000204750,0,0,0,0
0.000208375,0,0,0,1
0.000208500,0,0,0,0
0.000256000,1,1,1,1
0.005832000,1,1,1,0
0.005832125,1,1,1,1
0.005952625,1,1,1,0
0.005952750,1,1,1,1
0.006009875,1,1,1,0
0.006010000,1,1,1,1
0.006071500,1,1,1,0
0.006071625,1,1,1,1
0.006137375,1,1,1,0
0.006137500,1,1,1,1
0.006194250,1,1,1,0
0.006194375,1,1,1,1
0.006194500,1,1,1,0
0.006194625,1,1,1,1
0.006198250,1,1,1,0
0.006198375,1,1,1,1
0.006198875,1,1,1,0
0.006199000,1,1,1,1
0.006258500,1,1,1,0
0.006258625,1,1,1,1
0.006259125,1,1,1,0
0.006259250,1,1,1,1
0.006318375,1,1,1,0
0.006318500,1,1,1,1
0.006378500,1,1,1,0
0.006378750,1,1,1,1
0.006435750,1,1,1,0
0.006435875,1,1,1,1
0.006436000,1,1,1,0
0.006436125,1,1,1,1
0.006439750,1,1,1,0
0.006439875,1,1,1,1
0.006440000,1,1,1,0
0.006440125,1,1,1,1
0.006440375,1,1,1,0
0.006440500,1,1,1,1
0.006499875,1,1,1,0
0.006500000,1,1,1,1
0.006559875,1,1,1,0
0.006560000,1,1,1,1
0.006616125,1,1,1,0
0.006616250,1,1,1,1
0.006616375,1,1,1,0
0.006616500,1,1,1,1
0.006620125,1,1,1,0
0.006620250,1,1,1,1
0.006620750,1,1,1,0
0.006620875,1,1,1,1
0.006681375,1,1,1,0
0.006681500,1,1,1,1
0.006681625,1,1,1,0
0.006681750,1,1,1,1
0.006682000,1,1,1,0
0.006682125,1,1,1,1
0.006738500,1,1,1,0
0.006738625,1,1,1,1
0.006742375,1,1,1,0
0.006742625,1,1,1,1
0.006743125,1,1,1,0
0.006743250,1,1,1,1
0.006802375,1,1,1,0
0.006802500,1,1,1,1
0.006858500,1,1,1,0
0.006858625,1,1,1,1
0.006858750,1,1,1,0
0.006858875,1,1,1,1
0.006862375,1,1,1,0
0.006862500,1,1,1,1
0.006923000,1,1,1,0
0.006923125,1,1,1,1
0.006923250,1,1,1,0
0.006923375,1,1,1,1
0.006923625,1,1,1,0
0.006923750,1,1,1,1
0.006980125,1,1,1,0
0.006980250,1,1,1,1
0.006984000,1,1,1,0
0.006984250,1,1,1,1
0.007043625,1,1,1,0
0.007043750,1,1,1,1
0.007043875,1,1,1,0
0.007044000,1,1,1,1
0.007044250,1,1,1,0
0.007044375,1,1,1,1
0.007100000,1,1,1,0
0.007100125,1,1,1,1
0.007100250,1,1,1,0
0.007100375,1,1,1,1
0.007103875,1,1,1,0
0.007104000,1,1,1,1
0.007104250,1,1,1,0
0.007104375,1,1,1,1
0.007164375,1,1,1,0
0.007164500,1,1,1,1
0.007164625,1,1,1,0
0.007164750,1,1,1,1
0.007165000,1,1,1,0
0.007165125,1,1,1,1
0.007225250,1,1,1,0
0.007225500,1,1,1,1
0.007226000,1,1,1,0
0.007226125,1,1,1,1
0.007281750,1,1,1,0
0.007281875,1,1,1,1
0.007282000,1,1,1,0
0.007282125,1,1,1,1
0.007286000,1,1,1,0
0.007286125,1,1,1,1
0.007286250,1,1,1,0
0.007286375,1,1,1,1
0.007342000,1,1,1,0
0.007342125,1,1,1,1
0.007342250,1,1,1,0
0.007342375,1,1,1,1
0.007346250,1,1,1,0
0.007346375,1,1,1,1
0.007402125,1,1,1,0
0.007402250,1,1,1,1
0.007406375,1,1,1,0
0.007406500,1,1,1,1
0.007461625,1,1,1,0
0.007461750,1,1,1,1
0.007461875,1,1,1,0
0.007462000,1,1,1,1
0.007465500,1,1,1,0
0.007465625,1,1,1,1
0.007466125,1,1,1,0
0.007466250,1,1,1,1
0.007521750,1,1,1,0
0.007521875,1,1,1,1
0.007522000,1,1,1,0
0.007522125,1,1,1,1
0.007525625,1,1,1,0
0.007525750,1,1,1,1
0.007526250,1,1,1,0
0.007526375,1,1,1,1
0.007581750,1,1,1,0
0.007581875,1,1,1,1
0.007586000,1,1,1,0
0.007586125,1,1,1,1
0.007586250,1,1,1,0
0.007586375,1,1,1,1
0.007644625,1,1,1,0
0.007644750,1,1,1,1
0.007645000,1,1,1,0
0.007645125,1,1,1,1
0.007703625,1,1,1,0
0.007703750,1,1,1,1
0.007704000,1,1,1,0
0.007704125,1,1,1,1
0.007758875,1,1,1,0
0.007759000,1,1,1,1
0.007759125,1,1,1,0
0.007759250,1,1,1,1
0.007762625,1,1,1,0
0.007762875,1,1,1,1
0.007818250,1,1,1,0
0.007818375,1,1,1,1
0.007818500,1,1,1,0
0.007818625,1,1,1,1
0.007822125,1,1,1,0
0.007822250,1,1,1,1
0.007822375,1,1,1,0
0.007822500,1,1,1,1
0.007822750,1,1,1,0
0.007822875,1,1,1,1
0.007879250,1,1,1,0
0.007879375,1,1,1,1
0.007879500,1,1,1,0
0.007879625,1,1,1,1
0.007883000,1,1,1,0
0.007883250,1,1,1,1
0.007939250,1,1,1,0
0.007939375,1,1,1,1
0.007939500,1,1,1,0
0.007939625,1,1,1,1
0.007943000,1,1,1,0
0.007943250,1,1,1,1
0.007998625,1,1,1,0
0.007998750,1,1,1,1
0.007998875,1,1,1,0
0.007999000,1,1,1,1
0.008002500,1,1,1,0
0.008002625,1,1,1,1
0.008003125,1,1,1,0
0.008003250,1,1,1,1
0.008062875,1,1,1,0
0.008063000,1,1,1,1
0.008063250,1,1,1,0
0.008063375,1,1,1,1
0.008124375,1,1,1,0
0.008124500,1,1,1,1
0.008184375,1,1,1,0
0.008184500,1,1,1,1
0.008184750,1,1,1,0
0.008184875,1,1,1,1
0.008244875,1,1,1,0
0.008245000,1,1,1,1
0.008245125,1,1,1,0
0.008245250,1,1,1,1
0.008245500,1,1,1,0
0.008245625,1,1,1,1
0.008301500,1,1,1,0
0.008301625,1,1,1,1
0.008301750,1,1,1,0
0.008301875,1,1,1,1
0.008305250,1,1,1,0
0.008305375,1,1,1,1
0.008361875,1,1,1,0
0.008362000,1,1,1,1
0.008365750,1,1,1,0
0.008365875,1,1,1,1
0.008366000,1,1,1,0
0.008366125,1,1,1,1
0.008366375,1,1,1,0
0.008366500,1,1,1,1
0.008426500,1,1,1,0
0.008426625,1,1,1,1
0.008543000,1,1,1,0
0.008543125,1,1,1,1
0.008546875,1,1,1,0
0.008547000,1,1,1,1
0.008607375,1,1,1,0
0.008607500,1,1,1,1
0.008787750,1,1,1,0
0.008788000,1,1,1,1
0.008908125,1,1,1,0
0.008908250,1,1,1,1
0.009205000,1,1,1,0
0.009205125,1,1,1,1
0.014323500,1,1,1,0
0.014323625,1,1,1,1
0.014381500,1,1,1,0
0.014381750,1,1,1,1
0.014615750,1,1,1,0
0.014616125,1,1,1,1
0.014675250,1,1,1,0
0.014675500,1,1,1,1
0.014794250,1,1,1,0
0.014794625,1,1,1,1
0.014913500,1,1,1,0
0.014913750,1,1,1,1
0.015033000,1,1,1,0
0.015033250,1,1,1,1
0.015212000,1,1,1,0
0.015212250,1,1,1,1
0.015332875,1,1,1,0
0.015333000,1,1,1,1
0.015812125,1,1,1,0
0.015812250,1,1,1,1
0.015816000,1,1,1,0
0.015816250,1,1,1,1
0.015877375,1,1,1,0
0.015877625,1,1,1,1
0.015934750,1,1,1,0
0.015934875,1,1,1,1
0.015939125,1,1,1,0
0.015939250,1,1,1,1
0.015999875,1,1,1,0
0.016000000,1,1,1,1
0.016060000,1,1,1,0
0.016060250,1,1,1,1
0.016119500,1,1,1,0
0.016119750,1,1,1,1
0.016180750,1,1,1,0
0.016180875,1,1,1,1
0.016181375,1,1,1,0
0.016181500,1,1,1,1
0.016241125,1,1,1,0
0.016241250,1,1,1,1
0.016302500,1,1,1,0
0.016302750,1,1,1,1
0.016303250,1,1,1,0
0.016303375,1,1,1,1
0.016360750,1,1,1,0
0.016360875,1,1,1,1
0.016361000,1,1,1,0
0.016361125,1,1,1,1
0.016364750,1,1,1,0
0.016364875,1,1,1,1
0.016365375,1,1,1,0
0.016365500,1,1,1,1
0.016425250,1,1,1,0
0.016425375,1,1,1,1
0.016486625,1,1,1,0
0.016486750,1,1,1,1
0.016544750,1,1,1,0
0.016544875,1,1,1,1
0.016545000,1,1,1,0
0.016545125,1,1,1,1
0.016548750,1,1,1,0
0.016548875,1,1,1,1
0.016549000,1,1,1,0
0.016549125,1,1,1,1
0.016549375,1,1,1,0
0.016549500,1,1,1,1
0.016606875,1,1,1,0
0.016607000,1,1,1,1
0.016607125,1,1,1,0
0.016607250,1,1,1,1
0.016610750,1,1,1,0
0.016611000,1,1,1,1
0.016611500,1,1,1,0
0.016611625,1,1,1,1
0.016667250,1,1,1,0
0.016667375,1,1,1,1
0.016667500,1,1,1,0
0.016667625,1,1,1,1
0.016671125,1,1,1,0
0.016671250,1,1,1,1
0.016732625,1,1,1,0
0.016732750,1,1,1,1
0.016788625,1,1,1,0
0.016788750,1,1,1,1
0.016792500,1,1,1,0
0.016792750,1,1,1,1
0.016853875,1,1,1,0
0.016854000,1,1,1,1
0.016854125,1,1,1,0
0.016854250,1,1,1,1
0.016854500,1,1,1,0
0.016854625,1,1,1,1
0.016912000,1,1,1,0
0.016912125,1,1,1,1
0.016915875,1,1,1,0
0.016916125,1,1,1,1
0.016976500,1,1,1,0
0.016976625,1,1,1,1
0.016976750,1,1,1,0
0.016976875,1,1,1,1
0.016977125,1,1,1,0
0.016977250,1,1,1,1
0.017038000,1,1,1,0
0.017038125,1,1,1,1
0.017038250,1,1,1,0
0.017038375,1,1,1,1
0.017038625,1,1,1,0
0.017038750,1,1,1,1
0.017100125,1,1,1,0
0.017100250,1,1,1,1
0.017100375,1,1,1,0
0.017100500,1,1,1,1
0.017100750,1,1,1,0
0.017100875,1,1,1,1
0.017157375,1,1,1,0
0.017157500,1,1,1,1
0.017157625,1,1,1,0
0.017157750,1,1,1,1
0.017161625,1,1,1,0
0.017161750,1,1,1,1
0.017222375,1,1,1,0
0.017222500,1,1,1,1
0.017222750,1,1,1,0
0.017222875,1,1,1,1
0.017279625,1,1,1,0
0.017279750,1,1,1,1
0.017279875,1,1,1,0
0.017280000,1,1,1,1
0.017283500,1,1,1,0
0.017283625,1,1,1,1
0.017283750,1,1,1,0
0.017283875,1,1,1,1
0.017284125,1,1,1,0
0.017284250,1,1,1,1
0.017343875,1,1,1,0
0.017344000,1,1,1,1
0.017401500,1,1,1,0
0.017401625,1,1,1,1
0.017401750,1,1,1,0
0.017401875,1,1,1,1
0.017405375,1,1,1,0
0.017405500,1,1,1,1
0.017405625,1,1,1,0
0.017405750,1,1,1,1
0.017406000,1,1,1,0
0.017406125,1,1,1,1
0.017463500,1,1,1,0
0.017463625,1,1,1,1
0.017467750,1,1,1,0
0.017467875,1,1,1,1
0.017528250,1,1,1,0
0.017528375,1,1,1,1
0.017585500,1,1,1,0
0.017585625,1,1,1,1
0.017585750,1,1,1,0
0.017585875,1,1,1,1
0.017589375,1,1,1,0
0.017589500,1,1,1,1
0.017589625,1,1,1,0
0.017589750,1,1,1,1
0.017590000,1,1,1,0
0.017590125,1,1,1,1
0.017647500,1,1,1,0
0.017647625,1,1,1,1
0.017651750,1,1,1,0
0.017651875,1,1,1,1
0.017652000,1,1,1,0
0.017652125,1,1,1,1
0.017711750,1,1,1,0
0.017711875,1,1,1,1
0.017769500,1,1,1,0
0.017769625,1,1,1,1
0.017773000,1,1,1,0
0.017773250,1,1,1,1
0.017830500,1,1,1,0
0.017830625,1,1,1,1
0.017830750,1,1,1,0
0.017830875,1,1,1,1
0.017834250,1,1,1,0
0.017834500,1,1,1,1
0.017895500,1,1,1,0
0.017895625,1,1,1,1
0.017957000,1,1,1,0
0.017957125,1,1,1,1
0.017957250,1,1,1,0
0.017957375,1,1,1,1
0.018013250,1,1,1,0
0.018013375,1,1,1,1
0.018013500,1,1,1,0
0.018013625,1,1,1,1
0.018017000,1,1,1,0
0.018017125,1,1,1,1
0.018074375,1,1,1,0
0.018074500,1,1,1,1
0.018078250,1,1,1,0
0.018078375,1,1,1,1
0.018078500,1,1,1,0
0.018078625,1,1,1,1
0.018078875,1,1,1,0
0.018079000,1,1,1,1
0.018139375,1,1,1,0
0.018139500,1,1,1,1
0.018140000,1,1,1,0
0.018140125,1,1,1,1
0.018196500,1,1,1,0
0.018196625,1,1,1,1
0.018200375,1,1,1,0
0.018200500,1,1,1,1
0.018201000,1,1,1,0
0.018201125,1,1,1,1
0.018256500,1,1,1,0
0.018256625,1,1,1,1
0.018256750,1,1,1,0
0.018256875,1,1,1,1
0.018260250,1,1,1,0
0.018260375,1,1,1,1
0.018315875,1,1,1,0
0.018316000,1,1,1,1
0.018316125,1,1,1,0
0.018316250,1,1,1,1
0.018319625,1,1,1,0
0.018319875,1,1,1,1
0.018380625,1,1,1,0
0.018380750,1,1,1,1
0.018441250,1,1,1,0
0.018441375,1,1,1,1
0.018501875,1,1,1,0
0.018502000,1,1,1,1
0.018557500,1,1,1,0
0.018557625,1,1,1,1
0.018557750,1,1,1,0
0.018557875,1,1,1,1
0.018561250,1,1,1,0
0.018561500,1,1,1,1
0.018621000,1,1,1,0
0.018621125,1,1,1,1
0.018680000,1,1,1,0
0.018680125,1,1,1,1
0.018734125,1,1,1,0
0.018734250,1,1,1,1
0.018734375,1,1,1,0
0.018734500,1,1,1,1
0.018737875,1,1,1,0
0.018738000,1,1,1,1
0.018792375,1,1,1,0
0.018792500,1,1,1,1
0.018796625,1,1,1,0
0.018796750,1,1,1,1
0.018854500,1,1,1,0
0.018854625,1,1,1,1
0.018913500,1,1,1,0
0.018913625,1,1,1,1
0.025697125,1,1,1,0
0.025697250,1,1,1,1
0.025880250,1,1,1,0
0.025880375,1,1,1,1
0.025994875,1,1,1,0
0.025995000,1,1,1,1
0.025998875,1,1,1,0
0.025999000,1,1,1,1
0.026115250,1,1,1,0
0.026115375,1,1,1,1
0.026173500,1,1,1,0
0.026173625,1,1,1,1
0.026227875,1,1,1,0
0.026228000,1,1,1,1
0.026228125,1,1,1,0
0.026228250,1,1,1,1
0.026231875,1,1,1,0
0.026232000,1,1,1,1
0.026232125,1,1,1,0
0.026232250,1,1,1,1
0.026232500,1,1,1,0
0.026232625,1,1,1,1
0.026290250,1,1,1,0
0.026290375,1,1,1,1
0.026290875,1,1,1,0
0.026291000,1,1,1,1
0.026348625,1,1,1,0
0.026348875,1,1,1,1
0.026407750,1,1,1,0
0.026408000,1,1,1,1
0.026465875,1,1,1,0
0.026466000,1,1,1,1
0.026523375,1,1,1,0
0.026523500,1,1,1,1
0.026523750,1,1,1,0
0.026523875,1,1,1,1
0.026582875,1,1,1,0
0.026583000,1,1,1,1
0.026583125,1,1,1,0
0.026583250,1,1,1,1
0.026637000,1,1,1,0
0.026637125,1,1,1,1
0.026641000,1,1,1,0
0.026641125,1,1,1,1
0.026641625,1,1,1,0
0.026641750,1,1,1,1
0.026700375,1,1,1,0
0.026700500,1,1,1,1
0.026700625,1,1,1,0
0.026700750,1,1,1,1
0.026701000,1,1,1,0
0.026701125,1,1,1,1
0.026756500,1,1,1,0
0.026756625,1,1,1,1
0.026756750,1,1,1,0
0.026756875,1,1,1,1
0.026760375,1,1,1,0
0.026760500,1,1,1,1
0.026815000,1,1,1,0
0.026815125,1,1,1,1
0.026818875,1,1,1,0
0.026819125,1,1,1,1
0.026874500,1,1,1,0
0.026874625,1,1,1,1
0.026874750,1,1,1,0
0.026874875,1,1,1,1
0.026878750,1,1,1,0
0.026878875,1,1,1,1
0.026938500,1,1,1,0
0.026938625,1,1,1,1
0.026938750,1,1,1,0
0.026938875,1,1,1,1
0.026939125,1,1,1,0
0.026939250,1,1,1,1
0.026997500,1,1,1,0
0.026997750,1,1,1,1
0.027052625,1,1,1,0
0.027052750,1,1,1,1
0.027056500,1,1,1,0
0.027056625,1,1,1,1
0.027115000,1,1,1,0
0.027115250,1,1,1,1
0.027175125,1,1,1,0
0.027175250,1,1,1,1
0.027175375,1,1,1,0
0.027175500,1,1,1,1
0.027175750,1,1,1,0
0.027175875,1,1,1,1
0.027234250,1,1,1,0
0.027234500,1,1,1,1
0.027290625,1,1,1,0
0.027290750,1,1,1,1
0.027290875,1,1,1,0
0.027291000,1,1,1,1
0.027294500,1,1,1,0
0.027294625,1,1,1,1
0.027294750,1,1,1,0
0.027294875,1,1,1,1
0.027295125,1,1,1,0
0.027295250,1,1,1,1
0.027354625,1,1,1,0
0.027354875,1,1,1,1
0.027414875,1,1,1,0
0.027415125,1,1,1,1
0.027415625,1,1,1,0
0.027415750,1,1,1,1
0.027471375,1,1,1,0
0.027471500,1,1,1,1
0.027471625,1,1,1,0
0.027471750,1,1,1,1
0.027475250,1,1,1,0
0.027475375,1,1,1,1
0.027475500,1,1,1,0
0.027475625,1,1,1,1
0.027475875,1,1,1,0
0.027476000,1,1,1,1
0.027531625,1,1,1,0
0.027531750,1,1,1,1
0.027531875,1,1,1,0
0.027532000,1,1,1,1
0.027535500,1,1,1,0
0.027535625,1,1,1,1
0.027536125,1,1,1,0
0.027536250,1,1,1,1
0.027595750,1,1,1,0
0.027595875,1,1,1,1
0.027656000,1,1,1,0
0.027656125,1,1,1,1
0.027656375,1,1,1,0
0.027656500,1,1,1,1
0.027716250,1,1,1,0
0.027716375,1,1,1,1
0.027716625,1,1,1,0
0.027716750,1,1,1,1
0.027776500,1,1,1,0
0.027776625,1,1,1,1
0.027833000,1,1,1,0
0.027833125,1,1,1,1
0.027833250,1,1,1,0
0.027833375,1,1,1,1
0.027836750,1,1,1,0
0.027837000,1,1,1,1
0.027837500,1,1,1,0
0.027837625,1,1,1,1
0.027897125,1,1,1,0
0.027897250,1,1,1,1
0.027897500,1,1,1,0
0.027897625,1,1,1,1
0.027953750,1,1,1,0
0.027953875,1,1,1,1
0.027954000,1,1,1,0
0.027954125,1,1,1,1
0.027957500,1,1,1,0
0.027957750,1,1,1,1
0.028014125,1,1,1,0
0.028014250,1,1,1,1
0.028018000,1,1,1,0
0.028018125,1,1,1,1
0.028018250,1,1,1,0
0.028018375,1,1,1,1
0.028018625,1,1,1,0
0.028018750,1,1,1,1
0.028078375,1,1,1,0
0.028078500,1,1,1,1
0.028078750,1,1,1,0
0.028078875,1,1,1,1
0.028135000,1,1,1,0
0.028135125,1,1,1,1
0.028138875,1,1,1,0
0.028139000,1,1,1,1
0.028139125,1,1,1,0
0.028139250,1,1,1,1
0.028139500,1,1,1,0
0.028139625,1,1,1,1
0.028199750,1,1,1,0
0.028199875,1,1,1,1
0.028200375,1,1,1,0
0.028200500,1,1,1,1
0.028260125,1,1,1,0
0.028260250,1,1,1,1
0.028260500,1,1,1,0
0.028260625,1,1,1,1
0.028320500,1,1,1,0
0.028320625,1,1,1,1
0.028380875,1,1,1,0
0.028381000,1,1,1,1
0.028437500,1,1,1,0
0.028437625,1,1,1,1
0.028441250,1,1,1,0
0.028441500,1,1,1,1
0.028502125,1,1,1,0
0.028502250,1,1,1,1
0.028558375,1,1,1,0
0.028558500,1,1,1,1
0.028562125,1,1,1,0
0.028562375,1,1,1,1
0.028682625,1,1,1,0
0.028682750,1,1,1,1
0.028801875,1,1,1,0
0.028802125,1,1,1,1
0.028923750,1,1,1,0
0.028924000,1,1,1,1
0.034313625,1,1,1,0
0.034313875,1,1,1,1
0.034375000,1,1,1,0
0.034375375,1,1,1,1
0.034436375,1,1,1,0
0.034436500,1,1,1,1
0.034497625,1,1,1,0
0.034497875,1,1,1,1
0.034619500,1,1,1,0
0.034619875,1,1,1,1
0.035347750,1,1,1,0
0.035347875,1,1,1,1
0.035771750,1,1,1,0
0.035771875,1,1,1,1
0.035832250,1,1,1,0
0.035832375,1,1,1,1
0.035892875,1,1,1,0
0.035893000,1,1,1,1
0.035953625,1,1,1,0
0.035953875,1,1,1,1
0.036009375,1,1,1,0
0.036009500,1,1,1,1
0.036009625,1,1,1,0
0.036009750,1,1,1,1
0.036073750,1,1,1,0
0.036074000,1,1,1,1
0.036130500,1,1,1,0
0.036130625,1,1,1,1
0.036130750,1,1,1,0
0.036130875,1,1,1,1
0.036134500,1,1,1,0
0.036134625,1,1,1,1
0.036134750,1,1,1,0
0.036134875,1,1,1,1
0.036135125,1,1,1,0
0.036135250,1,1,1,1
0.036191750,1,1,1,0
0.036191875,1,1,1,1
0.036192000,1,1,1,0
0.036192125,1,1,1,1
0.036195750,1,1,1,0
0.036195875,1,1,1,1
0.036196375,1,1,1,0
0.036196500,1,1,1,1
0.036256000,1,1,1,0
0.036256250,1,1,1,1
0.036316750,1,1,1,0
0.036316875,1,1,1,1
0.036377125,1,1,1,0
0.036377250,1,1,1,1
0.036433250,1,1,1,0
0.036433375,1,1,1,1
0.036433500,1,1,1,0
0.036433625,1,1,1,1
0.036437250,1,1,1,0
0.036437375,1,1,1,1
0.036437875,1,1,1,0
0.036438000,1,1,1,1
0.036497750,1,1,1,0
0.036497875,1,1,1,1
0.036498125,1,1,1,0
0.036498250,1,1,1,1
0.036558875,1,1,1,0
0.036559000,1,1,1,1
0.036618875,1,1,1,0
0.036619000,1,1,1,1
0.036619125,1,1,1,0
0.036619250,1,1,1,1
0.036675000,1,1,1,0
0.036675125,1,1,1,1
0.036675250,1,1,1,0
0.036675375,1,1,1,1
0.036678875,1,1,1,0
0.036679125,1,1,1,1
0.036736000,1,1,1,0
0.036736125,1,1,1,1
0.036739875,1,1,1,0
0.036740125,1,1,1,1
0.036740625,1,1,1,0
0.036740750,1,1,1,1
0.036800500,1,1,1,0
0.036800625,1,1,1,1
0.036800750,1,1,1,0
0.036800875,1,1,1,1
0.036801125,1,1,1,0
0.036801250,1,1,1,1
0.036861625,1,1,1,0
0.036861750,1,1,1,1
0.036862250,1,1,1,0
0.036862375,1,1,1,1
0.036921875,1,1,1,0
0.036922000,1,1,1,1
0.036922125,1,1,1,0
0.036922250,1,1,1,1
0.036922500,1,1,1,0
0.036922625,1,1,1,1
0.036978500,1,1,1,0
0.036978625,1,1,1,1
0.036978750,1,1,1,0
0.036978875,1,1,1,1
0.036982750,1,1,1,0
0.036982875,1,1,1,1
0.037040125,1,1,1,0
0.037040250,1,1,1,1
0.037043750,1,1,1,0
0.037043875,1,1,1,1
0.037044375,1,1,1,0
0.037044500,1,1,1,1
0.037101375,1,1,1,0
0.037101500,1,1,1,1
0.037101625,1,1,1,0
0.037101750,1,1,1,1
0.037105625,1,1,1,0
0.037105750,1,1,1,1
0.037162875,1,1,1,0
0.037163000,1,1,1,1
0.037163125,1,1,1,0
0.037163250,1,1,1,1
0.037166750,1,1,1,0
0.037166875,1,1,1,1
0.037167000,1,1,1,0
0.037167125,1,1,1,1
0.037167375,1,1,1,0
0.037167500,1,1,1,1
0.037228000,1,1,1,0
0.037228125,1,1,1,1
0.037289125,1,1,1,0
0.037289250,1,1,1,1
0.037345625,1,1,1,0
0.037345750,1,1,1,1
0.037345875,1,1,1,0
0.037346000,1,1,1,1
0.037349500,1,1,1,0
0.037349625,1,1,1,1
0.037349750,1,1,1,0
0.037349875,1,1,1,1
0.037350125,1,1,1,0
0.037350250,1,1,1,1
0.037409875,1,1,1,0
0.037410125,1,1,1,1
0.037471000,1,1,1,0
0.037471125,1,1,1,1
0.037471375,1,1,1,0
0.037471500,1,1,1,1
0.037527375,1,1,1,0
0.037527500,1,1,1,1
0.037531625,1,1,1,0
0.037531750,1,1,1,1
0.037531875,1,1,1,0
0.037532000,1,1,1,1
0.037587875,1,1,1,0
0.037588000,1,1,1,1
0.037588125,1,1,1,0
0.037588250,1,1,1,1
0.037591625,1,1,1,0
0.037591875,1,1,1,1
0.037592375,1,1,1,0
0.037592500,1,1,1,1
0.037653125,1,1,1,0
0.037653250,1,1,1,1
0.037713000,1,1,1,0
0.037713125,1,1,1,1
0.037774375,1,1,1,0
0.037774500,1,1,1,1
0.037830125,1,1,1,0
0.037830250,1,1,1,1
0.037830375,1,1,1,0
0.037830500,1,1,1,1
0.037833875,1,1,1,0
0.037834125,1,1,1,1
0.037834625,1,1,1,0
0.037834750,1,1,1,1
0.037893750,1,1,1,0
0.037893875,1,1,1,1
0.037950000,1,1,1,0
0.037950125,1,1,1,1
0.037950250,1,1,1,0
0.037950375,1,1,1,1
0.037953875,1,1,1,0
0.037954000,1,1,1,1
0.037954500,1,1,1,0
0.037954625,1,1,1,1
0.038015000,1,1,1,0
0.038015125,1,1,1,1
0.038076625,1,1,1,0
0.038076750,1,1,1,1
0.038133875,1,1,1,0
0.038134000,1,1,1,1
0.038137375,1,1,1,0
0.038137500,1,1,1,1
0.038198750,1,1,1,0
0.038198875,1,1,1,1
0.038257750,1,1,1,0
0.038257875,1,1,1,1
0.038258375,1,1,1,0
0.038258500,1,1,1,1
0.038318000,1,1,1,0
0.038318125,1,1,1,1
0.038318250,1,1,1,0
0.038318375,1,1,1,1
0.038318625,1,1,1,0
0.038318750,1,1,1,1
0.038379250,1,1,1,0
0.038379375,1,1,1,1
0.038556500,1,1,1,0
0.038556625,1,1,1,1
0.038560375,1,1,1,0
0.038560625,1,1,1,1
0.038619750,1,1,1,0
0.038619875,1,1,1,1
0.038675750,1,1,1,0
0.038675875,1,1,1,1
0.038679500,1,1,1,0
0.038679625,1,1,1,1
0.038736000,1,1,1,0
0.038736125,1,1,1,1
0.038739750,1,1,1,0
0.038739875,1,1,1,1
0.038800875,1,1,1,0
0.038801125,1,1,1,1
0.038861875,1,1,1,0
0.038862000,1,1,1,1
0.038921375,1,1,1,0
0.038921500,1,1,1,1
0.044701625,1,1,1,0
0.044701750,1,1,1,1
0.044862875,1,1,1,0
0.044863000,1,1,1,1
0.045325250,1,1,1,0
0.045325375,1,1,1,1
0.045623250,1,1,1,0
0.045623500,1,1,1,1
0.045718750,1,1,1,0
0.045718875,1,1,1,1
0.045722625,1,1,1,0
0.045722875,1,1,1,1
0.045767500,1,1,1,0
0.045767625,1,1,1,1
0.045771750,1,1,1,0
0.045771875,1,1,1,1
0.045869000,1,1,1,0
0.045869250,1,1,1,1
0.045917875,1,1,1,0
0.045918125,1,1,1,1
0.045968500,1,1,1,0
0.045968625,1,1,1,1
0.046019125,1,1,1,0
0.046019250,1,1,1,1
0.046069750,1,1,1,0
0.046069875,1,1,1,1
0.046070375,1,1,1,0
0.046070500,1,1,1,1
0.046116625,1,1,1,0
0.046116750,1,1,1,1
0.046116875,1,1,1,0
0.046117000,1,1,1,1
0.046120625,1,1,1,0
0.046120750,1,1,1,1
0.046121250,1,1,1,0
0.046121375,1,1,1,1
0.046173125,1,1,1,0
0.046173250,1,1,1,1
0.046225750,1,1,1,0
0.046225875,1,1,1,1
0.046226375,1,1,1,0
0.046226500,1,1,1,1
0.046274250,1,1,1,0
0.046274375,1,1,1,1
0.046274500,1,1,1,0
0.046274625,1,1,1,1
0.046278625,1,1,1,0
0.046278750,1,1,1,1
0.046278875,1,1,1,0
0.046279000,1,1,1,1
0.046330750,1,1,1,0
0.046331000,1,1,1,1
0.046387250,1,1,1,0
0.046387375,1,1,1,1
0.046439750,1,1,1,0
0.046439875,1,1,1,1
0.046440000,1,1,1,0
0.046440125,1,1,1,1
0.046443750,1,1,1,0
0.046443875,1,1,1,1
0.046444000,1,1,1,0
0.046444125,1,1,1,1
0.046444375,1,1,1,0
0.046444500,1,1,1,1
0.046500250,1,1,1,0
0.046500375,1,1,1,1
0.046500500,1,1,1,0
0.046500625,1,1,1,1
0.046552750,1,1,1,0
0.046552875,1,1,1,1
0.046604875,1,1,1,0
0.046605000,1,1,1,1
0.046605125,1,1,1,0
0.046605250,1,1,1,1
0.046608750,1,1,1,0
0.046608875,1,1,1,1
0.046662000,1,1,1,0
0.046662125,1,1,1,1
0.046662250,1,1,1,0
0.046662375,1,1,1,1
0.046665875,1,1,1,0
0.046666000,1,1,1,1
0.046666250,1,1,1,0
0.046666375,1,1,1,1
0.046719125,1,1,1,0
0.046719250,1,1,1,1
0.046719375,1,1,1,0
0.046719500,1,1,1,1
0.046723000,1,1,1,0
0.046723125,1,1,1,1
0.046780250,1,1,1,0
0.046780375,1,1,1,1
0.046780500,1,1,1,0
0.046780625,1,1,1,1
0.046780875,1,1,1,0
0.046781000,1,1,1,1
0.046833750,1,1,1,0
0.046833875,1,1,1,1
0.046834000,1,1,1,0
0.046834125,1,1,1,1
0.046837625,1,1,1,0
0.046837750,1,1,1,1
0.046838000,1,1,1,0
0.046838125,1,1,1,1
0.046895750,1,1,1,0
0.046895875,1,1,1,1
0.046896375,1,1,1,0
0.046896500,1,1,1,1
0.046953500,1,1,1,0
0.046953750,1,1,1,1
0.047007875,1,1,1,0
0.047008000,1,1,1,1
0.047008125,1,1,1,0
0.047008250,1,1,1,1
0.047012125,1,1,1,0
0.047012250,1,1,1,1
0.047012375,1,1,1,0
0.047012500,1,1,1,1
0.047066250,1,1,1,0
0.047066375,1,1,1,1
0.047066500,1,1,1,0
0.047066625,1,1,1,1
0.047070125,1,1,1,0
0.047070250,1,1,1,1
0.047070500,1,1,1,0
0.047070625,1,1,1,1
0.047129250,1,1,1,0
0.047129375,1,1,1,1
0.047188625,1,1,1,0
0.047188750,1,1,1,1
0.047189250,1,1,1,0
0.047189375,1,1,1,1
0.047244625,1,1,1,0
0.047244750,1,1,1,1
0.047244875,1,1,1,0
0.047245000,1,1,1,1
0.047248875,1,1,1,0
0.047249000,1,1,1,1
0.047306875,1,1,1,0
0.047307000,1,1,1,1
0.047307250,1,1,1,0
0.047307375,1,1,1,1
0.047366250,1,1,1,0
0.047366500,1,1,1,1
0.047426625,1,1,1,0
0.047426750,1,1,1,1
0.047427000,1,1,1,0
0.047427125,1,1,1,1
0.047483750,1,1,1,0
0.047483875,1,1,1,1
0.047484000,1,1,1,0
0.047484125,1,1,1,1
0.047487625,1,1,1,0
0.047487750,1,1,1,1
0.047488250,1,1,1,0
0.047488375,1,1,1,1
0.047547500,1,1,1,0
0.047547750,1,1,1,1
0.047606875,1,1,1,0
0.047607125,1,1,1,1
0.047607625,1,1,1,0
0.047607750,1,1,1,1
0.047664000,1,1,1,0
0.047664125,1,1,1,1
0.047668250,1,1,1,0
0.047668375,1,1,1,1
0.047668500,1,1,1,0
0.047668625,1,1,1,1
0.047724500,1,1,1,0
0.047724625,1,1,1,1
0.047728000,1,1,1,0
0.047728250,1,1,1,1
0.047789250,1,1,1,0
0.047789375,1,1,1,1
0.047789625,1,1,1,0
0.047789750,1,1,1,1
0.047846875,1,1,1,0
0.047847000,1,1,1,1
0.047847125,1,1,1,0
0.047847250,1,1,1,1
0.047850750,1,1,1,0
0.047850875,1,1,1,1
0.047851375,1,1,1,0
0.047851500,1,1,1,1
0.047912625,1,1,1,0
0.047912750,1,1,1,1
0.047973000,1,1,1,0
0.047973125,1,1,1,1
0.048030375,1,1,1,0
0.048030500,1,1,1,1
0.048034250,1,1,1,0
0.048034375,1,1,1,1
0.048034875,1,1,1,0
0.048035000,1,1,1,1
0.048095625,1,1,1,0
0.048095750,1,1,1,1
0.048096000,1,1,1,0
0.048096125,1,1,1,1
0.048158000,1,1,1,0
0.048158125,1,1,1,1
0.048218625,1,1,1,0
0.048218750,1,1,1,1
0.048219000,1,1,1,0
0.048219125,1,1,1,1
0.048280000,1,1,1,0
0.048280125,1,1,1,1
0.048280250,1,1,1,0
0.048280375,1,1,1,1
0.048340375,1,1,1,0
0.048340500,1,1,1,1
0.048463125,1,1,1,0
0.048463250,1,1,1,1
0.048523625,1,1,1,0
0.048523750,1,1,1,1
0.048585625,1,1,1,0
0.048585750,1,1,1,1
0.048643750,1,1,1,0
0.048643875,1,1,1,1
0.048647500,1,1,1,0
0.048647625,1,1,1,1
0.048706000,1,1,1,0
0.048706125,1,1,1,1
0.048709750,1,1,1,0
0.048709875,1,1,1,1
0.048834125,1,1,1,0
0.048834250,1,1,1,1
0.048896500,1,1,1,0
0.048896750,1,1,1,1
0.054180125,1,1,1,0
0.054180375,1,1,1,1
0.054241625,1,1,1,0
0.054241750,1,1,1,1
0.054302750,1,1,1,0
0.054302875,1,1,1,1
0.054362625,1,1,1,0
0.054362875,1,1,1,1
0.054544125,1,1,1,0
0.054544250,1,1,1,1
0.054667375,1,1,1,0
0.054667625,1,1,1,1
0.055094500,1,1,1,0
0.055094750,1,1,1,1
0.055217625,1,1,1,0
0.055217875,1,1,1,1
0.055642250,1,1,1,0
0.055642500,1,1,1,1
0.055699875,1,1,1,0
0.055700000,1,1,1,1
0.055703875,1,1,1,0
0.055704125,1,1,1,1
0.055765625,1,1,1,0
0.055765750,1,1,1,1
0.055822500,1,1,1,0
0.055822625,1,1,1,1
0.055826500,1,1,1,0
0.055826625,1,1,1,1
0.055886500,1,1,1,0
0.055886750,1,1,1,1
0.055946750,1,1,1,0
0.055946875,1,1,1,1
0.056002125,1,1,1,0
0.056002250,1,1,1,1
0.056006125,1,1,1,0
0.056006250,1,1,1,1
0.056062500,1,1,1,0
0.056062625,1,1,1,1
0.056066875,1,1,1,0
0.056067000,1,1,1,1
0.056127750,1,1,1,0
0.056127875,1,1,1,1
0.056128375,1,1,1,0
0.056128500,1,1,1,1
0.056188000,1,1,1,0
0.056188250,1,1,1,1
0.056248625,1,1,1,0
0.056248750,1,1,1,1
0.056310375,1,1,1,0
0.056310500,1,1,1,1
0.056367250,1,1,1,0
0.056367375,1,1,1,1
0.056367500,1,1,1,0
0.056367625,1,1,1,1
0.056371250,1,1,1,0
0.056371375,1,1,1,1
0.056371875,1,1,1,0
0.056372000,1,1,1,1
0.056431375,1,1,1,0
0.056431500,1,1,1,1
0.056431750,1,1,1,0
0.056431875,1,1,1,1
0.056486875,1,1,1,0
0.056487000,1,1,1,1
0.056487125,1,1,1,0
0.056487250,1,1,1,1
0.056490750,1,1,1,0
0.056491000,1,1,1,1
0.056547375,1,1,1,0
0.056547500,1,1,1,1
0.056547625,1,1,1,0
0.056547750,1,1,1,1
0.056551250,1,1,1,0
0.056551375,1,1,1,1
0.056608500,1,1,1,0
0.056608625,1,1,1,1
0.056608750,1,1,1,0
0.056608875,1,1,1,1
0.056612500,1,1,1,0
0.056612625,1,1,1,1
0.056613125,1,1,1,0
0.056613250,1,1,1,1
0.056672750,1,1,1,0
0.056672875,1,1,1,1
0.056673000,1,1,1,0
0.056673125,1,1,1,1
0.056673375,1,1,1,0
0.056673500,1,1,1,1
0.056733375,1,1,1,0
0.056733500,1,1,1,1
0.056793750,1,1,1,0
0.056793875,1,1,1,1
0.056850500,1,1,1,0
0.056850625,1,1,1,1
0.056854375,1,1,1,0
0.056854625,1,1,1,1
0.056914875,1,1,1,0
0.056915000,1,1,1,1
0.056915125,1,1,1,0
0.056915250,1,1,1,1
0.056973750,1,1,1,0
0.056973875,1,1,1,1
0.056974375,1,1,1,0
0.056974500,1,1,1,1
0.057030000,1,1,1,0
0.057030125,1,1,1,1
0.057030250,1,1,1,0
0.057030375,1,1,1,1
0.057033875,1,1,1,0
0.057034000,1,1,1,1
0.057034250,1,1,1,0
0.057034375,1,1,1,1
0.057094250,1,1,1,0
0.057094375,1,1,1,1
0.057151500,1,1,1,0
0.057151625,1,1,1,1
0.057151750,1,1,1,0
0.057151875,1,1,1,1
0.057155750,1,1,1,0
0.057155875,1,1,1,1
0.057211750,1,1,1,0
0.057211875,1,1,1,1
0.057212000,1,1,1,0
0.057212125,1,1,1,1
0.057216000,1,1,1,0
0.057216125,1,1,1,1
0.057276000,1,1,1,0
0.057276125,1,1,1,1
0.057337000,1,1,1,0
0.057337250,1,1,1,1
0.057337750,1,1,1,0
0.057337875,1,1,1,1
0.057397125,1,1,1,0
0.057397250,1,1,1,1
0.057397750,1,1,1,0
0.057397875,1,1,1,1
0.057456250,1,1,1,0
0.057456375,1,1,1,1
0.057516500,1,1,1,0
0.057516625,1,1,1,1
0.057516875,1,1,1,0
0.057517000,1,1,1,1
0.057577500,1,1,1,0
0.057577625,1,1,1,1
0.057637625,1,1,1,0
0.057637875,1,1,1,1
0.057697875,1,1,1,0
0.057698000,1,1,1,1
0.057758750,1,1,1,0
0.057758875,1,1,1,1
0.057759000,1,1,1,0
0.057759125,1,1,1,1
0.057819500,1,1,1,0
0.057819625,1,1,1,1
0.057880500,1,1,1,0
0.057880625,1,1,1,1
0.057880875,1,1,1,0
0.057881000,1,1,1,1
0.057940000,1,1,1,0
0.057940125,1,1,1,1
0.057940375,1,1,1,0
0.057940500,1,1,1,1
0.058000375,1,1,1,0
0.058000500,1,1,1,1
0.058057750,1,1,1,0
0.058057875,1,1,1,1
0.058058000,1,1,1,0
0.058058125,1,1,1,1
0.058061500,1,1,1,0
0.058061750,1,1,1,1
0.058122500,1,1,1,0
0.058122625,1,1,1,1
0.058182500,1,1,1,0
0.058182625,1,1,1,1
0.058238125,1,1,1,0
0.058238250,1,1,1,1
0.058238375,1,1,1,0
0.058238500,1,1,1,1
0.058242000,1,1,1,0
0.058242125,1,1,1,1
0.058242625,1,1,1,0
0.058242750,1,1,1,1
0.058299125,1,1,1,0
0.058299250,1,1,1,1
0.058299375,1,1,1,0
0.058299500,1,1,1,1
0.058303000,1,1,1,0
0.058303125,1,1,1,1
0.058303625,1,1,1,0
0.058303750,1,1,1,1
0.058359500,1,1,1,0
0.058359625,1,1,1,1
0.058363625,1,1,1,0
0.058363750,1,1,1,1
0.058421000,1,1,1,0
0.058421125,1,1,1,1
0.058421250,1,1,1,0
0.058421375,1,1,1,1
0.058424875,1,1,1,0
0.058425000,1,1,1,1
0.058545375,1,1,1,0
0.058545500,1,1,1,1
0.058549125,1,1,1,0
0.058549250,1,1,1,1
0.058672375,1,1,1,0
0.058672500,1,1,1,1
0.058794750,1,1,1,0
0.058794875,1,1,1,1
0.058917125,1,1,1,0
0.058917250,1,1,1,1
0.064705500,1,1,1,0
0.064705625,1,1,1,1
0.064824250,1,1,1,0
0.064824375,1,1,1,1
0.064941500,1,1,1,0
0.064941625,1,1,1,1
0.065235375,1,1,1,0
0.065235500,1,1,1,1
0.065295500,1,1,1,0
0.065295625,1,1,1,1
0.065651750,1,1,1,0
0.065652000,1,1,1,1
0.065773625,1,1,1,0
0.065773750,1,1,1,1
0.065895000,1,1,1,0
0.065895125,1,1,1,1
0.065950375,1,1,1,0
0.065950500,1,1,1,1
0.065954375,1,1,1,0
0.065954500,1,1,1,1
0.066010500,1,1,1,0
0.066010625,1,1,1,1
0.066014875,1,1,1,0
0.066015000,1,1,1,1
0.066070000,1,1,1,0
0.066070125,1,1,1,1
0.066070250,1,1,1,0
0.066070375,1,1,1,1
0.066074000,1,1,1,0
0.066074125,1,1,1,1
0.066074625,1,1,1,0
0.066074750,1,1,1,1
0.066130625,1,1,1,0
0.066130750,1,1,1,1
0.066130875,1,1,1,0
0.066131000,1,1,1,1
0.066135000,1,1,1,0
0.066135125,1,1,1,1
0.066196000,1,1,1,0
0.066196125,1,1,1,1
0.066257375,1,1,1,0
0.066257625,1,1,1,1
0.066314750,1,1,1,0
0.066314875,1,1,1,1
0.066319125,1,1,1,0
0.066319250,1,1,1,1
0.066379750,1,1,1,0
0.066379875,1,1,1,1
0.066440500,1,1,1,0
0.066440625,1,1,1,1
0.066440875,1,1,1,0
0.066441000,1,1,1,1
0.066500500,1,1,1,0
0.066500625,1,1,1,1
0.066556750,1,1,1,0
0.066556875,1,1,1,1
0.066557000,1,1,1,0
0.066557125,1,1,1,1
0.066560625,1,1,1,0
0.066560875,1,1,1,1
0.066617875,1,1,1,0
0.066618000,1,1,1,1
0.066618125,1,1,1,0
0.066618250,1,1,1,1
0.066621750,1,1,1,0
0.066622000,1,1,1,1
0.066678000,1,1,1,0
0.066678125,1,1,1,1
0.066678250,1,1,1,0
0.066678375,1,1,1,1
0.066681875,1,1,1,0
0.066682125,1,1,1,1
0.066682625,1,1,1,0
0.066682750,1,1,1,1
0.066737500,1,1,1,0
0.066737625,1,1,1,1
0.066737750,1,1,1,0
0.066737875,1,1,1,1
0.066741375,1,1,1,0
0.066741500,1,1,1,1
0.066798500,1,1,1,0
0.066798625,1,1,1,1
0.066798750,1,1,1,0
0.066798875,1,1,1,1
0.066802375,1,1,1,0
0.066802625,1,1,1,1
0.066862875,1,1,1,0
0.066863000,1,1,1,1
0.066863500,1,1,1,0
0.066863625,1,1,1,1
0.066923875,1,1,1,0
0.066924125,1,1,1,1
0.066984250,1,1,1,0
0.066984375,1,1,1,1
0.066984500,1,1,1,0
0.066984625,1,1,1,1
0.066984875,1,1,1,0
0.066985000,1,1,1,1
0.067044750,1,1,1,0
0.067044875,1,1,1,1
0.067045000,1,1,1,0
0.067045125,1,1,1,1
0.067045375,1,1,1,0
0.067045500,1,1,1,1
0.067105875,1,1,1,0
0.067106000,1,1,1,1
0.067167000,1,1,1,0
0.067167125,1,1,1,1
0.067167625,1,1,1,0
0.067167750,1,1,1,1
0.067227000,1,1,1,0
0.067227125,1,1,1,1
0.067227625,1,1,1,0
0.067227750,1,1,1,1
0.067282375,1,1,1,0
0.067282500,1,1,1,1
0.067286625,1,1,1,0
0.067286750,1,1,1,1
0.067342875,1,1,1,0
0.067343000,1,1,1,1
0.067347125,1,1,1,0
0.067347250,1,1,1,1
0.067408125,1,1,1,0
0.067408250,1,1,1,1
0.067465750,1,1,1,0
0.067465875,1,1,1,1
0.067466000,1,1,1,0
0.067466125,1,1,1,1
0.067470000,1,1,1,0
0.067470125,1,1,1,1
0.067470250,1,1,1,0
0.067470375,1,1,1,1
0.067530875,1,1,1,0
0.067531000,1,1,1,1
0.067588250,1,1,1,0
0.067588375,1,1,1,1
0.067588500,1,1,1,0
0.067588625,1,1,1,1
0.067592125,1,1,1,0
0.067592250,1,1,1,1
0.067592750,1,1,1,0
0.067592875,1,1,1,1
0.067648625,1,1,1,0
0.067648750,1,1,1,1
0.067648875,1,1,1,0
0.067649000,1,1,1,1
0.067652500,1,1,1,0
0.067652625,1,1,1,1
0.067653125,1,1,1,0
0.067653250,1,1,1,1
0.067709125,1,1,1,0
0.067709250,1,1,1,1
0.067709375,1,1,1,0
0.067709500,1,1,1,1
0.067713000,1,1,1,0
0.067713125,1,1,1,1
0.067713625,1,1,1,0
0.067713750,1,1,1,1
0.067770125,1,1,1,0
0.067770250,1,1,1,1
0.067770375,1,1,1,0
0.067770500,1,1,1,1
0.067773875,1,1,1,0
0.067774125,1,1,1,1
0.067833375,1,1,1,0
0.067833500,1,1,1,1
0.067833750,1,1,1,0
0.067833875,1,1,1,1
0.067889875,1,1,1,0
0.067890000,1,1,1,1
0.067890125,1,1,1,0
0.067890250,1,1,1,1
0.067893750,1,1,1,0
0.067893875,1,1,1,1
0.067894000,1,1,1,0
0.067894125,1,1,1,1
0.067894375,1,1,1,0
0.067894500,1,1,1,1
0.067950875,1,1,1,0
0.067951000,1,1,1,1
0.067951125,1,1,1,0
0.067951250,1,1,1,1
0.067954750,1,1,1,0
0.067954875,1,1,1,1
0.067955000,1,1,1,0
0.067955125,1,1,1,1
0.067955375,1,1,1,0
0.067955500,1,1,1,1
0.068010875,1,1,1,0
0.068011000,1,1,1,1
0.068011125,1,1,1,0
0.068011250,1,1,1,1
0.068014750,1,1,1,0
0.068014875,1,1,1,1
0.068015375,1,1,1,0
0.068015500,1,1,1,1
0.068073875,1,1,1,0
0.068074000,1,1,1,1
0.068130375,1,1,1,0
0.068130500,1,1,1,1
0.068130625,1,1,1,0
0.068130750,1,1,1,1
0.068134250,1,1,1,0
0.068134375,1,1,1,1
0.068134500,1,1,1,0
0.068134625,1,1,1,1
0.068134875,1,1,1,0
0.068135000,1,1,1,1
0.068191625,1,1,1,0
0.068191750,1,1,1,1
0.068191875,1,1,1,0
0.068192000,1,1,1,1
0.068195375,1,1,1,0
0.068195625,1,1,1,1
0.068256625,1,1,1,0
0.068256750,1,1,1,1
0.068318250,1,1,1,0
0.068318375,1,1,1,1
0.068375125,1,1,1,0
0.068375250,1,1,1,1
0.068379000,1,1,1,0
0.068379125,1,1,1,1
0.068439500,1,1,1,0
0.068439625,1,1,1,1
0.068495625,1,1,1,0
0.068495750,1,1,1,1
0.068499375,1,1,1,0
0.068499625,1,1,1,1
0.068560875,1,1,1,0
0.068561000,1,1,1,1
0.068616875,1,1,1,0
0.068617000,1,1,1,1
0.068620625,1,1,1,0
0.068620750,1,1,1,1
0.074077875,1,1,1,0
0.074078125,1,1,1,1
0.074139125,1,1,1,0
0.074139375,1,1,1,1
0.074198625,1,1,1,0
0.074198875,1,1,1,1
0.074259000,1,1,1,0
0.074259250,1,1,1,1
0.074320125,1,1,1,0
0.074320500,1,1,1,1
0.074621375,1,1,1,0
0.074621625,1,1,1,1
0.074682500,1,1,1,0
0.074682750,1,1,1,1
0.075222875,1,1,1,0
0.075223125,1,1,1,1
0.075283625,1,1,1,0
0.075283875,1,1,1,1
0.075644375,1,1,1,0
0.075644625,1,1,1,1
0.075701625,1,1,1,0
0.075701750,1,1,1,1
0.075705875,1,1,1,0
0.075706000,1,1,1,1
0.075765250,1,1,1,0
0.075765375,1,1,1,1
0.075825625,1,1,1,0
0.075825750,1,1,1,1
0.075886125,1,1,1,0
0.075886250,1,1,1,1
0.075943375,1,1,1,0
0.075943500,1,1,1,1
0.075947375,1,1,1,0
0.075947500,1,1,1,1
0.076003000,1,1,1,0
0.076003125,1,1,1,1
0.076003250,1,1,1,0
0.076003375,1,1,1,1
0.076007375,1,1,1,0
0.076007500,1,1,1,1
0.076067500,1,1,1,0
0.076067625,1,1,1,1
0.076067750,1,1,1,0
0.076067875,1,1,1,1
0.076068125,1,1,1,0
0.076068250,1,1,1,1
0.076124125,1,1,1,0
0.076124250,1,1,1,1
0.076124375,1,1,1,0
0.076124500,1,1,1,1
0.076128500,1,1,1,0
0.076128625,1,1,1,1
0.076189250,1,1,1,0
0.076189375,1,1,1,1
0.076244875,1,1,1,0
0.076245000,1,1,1,1
0.076245125,1,1,1,0
0.076245250,1,1,1,1
0.076249250,1,1,1,0
0.076249375,1,1,1,1
0.076249500,1,1,1,0
0.076249625,1,1,1,1
0.076305250,1,1,1,0
0.076305375,1,1,1,1
0.076305500,1,1,1,0
0.076305625,1,1,1,1
0.076309625,1,1,1,0
0.076309750,1,1,1,1
0.076309875,1,1,1,0
0.076310000,1,1,1,1
0.076370000,1,1,1,0
0.076370125,1,1,1,1
0.076430000,1,1,1,0
0.076430250,1,1,1,1
0.076489625,1,1,1,0
0.076489875,1,1,1,1
0.076549250,1,1,1,0
0.076549375,1,1,1,1
0.076607375,1,1,1,0
0.076607500,1,1,1,1
0.076660000,1,1,1,0
0.076660125,1,1,1,1
0.076664000,1,1,1,0
0.076664125,1,1,1,1
0.076664625,1,1,1,0
0.076664750,1,1,1,1
0.076717500,1,1,1,0
0.076717625,1,1,1,1
0.076717750,1,1,1,0
0.076717875,1,1,1,1
0.076721375,1,1,1,0
0.076721625,1,1,1,1
0.076775750,1,1,1,0
0.076775875,1,1,1,1
0.076776000,1,1,1,0
0.076776125,1,1,1,1
0.076779625,1,1,1,0
0.076779750,1,1,1,1
0.076837750,1,1,1,0
0.076837875,1,1,1,1
0.076838000,1,1,1,0
0.076838125,1,1,1,1
0.076838375,1,1,1,0
0.076838500,1,1,1,1
0.076894750,1,1,1,0
0.076895000,1,1,1,1
0.076948000,1,1,1,0
0.076948125,1,1,1,1
0.076948250,1,1,1,0
0.076948375,1,1,1,1
0.076951875,1,1,1,0
0.076952000,1,1,1,1
0.077005500,1,1,1,0
0.077005625,1,1,1,1
0.077005750,1,1,1,0
0.077005875,1,1,1,1
0.077009750,1,1,1,0
0.077009875,1,1,1,1
0.077010000,1,1,1,0
0.077010125,1,1,1,1
0.077064500,1,1,1,0
0.077064625,1,1,1,1
0.077064750,1,1,1,0
0.077064875,1,1,1,1
0.077068375,1,1,1,0
0.077068500,1,1,1,1
0.077068750,1,1,1,0
0.077068875,1,1,1,1
0.077126500,1,1,1,0
0.077126750,1,1,1,1
0.077181000,1,1,1,0
0.077181125,1,1,1,1
0.077181250,1,1,1,0
0.077181375,1,1,1,1
0.077185250,1,1,1,0
0.077185375,1,1,1,1
0.077240125,1,1,1,0
0.077240250,1,1,1,1
0.077240375,1,1,1,0
0.077240500,1,1,1,1
0.077244000,1,1,1,0
0.077244125,1,1,1,1
0.077244250,1,1,1,0
0.077244375,1,1,1,1
0.077244625,1,1,1,0
0.077244750,1,1,1,1
0.077298625,1,1,1,0
0.077298750,1,1,1,1
0.077298875,1,1,1,0
0.077299000,1,1,1,1
0.077302500,1,1,1,0
0.077302625,1,1,1,1
0.077302750,1,1,1,0
0.077302875,1,1,1,1
0.077303125,1,1,1,0
0.077303250,1,1,1,1
0.077361750,1,1,1,0
0.077361875,1,1,1,1
0.077362375,1,1,1,0
0.077362500,1,1,1,1
0.077417250,1,1,1,0
0.077417375,1,1,1,1
0.077417500,1,1,1,0
0.077417625,1,1,1,1
0.077421125,1,1,1,0
0.077421250,1,1,1,1
0.077421375,1,1,1,0
0.077421500,1,1,1,1
0.077421750,1,1,1,0
0.077421875,1,1,1,1
0.077476750,1,1,1,0
0.077476875,1,1,1,1
0.077477000,1,1,1,0
0.077477125,1,1,1,1
0.077480625,1,1,1,0
0.077480750,1,1,1,1
0.077481250,1,1,1,0
0.077481375,1,1,1,1
0.077540500,1,1,1,0
0.077540750,1,1,1,1
0.077599125,1,1,1,0
0.077599250,1,1,1,1
0.077653875,1,1,1,0
0.077654000,1,1,1,1
0.077657750,1,1,1,0
0.077657875,1,1,1,1
0.077658000,1,1,1,0
0.077658125,1,1,1,1
0.077658375,1,1,1,0
0.077658500,1,1,1,1
0.077716000,1,1,1,0
0.077716125,1,1,1,1
0.077716375,1,1,1,0
0.077716500,1,1,1,1
0.077775250,1,1,1,0
0.077775500,1,1,1,1
0.077831625,1,1,1,0
0.077831750,1,1,1,1
0.077835500,1,1,1,0
0.077835625,1,1,1,1
0.077836125,1,1,1,0
0.077836250,1,1,1,1
0.077891875,1,1,1,0
0.077892000,1,1,1,1
0.077892125,1,1,1,0
0.077892250,1,1,1,1
0.077895750,1,1,1,0
0.077895875,1,1,1,1
0.077896000,1,1,1,0
0.077896125,1,1,1,1
0.077896375,1,1,1,0
0.077896500,1,1,1,1
0.077955875,1,1,1,0
0.077956000,1,1,1,1
0.077956250,1,1,1,0
0.077956375,1,1,1,1
0.078016375,1,1,1,0
0.078016500,1,1,1,1
0.078071625,1,1,1,0
0.078071750,1,1,1,1
0.078071875,1,1,1,0
0.078072000,1,1,1,1
0.078075375,1,1,1,0
0.078075625,1,1,1,1
0.078076125,1,1,1,0
0.078076250,1,1,1,1
0.078131625,1,1,1,0
0.078131750,1,1,1,1
0.078135500,1,1,1,0
0.078135625,1,1,1,1
0.078136125,1,1,1,0
0.078136250,1,1,1,1
0.078190875,1,1,1,0
0.078191000,1,1,1,1
0.078191125,1,1,1,0
0.078191250,1,1,1,1
0.078194625,1,1,1,0
0.078194875,1,1,1,1
0.078254625,1,1,1,0
0.078254750,1,1,1,1
0.078310000,1,1,1,0
0.078310125,1,1,1,1
0.078310250,1,1,1,0
0.078310375,1,1,1,1
0.078313750,1,1,1,0
0.078314000,1,1,1,1
0.078373750,1,1,1,0
0.078373875,1,1,1,1
0.078433250,1,1,1,0
0.078433375,1,1,1,1
0.078489375,1,1,1,0
0.078489500,1,1,1,1
0.078493125,1,1,1,0
0.078493375,1,1,1,1
0.078550375,1,1,1,0
0.078550500,1,1,1,1
0.078554125,1,1,1,0
0.078554375,1,1,1,1
0.078614625,1,1,1,0
0.078614750,1,1,1,1
0.078669500,1,1,1,0
0.078669625,1,1,1,1
0.078673250,1,1,1,0
0.078673500,1,1,1,1
0.078733750,1,1,1,0
0.078733875,1,1,1,1
0.078794625,1,1,1,0
0.078794750,1,1,1,1
0.078854375,1,1,1,0
0.078854500,1,1,1,1
0.078914125,1,1,1,0
0.078914250,1,1,1,1
0.084668750,1,1,1,0
0.084668875,1,1,1,1
0.084728375,1,1,1,0
0.084728500,1,1,1,1
0.085562375,1,1,1,0
0.085562625,1,1,1,1
0.085733750,1,1,1,0
0.085733875,1,1,1,1
0.085737750,1,1,1,0
0.085737875,1,1,1,1
0.085796875,1,1,1,0
0.085797000,1,1,1,1
0.085855125,1,1,1,0
0.085855250,1,1,1,1
0.085909500,1,1,1,0
0.085909625,1,1,1,1
0.085968125,1,1,1,0
0.085968250,1,1,1,1
0.085972375,1,1,1,0
0.085972500,1,1,1,1
0.086031625,1,1,1,0
0.086031750,1,1,1,1
0.086032250,1,1,1,0
0.086032375,1,1,1,1
0.086087750,1,1,1,0
0.086087875,1,1,1,1
0.086088000,1,1,1,0
0.086088125,1,1,1,1
0.086092125,1,1,1,0
0.086092250,1,1,1,1
0.086146625,1,1,1,0
0.086146750,1,1,1,1
0.086150375,1,1,1,0
0.086150500,1,1,1,1
0.086151000,1,1,1,0
0.086151125,1,1,1,1
0.086205750,1,1,1,0
0.086205875,1,1,1,1
0.086206000,1,1,1,0
0.086206125,1,1,1,1
0.086209750,1,1,1,0
0.086209875,1,1,1,1
0.086210375,1,1,1,0
0.086210500,1,1,1,1
0.086269250,1,1,1,0
0.086269375,1,1,1,1
0.086325625,1,1,1,0
0.086325750,1,1,1,1
0.086325875,1,1,1,0
0.086326000,1,1,1,1
0.086329625,1,1,1,0
0.086329750,1,1,1,1
0.086330250,1,1,1,0
0.086330375,1,1,1,1
0.086385750,1,1,1,0
0.086385875,1,1,1,1
0.086386000,1,1,1,0
0.086386125,1,1,1,1
0.086389750,1,1,1,0
0.086389875,1,1,1,1
0.086390375,1,1,1,0
0.086390500,1,1,1,1
0.086444875,1,1,1,0
0.086445000,1,1,1,1
0.086445125,1,1,1,0
0.086445250,1,1,1,1
0.086448875,1,1,1,0
0.086449000,1,1,1,1
0.086449125,1,1,1,0
0.086449250,1,1,1,1
0.086449500,1,1,1,0
0.086449625,1,1,1,1
0.086504000,1,1,1,0
0.086504125,1,1,1,1
0.086504250,1,1,1,0
0.086504375,1,1,1,1
0.086507875,1,1,1,0
0.086508125,1,1,1,1
0.086563125,1,1,1,0
0.086563250,1,1,1,1
0.086567125,1,1,1,0
0.086567250,1,1,1,1
0.086567750,1,1,1,0
0.086567875,1,1,1,1
0.086627125,1,1,1,0
0.086627250,1,1,1,1
0.086627375,1,1,1,0
0.086627500,1,1,1,1
0.086627750,1,1,1,0
0.086627875,1,1,1,1
0.086687375,1,1,1,0
0.086687500,1,1,1,1
0.086687625,1,1,1,0
0.086687750,1,1,1,1
0.086688000,1,1,1,0
0.086688125,1,1,1,1
0.086748250,1,1,1,0
0.086748375,1,1,1,1
0.086805250,1,1,1,0
0.086805375,1,1,1,1
0.086809125,1,1,1,0
0.086809375,1,1,1,1
0.086866625,1,1,1,0
0.086866750,1,1,1,1
0.086866875,1,1,1,0
0.086867000,1,1,1,1
0.086870500,1,1,1,0
0.086870625,1,1,1,1
0.086931875,1,1,1,0
0.086932000,1,1,1,1
0.086932500,1,1,1,0
0.086932625,1,1,1,1
0.086989000,1,1,1,0
0.086989125,1,1,1,1
0.086989250,1,1,1,0
0.086989375,1,1,1,1
0.086992875,1,1,1,0
0.086993000,1,1,1,1
0.086993250,1,1,1,0
0.086993375,1,1,1,1
0.087048500,1,1,1,0
0.087048625,1,1,1,1
0.087048750,1,1,1,0
0.087048875,1,1,1,1
0.087052375,1,1,1,0
0.087052500,1,1,1,1
0.087052750,1,1,1,0
0.087052875,1,1,1,1
0.087108875,1,1,1,0
0.087109000,1,1,1,1
0.087109125,1,1,1,0
0.087109250,1,1,1,1
0.087113125,1,1,1,0
0.087113250,1,1,1,1
0.087113375,1,1,1,0
0.087113500,1,1,1,1
0.087173750,1,1,1,0
0.087173875,1,1,1,1
0.087174375,1,1,1,0
0.087174500,1,1,1,1
0.087233875,1,1,1,0
0.087234000,1,1,1,1
0.087294250,1,1,1,0
0.087294375,1,1,1,1
0.087355250,1,1,1,0
0.087355500,1,1,1,1
0.087356000,1,1,1,0
0.087356125,1,1,1,1
0.087411500,1,1,1,0
0.087411625,1,1,1,1
0.087411750,1,1,1,0
0.087411875,1,1,1,1
0.087415750,1,1,1,0
0.087415875,1,1,1,1
0.087416000,1,1,1,0
0.087416125,1,1,1,1
0.087471250,1,1,1,0
0.087471375,1,1,1,1
0.087474750,1,1,1,0
0.087475000,1,1,1,1
0.087475500,1,1,1,0
0.087475625,1,1,1,1
0.087536125,1,1,1,0
0.087536250,1,1,1,1
0.087596125,1,1,1,0
0.087596250,1,1,1,1
0.087596500,1,1,1,0
0.087596625,1,1,1,1
0.087657250,1,1,1,0
0.087657375,1,1,1,1
0.087718250,1,1,1,0
0.087718375,1,1,1,1
0.087778250,1,1,1,0
0.087778375,1,1,1,1
0.087778625,1,1,1,0
0.087778750,1,1,1,1
0.087837500,1,1,1,0
0.087837625,1,1,1,1
0.087837875,1,1,1,0
0.087838000,1,1,1,1
0.087898375,1,1,1,0
0.087898500,1,1,1,1
0.087898625,1,1,1,0
0.087898750,1,1,1,1
0.087959375,1,1,1,0
0.087959500,1,1,1,1
0.088017000,1,1,1,0
0.088017125,1,1,1,1
0.088017250,1,1,1,0
0.088017375,1,1,1,1
0.088020750,1,1,1,0
0.088021000,1,1,1,1
0.088021500,1,1,1,0
0.088021625,1,1,1,1
0.088078250,1,1,1,0
0.088078375,1,1,1,1
0.088078500,1,1,1,0
0.088078625,1,1,1,1
0.088082125,1,1,1,0
0.088082250,1,1,1,1
0.088082750,1,1,1,0
0.088082875,1,1,1,1
0.088143625,1,1,1,0
0.088143750,1,1,1,1
0.088199875,1,1,1,0
0.088200000,1,1,1,1
0.088200125,1,1,1,0
0.088200250,1,1,1,1
0.088203625,1,1,1,0
0.088203875,1,1,1,1
0.088264500,1,1,1,0
0.088264625,1,1,1,1
0.088320750,1,1,1,0
0.088320875,1,1,1,1
0.088324625,1,1,1,0
0.088324750,1,1,1,1
0.088385875,1,1,1,0
0.088386000,1,1,1,1
0.088441250,1,1,1,0
0.088441375,1,1,1,1
0.088445000,1,1,1,0
0.088445250,1,1,1,1
0.088566250,1,1,1,0
0.088566375,1,1,1,1
0.088622500,1,1,1,0
0.088622625,1,1,1,1
0.088626250,1,1,1,0
0.088626375,1,1,1,1
0.088685750,1,1,1,0
0.088686000,1,1,1,1
0.088807375,1,1,1,0
0.088807500,1,1,1,1
0.088868625,1,1,1,0
0.088868750,1,1,1,1
0.088868875,1,1,1,0
0.088869000,1,1,1,1
0.094323625,1,1,1,0
0.094323750,1,1,1,1
0.094565125,1,1,1,0
0.094565375,1,1,1,1
0.094685625,1,1,1,0
0.094685875,1,1,1,1
0.094865875,1,1,1,0
0.094866125,1,1,1,1
0.094926500,1,1,1,0
0.094926750,1,1,1,1
0.094987750,1,1,1,0
0.094987875,1,1,1,1
0.095048125,1,1,1,0
0.095048375,1,1,1,1
0.095709500,1,1,1,0
0.095709625,1,1,1,1
0.095713375,1,1,1,0
0.095713625,1,1,1,1
0.095774750,1,1,1,0
0.095774875,1,1,1,1
0.095835375,1,1,1,0
0.095835625,1,1,1,1
0.095896625,1,1,1,0
0.095896750,1,1,1,1
0.095956875,1,1,1,0
0.095957000,1,1,1,1
0.096017125,1,1,1,0
0.096017250,1,1,1,1
0.096017375,1,1,1,0
0.096017500,1,1,1,1
0.096076500,1,1,1,0
0.096076750,1,1,1,1
0.096137125,1,1,1,0
0.096137375,1,1,1,1
0.096194625,1,1,1,0
0.096194750,1,1,1,1
0.096194875,1,1,1,0
0.096195000,1,1,1,1
0.096198625,1,1,1,0
0.096198750,1,1,1,1
0.096198875,1,1,1,0
0.096199000,1,1,1,1
0.096199250,1,1,1,0
0.096199375,1,1,1,1
0.096260000,1,1,1,0
0.096260125,1,1,1,1
0.096260375,1,1,1,0
0.096260500,1,1,1,1
0.096317375,1,1,1,0
0.096317500,1,1,1,1
0.096317625,1,1,1,0
0.096317750,1,1,1,1
0.096321375,1,1,1,0
0.096321500,1,1,1,1
0.096321625,1,1,1,0
0.096321750,1,1,1,1
0.096322000,1,1,1,0
0.096322125,1,1,1,1
0.096378500,1,1,1,0
0.096378625,1,1,1,1
0.096378750,1,1,1,0
0.096378875,1,1,1,1
0.096382500,1,1,1,0
0.096382625,1,1,1,1
0.096383125,1,1,1,0
0.096383250,1,1,1,1
0.096442500,1,1,1,0
0.096442625,1,1,1,1
0.096498000,1,1,1,0
0.096498125,1,1,1,1
0.096498250,1,1,1,0
0.096498375,1,1,1,1
0.096501875,1,1,1,0
0.096502125,1,1,1,1
0.096558500,1,1,1,0
0.096558625,1,1,1,1
0.096558750,1,1,1,0
0.096558875,1,1,1,1
0.096562375,1,1,1,0
0.096562625,1,1,1,1
0.096619750,1,1,1,0
0.096619875,1,1,1,1
0.096620000,1,1,1,0
0.096620125,1,1,1,1
0.096623625,1,1,1,0
0.096623750,1,1,1,1
0.096680750,1,1,1,0
0.096680875,1,1,1,1
0.096684625,1,1,1,0
0.096684875,1,1,1,1
0.096685375,1,1,1,0
0.096685500,1,1,1,1
0.096745500,1,1,1,0
0.096745625,1,1,1,1
0.096745750,1,1,1,0
0.096745875,1,1,1,1
0.096806500,1,1,1,0
0.096806625,1,1,1,1
0.096806750,1,1,1,0
0.096806875,1,1,1,1
0.096867250,1,1,1,0
0.096867375,1,1,1,1
0.096867500,1,1,1,0
0.096867625,1,1,1,1
0.096867875,1,1,1,0
0.096868000,1,1,1,1
0.096927250,1,1,1,0
0.096927500,1,1,1,1
0.096982750,1,1,1,0
0.096982875,1,1,1,1
0.096983000,1,1,1,0
0.096983125,1,1,1,1
0.096987000,1,1,1,0
0.096987125,1,1,1,1
0.096987250,1,1,1,0
0.096987375,1,1,1,1
0.097047000,1,1,1,0
0.097047125,1,1,1,1
0.097047625,1,1,1,0
0.097047750,1,1,1,1
0.097108000,1,1,1,0
0.097108125,1,1,1,1
0.097168250,1,1,1,0
0.097168375,1,1,1,1
0.097228750,1,1,1,0
0.097228875,1,1,1,1
0.097289875,1,1,1,0
0.097290000,1,1,1,1
0.097346375,1,1,1,0
0.097346500,1,1,1,1
0.097346625,1,1,1,0
0.097346750,1,1,1,1
0.097350625,1,1,1,0
0.097350750,1,1,1,1
0.097350875,1,1,1,0
0.097351000,1,1,1,1
0.097407375,1,1,1,0
0.097407500,1,1,1,1
0.097407625,1,1,1,0
0.097407750,1,1,1,1
0.097411625,1,1,1,0
0.097411750,1,1,1,1
0.097411875,1,1,1,0
0.097412000,1,1,1,1
0.097471125,1,1,1,0
0.097471375,1,1,1,1
0.097531750,1,1,1,0
0.097531875,1,1,1,1
0.097588000,1,1,1,0
0.097588125,1,1,1,1
0.097588250,1,1,1,0
0.097588375,1,1,1,1
0.097591750,1,1,1,0
0.097592000,1,1,1,1
0.097592500,1,1,1,0
0.097592625,1,1,1,1
0.097649000,1,1,1,0
0.097649125,1,1,1,1
0.097649250,1,1,1,0
0.097649375,1,1,1,1
0.097652875,1,1,1,0
0.097653000,1,1,1,1
0.097653500,1,1,1,0
0.097653625,1,1,1,1
0.097709000,1,1,1,0
0.097709125,1,1,1,1
0.097709250,1,1,1,0
0.097709375,1,1,1,1
0.097712875,1,1,1,0
0.097713000,1,1,1,1
0.097713125,1,1,1,0
0.097713250,1,1,1,1
0.097713500,1,1,1,0
0.097713625,1,1,1,1
0.097768250,1,1,1,0
0.097768375,1,1,1,1
0.097772500,1,1,1,0
0.097772625,1,1,1,1
0.097772750,1,1,1,0
0.097772875,1,1,1,1
0.097832500,1,1,1,0
0.097832625,1,1,1,1
0.097889875,1,1,1,0
0.097890000,1,1,1,1
0.097890125,1,1,1,0
0.097890250,1,1,1,1
0.097893625,1,1,1,0
0.097893875,1,1,1,1
0.097894375,1,1,1,0
0.097894500,1,1,1,1
0.097950875,1,1,1,0
0.097951000,1,1,1,1
0.097951125,1,1,1,0
0.097951250,1,1,1,1
0.097954750,1,1,1,0
0.097954875,1,1,1,1
0.097955375,1,1,1,0
0.097955500,1,1,1,1
0.098010875,1,1,1,0
0.098011000,1,1,1,1
0.098011125,1,1,1,0
0.098011250,1,1,1,1
0.098014625,1,1,1,0
0.098014875,1,1,1,1
0.098015375,1,1,1,0
0.098015500,1,1,1,1
0.098073875,1,1,1,0
0.098074000,1,1,1,1
0.098074500,1,1,1,0
0.098074625,1,1,1,1
0.098134000,1,1,1,0
0.098134125,1,1,1,1
0.098190625,1,1,1,0
0.098190750,1,1,1,1
0.098194500,1,1,1,0
0.098194625,1,1,1,1
0.098194750,1,1,1,0
0.098194875,1,1,1,1
0.098195125,1,1,1,0
0.098195250,1,1,1,1
0.098255625,1,1,1,0
0.098255750,1,1,1,1
0.098313000,1,1,1,0
0.098313125,1,1,1,1
0.098316875,1,1,1,0
0.098317000,1,1,1,1
0.098373500,1,1,1,0
0.098373625,1,1,1,1
0.098377375,1,1,1,0
0.098377500,1,1,1,1
0.098438250,1,1,1,0
0.098438375,1,1,1,1
0.098493875,1,1,1,0
0.098494000,1,1,1,1
0.098497750,1,1,1,0
0.098498000,1,1,1,1
0.098614500,1,1,1,0
0.098614625,1,1,1,1
0.098618250,1,1,1,0
0.098618375,1,1,1,1
0.098675500,1,1,1,0
0.098675625,1,1,1,1
0.098679250,1,1,1,0
0.098679375,1,1,1,1
0.104670250,1,1,1,0
0.104670500,1,1,1,1
0.105216375,1,1,1,0
0.105216500,1,1,1,1
0.105699125,1,1,1,0
0.105699250,1,1,1,1
0.105703125,1,1,1,0
0.105703250,1,1,1,1
0.105764375,1,1,1,0
0.105764625,1,1,1,1
0.105821125,1,1,1,0
0.105821250,1,1,1,1
0.105825125,1,1,1,0
0.105825250,1,1,1,1
0.105886375,1,1,1,0
0.105886500,1,1,1,1
0.105946500,1,1,1,0
0.105946625,1,1,1,1
0.106006125,1,1,1,0
0.106006250,1,1,1,1
0.106066875,1,1,1,0
0.106067000,1,1,1,1
0.106067500,1,1,1,0
0.106067625,1,1,1,1
0.106124250,1,1,1,0
0.106124375,1,1,1,1
0.106128625,1,1,1,0
0.106128750,1,1,1,1
0.106189625,1,1,1,0
0.106189750,1,1,1,1
0.106247000,1,1,1,0
0.106247125,1,1,1,1
0.106247250,1,1,1,0
0.106247375,1,1,1,1
0.106251000,1,1,1,0
0.106251125,1,1,1,1
0.106251250,1,1,1,0
0.106251375,1,1,1,1
0.106251625,1,1,1,0
0.106251750,1,1,1,1
0.106311500,1,1,1,0
0.106311750,1,1,1,1
0.106368750,1,1,1,0
0.106368875,1,1,1,1
0.106369000,1,1,1,0
0.106369125,1,1,1,1
0.106372625,1,1,1,0
0.106372875,1,1,1,1
0.106432250,1,1,1,0
0.106432375,1,1,1,1
0.106488750,1,1,1,0
0.106488875,1,1,1,1
0.106489000,1,1,1,0
0.106489125,1,1,1,1
0.106492750,1,1,1,0
0.106492875,1,1,1,1
0.106493375,1,1,1,0
0.106493500,1,1,1,1
0.106549875,1,1,1,0
0.106550000,1,1,1,1
0.106550125,1,1,1,0
0.106550250,1,1,1,1
0.106553750,1,1,1,0
0.106554000,1,1,1,1
0.106610250,1,1,1,0
0.106610375,1,1,1,1
0.106613875,1,1,1,0
0.106614000,1,1,1,1
0.106669250,1,1,1,0
0.106669375,1,1,1,1
0.106669500,1,1,1,0
0.106669625,1,1,1,1
0.106673125,1,1,1,0
0.106673375,1,1,1,1
0.106733500,1,1,1,0
0.106733625,1,1,1,1
0.106733750,1,1,1,0
0.106733875,1,1,1,1
0.106734125,1,1,1,0
0.106734250,1,1,1,1
0.106790625,1,1,1,0
0.106790750,1,1,1,1
0.106790875,1,1,1,0
0.106791000,1,1,1,1
0.106794500,1,1,1,0
0.106794750,1,1,1,1
0.106850750,1,1,1,0
0.106850875,1,1,1,1
0.106851000,1,1,1,0
0.106851125,1,1,1,1
0.106854625,1,1,1,0
0.106854875,1,1,1,1
0.106914250,1,1,1,0
0.106914375,1,1,1,1
0.106914500,1,1,1,0
0.106914625,1,1,1,1
0.106914875,1,1,1,0
0.106915000,1,1,1,1
0.106971375,1,1,1,0
0.106971500,1,1,1,1
0.106975250,1,1,1,0
0.106975375,1,1,1,1
0.107031625,1,1,1,0
0.107031750,1,1,1,1
0.107031875,1,1,1,0
0.107032000,1,1,1,1
0.107035875,1,1,1,0
0.107036000,1,1,1,1
0.107096000,1,1,1,0
0.107096125,1,1,1,1
0.107096250,1,1,1,0
0.107096375,1,1,1,1
0.107096625,1,1,1,0
0.107096750,1,1,1,1
0.107153250,1,1,1,0
0.107153375,1,1,1,1
0.107153500,1,1,1,0
0.107153625,1,1,1,1
0.107157750,1,1,1,0
0.107157875,1,1,1,1
0.107213750,1,1,1,0
0.107213875,1,1,1,1
0.107214000,1,1,1,0
0.107214125,1,1,1,1
0.107217625,1,1,1,0
0.107217750,1,1,1,1
0.107217875,1,1,1,0
0.107218000,1,1,1,1
0.107218250,1,1,1,0
0.107218375,1,1,1,1
0.107278625,1,1,1,0
0.107278875,1,1,1,1
0.107335000,1,1,1,0
0.107335125,1,1,1,1
0.107335250,1,1,1,0
0.107335375,1,1,1,1
0.107338875,1,1,1,0
0.107339000,1,1,1,1
0.107339125,1,1,1,0
0.107339250,1,1,1,1
0.107339500,1,1,1,0
0.107339625,1,1,1,1
0.107398875,1,1,1,0
0.107399125,1,1,1,1
0.107458375,1,1,1,0
0.107458500,1,1,1,1
0.107458750,1,1,1,0
0.107458875,1,1,1,1
0.107515000,1,1,1,0
0.107515125,1,1,1,1
0.107515250,1,1,1,0
0.107515375,1,1,1,1
0.107518875,1,1,1,0
0.107519000,1,1,1,1
0.107519500,1,1,1,0
0.107519625,1,1,1,1
0.107576125,1,1,1,0
0.107576250,1,1,1,1
0.107580375,1,1,1,0
0.107580500,1,1,1,1
0.107580625,1,1,1,0
0.107580750,1,1,1,1
0.107636625,1,1,1,0
0.107636750,1,1,1,1
0.107636875,1,1,1,0
0.107637000,1,1,1,1
0.107640500,1,1,1,0
0.107640625,1,1,1,1
0.107640750,1,1,1,0
0.107640875,1,1,1,1
0.107641125,1,1,1,0
0.107641250,1,1,1,1
0.107701875,1,1,1,0
0.107702000,1,1,1,1
0.107702125,1,1,1,0
0.107702250,1,1,1,1
0.107757625,1,1,1,0
0.107757750,1,1,1,1
0.107761875,1,1,1,0
0.107762000,1,1,1,1
0.107762125,1,1,1,0
0.107762250,1,1,1,1
0.107820625,1,1,1,0
0.107820750,1,1,1,1
0.107821000,1,1,1,0
0.107821125,1,1,1,1
0.107877000,1,1,1,0
0.107877125,1,1,1,1
0.107877250,1,1,1,0
0.107877375,1,1,1,1
0.107880750,1,1,1,0
0.107881000,1,1,1,1
0.107941625,1,1,1,0
0.107941750,1,1,1,1
0.107941875,1,1,1,0
0.107942000,1,1,1,1
0.107998625,1,1,1,0
0.107998750,1,1,1,1
0.107998875,1,1,1,0
0.107999000,1,1,1,1
0.108002500,1,1,1,0
0.108002625,1,1,1,1
0.108002750,1,1,1,0
0.108002875,1,1,1,1
0.108003125,1,1,1,0
0.108003250,1,1,1,1
0.108063875,1,1,1,0
0.108064000,1,1,1,1
0.108064250,1,1,1,0
0.108064375,1,1,1,1
0.108121375,1,1,1,0
0.108121500,1,1,1,1
0.108125250,1,1,1,0
0.108125375,1,1,1,1
0.108125875,1,1,1,0
0.108126000,1,1,1,1
0.108186500,1,1,1,0
0.108186625,1,1,1,1
0.108247750,1,1,1,0
0.108247875,1,1,1,1
0.108248125,1,1,1,0
0.108248250,1,1,1,1
0.108305125,1,1,1,0
0.108305250,1,1,1,1
0.108309000,1,1,1,0
0.108309125,1,1,1,1
0.108366125,1,1,1,0
0.108366250,1,1,1,1
0.108369875,1,1,1,0
0.108370125,1,1,1,1
0.108429750,1,1,1,0
0.108429875,1,1,1,1
0.108489875,1,1,1,0
0.108490000,1,1,1,1
0.108550625,1,1,1,0
0.108550875,1,1,1,1
0.108610000,1,1,1,0
0.108610125,1,1,1,1
0.108731625,1,1,1,0
0.108731875,1,1,1,1
0.108853125,1,1,1,0
0.108853375,1,1,1,1
0.114203500,1,1,1,0
0.114203750,1,1,1,1
0.114324250,1,1,1,0
0.114324500,1,1,1,1
0.114687750,1,1,1,0
0.114688000,1,1,1,1
0.114986375,1,1,1,0
0.114986625,1,1,1,1
0.115105000,1,1,1,0
0.115105250,1,1,1,1
0.115283875,1,1,1,0
0.115284000,1,1,1,1
0.115580750,1,1,1,0
0.115581000,1,1,1,1
0.115693625,1,1,1,0
0.115693750,1,1,1,1
0.115697500,1,1,1,0
0.115697750,1,1,1,1
0.115755125,1,1,1,0
0.115755250,1,1,1,1
0.115808750,1,1,1,0
0.115808875,1,1,1,1
0.115809000,1,1,1,0
0.115809125,1,1,1,1
0.115813125,1,1,1,0
0.115813250,1,1,1,1
0.115870375,1,1,1,0
0.115870500,1,1,1,1
0.115927875,1,1,1,0
0.115928125,1,1,1,1
0.115986125,1,1,1,0
0.115986250,1,1,1,1
0.116039250,1,1,1,0
0.116039375,1,1,1,1
0.116039500,1,1,1,0
0.116039625,1,1,1,1
0.116043250,1,1,1,0
0.116043375,1,1,1,1
0.116043500,1,1,1,0
0.116043625,1,1,1,1
0.116043875,1,1,1,0
0.116044000,1,1,1,1
0.116099750,1,1,1,0
0.116099875,1,1,1,1
0.116158000,1,1,1,0
0.116158125,1,1,1,1
0.116158625,1,1,1,0
0.116158750,1,1,1,1
0.116211500,1,1,1,0
0.116211625,1,1,1,1
0.116215875,1,1,1,0
0.116216000,1,1,1,1
0.116270625,1,1,1,0
0.116270750,1,1,1,1
0.116275000,1,1,1,0
0.116275125,1,1,1,1
0.116275250,1,1,1,0
0.116275375,1,1,1,1
0.116332875,1,1,1,0
0.116333000,1,1,1,1
0.116333250,1,1,1,0
0.116333375,1,1,1,1
0.116387500,1,1,1,0
0.116387625,1,1,1,1
0.116387750,1,1,1,0
0.116387875,1,1,1,1
0.116391375,1,1,1,0
0.116391625,1,1,1,1
0.116451125,1,1,1,0
0.116451250,1,1,1,1
0.116506625,1,1,1,0
0.116506750,1,1,1,1
0.116510250,1,1,1,0
0.116510375,1,1,1,1
0.116570750,1,1,1,0
0.116570875,1,1,1,1
0.116624750,1,1,1,0
0.116624875,1,1,1,1
0.116625000,1,1,1,0
0.116625125,1,1,1,1
0.116628625,1,1,1,0
0.116628750,1,1,1,1
0.116687250,1,1,1,0
0.116687375,1,1,1,1
0.116687875,1,1,1,0
0.116688000,1,1,1,1
0.116746625,1,1,1,0
0.116746750,1,1,1,1
0.116746875,1,1,1,0
0.116747000,1,1,1,1
0.116747250,1,1,1,0
0.116747375,1,1,1,1
0.116802750,1,1,1,0
0.116802875,1,1,1,1
0.116803000,1,1,1,0
0.116803125,1,1,1,1
0.116806625,1,1,1,0
0.116806750,1,1,1,1
0.116861250,1,1,1,0
0.116861375,1,1,1,1
0.116865125,1,1,1,0
0.116865375,1,1,1,1
0.116920750,1,1,1,0
0.116920875,1,1,1,1
0.116921000,1,1,1,0
0.116921125,1,1,1,1
0.116924625,1,1,1,0
0.116924750,1,1,1,1
0.116925000,1,1,1,0
0.116925125,1,1,1,1
0.116984750,1,1,1,0
0.116984875,1,1,1,1
0.116985000,1,1,1,0
0.116985125,1,1,1,1
0.116985375,1,1,1,0
0.116985500,1,1,1,1
0.117039875,1,1,1,0
0.117040000,1,1,1,1
0.117040125,1,1,1,0
0.117040250,1,1,1,1
0.117044125,1,1,1,0
0.117044250,1,1,1,1
0.117044375,1,1,1,0
0.117044500,1,1,1,1
0.117102125,1,1,1,0
0.117102375,1,1,1,1
0.117162125,1,1,1,0
0.117162375,1,1,1,1
0.117162875,1,1,1,0
0.117163000,1,1,1,1
0.117217500,1,1,1,0
0.117217625,1,1,1,1
0.117217750,1,1,1,0
0.117217875,1,1,1,1
0.117221750,1,1,1,0
0.117221875,1,1,1,1
0.117281375,1,1,1,0
0.117281500,1,1,1,1
0.117340625,1,1,1,0
0.117340750,1,1,1,1
0.117400875,1,1,1,0
0.117401125,1,1,1,1
0.117461375,1,1,1,0
0.117461500,1,1,1,1
0.117461750,1,1,1,0
0.117461875,1,1,1,1
0.117518000,1,1,1,0
0.117518125,1,1,1,1
0.117522250,1,1,1,0
0.117522375,1,1,1,1
0.117522500,1,1,1,0
0.117522625,1,1,1,1
0.117579000,1,1,1,0
0.117579125,1,1,1,1
0.117579250,1,1,1,0
0.117579375,1,1,1,1
0.117582875,1,1,1,0
0.117583000,1,1,1,1
0.117583500,1,1,1,0
0.117583625,1,1,1,1
0.117642625,1,1,1,0
0.117642750,1,1,1,1
0.117702375,1,1,1,0
0.117702500,1,1,1,1
0.117762375,1,1,1,0
0.117762625,1,1,1,1
0.117822000,1,1,1,0
0.117822125,1,1,1,1
0.117881750,1,1,1,0
0.117882000,1,1,1,1
0.117938375,1,1,1,0
0.117938500,1,1,1,1
0.117938625,1,1,1,0
0.117938750,1,1,1,1
0.117942125,1,1,1,0
0.117942375,1,1,1,1
0.117999375,1,1,1,0
0.117999500,1,1,1,1
0.117999625,1,1,1,0
0.117999750,1,1,1,1
0.118003250,1,1,1,0
0.118003375,1,1,1,1
0.118003875,1,1,1,0
0.118004000,1,1,1,1
0.118059500,1,1,1,0
0.118059625,1,1,1,1
0.118059750,1,1,1,0
0.118059875,1,1,1,1
0.118063375,1,1,1,0
0.118063500,1,1,1,1
0.118064000,1,1,1,0
0.118064125,1,1,1,1
0.118119625,1,1,1,0
0.118119750,1,1,1,1
0.118119875,1,1,1,0
0.118120000,1,1,1,1
0.118123500,1,1,1,0
0.118123625,1,1,1,1
0.118123750,1,1,1,0
0.118123875,1,1,1,1
0.118124125,1,1,1,0
0.118124250,1,1,1,1
0.118183625,1,1,1,0
0.118183750,1,1,1,1
0.118240250,1,1,1,0
0.118240375,1,1,1,1
0.118244125,1,1,1,0
0.118244250,1,1,1,1
0.118244375,1,1,1,0
0.118244500,1,1,1,1
0.118244750,1,1,1,0
0.118244875,1,1,1,1
0.118305500,1,1,1,0
0.118305625,1,1,1,1
0.118362375,1,1,1,0
0.118362500,1,1,1,1
0.118362625,1,1,1,0
0.118362750,1,1,1,1
0.118366250,1,1,1,0
0.118366375,1,1,1,1
0.118425625,1,1,1,0
0.118425750,1,1,1,1
0.118482250,1,1,1,0
0.118482375,1,1,1,1
0.118486125,1,1,1,0
0.118486375,1,1,1,1
0.118543625,1,1,1,0
0.118543750,1,1,1,1
0.118547375,1,1,1,0
0.118547500,1,1,1,1
0.118609375,1,1,1,0
0.118609500,1,1,1,1
0.118670500,1,1,1,0
0.118670625,1,1,1,1
0.118793000,1,1,1,0
0.118793125,1,1,1,1
0.118854625,1,1,1,0
0.118854875,1,1,1,1
0.125045375,1,1,1,0
0.125045500,1,1,1,1
0.125588750,1,1,1,0
0.125588875,1,1,1,1
0.125646125,1,1,1,0
0.125646250,1,1,1,1
0.125706750,1,1,1,0
0.125706875,1,1,1,1
0.125711000,1,1,1,0
0.125711125,1,1,1,1
0.125833625,1,1,1,0
0.125833750,1,1,1,1
0.125895125,1,1,1,0
0.125895375,1,1,1,1
0.125952875,1,1,1,0
0.125953000,1,1,1,1
0.125956875,1,1,1,0
0.125957000,1,1,1,1
0.125957125,1,1,1,0
0.125957250,1,1,1,1
0.125957500,1,1,1,0
0.125957625,1,1,1,1
0.126019000,1,1,1,0
0.126019125,1,1,1,1
0.126019625,1,1,1,0
0.126019750,1,1,1,1
0.126076500,1,1,1,0
0.126076625,1,1,1,1
0.126076750,1,1,1,0
0.126076875,1,1,1,1
0.126080500,1,1,1,0
0.126080625,1,1,1,1
0.126080750,1,1,1,0
0.126080875,1,1,1,1
0.126081125,1,1,1,0
0.126081250,1,1,1,1
0.126141875,1,1,1,0
0.126142125,1,1,1,1
0.126203375,1,1,1,0
0.126203625,1,1,1,1
0.126260875,1,1,1,0
0.126261000,1,1,1,1
0.126261125,1,1,1,0
0.126261250,1,1,1,1
0.126264750,1,1,1,0
0.126265000,1,1,1,1
0.126265500,1,1,1,0
0.126265625,1,1,1,1
0.126326125,1,1,1,0
0.126326375,1,1,1,1
0.126387750,1,1,1,0
0.126387875,1,1,1,1
0.126388000,1,1,1,0
0.126388125,1,1,1,1
0.126443750,1,1,1,0
0.126443875,1,1,1,1
0.126447750,1,1,1,0
0.126447875,1,1,1,1
0.126448000,1,1,1,0
0.126448125,1,1,1,1
0.126448375,1,1,1,0
0.126448500,1,1,1,1
0.126504375,1,1,1,0
0.126504500,1,1,1,1
0.126504625,1,1,1,0
0.126504750,1,1,1,1
0.126508250,1,1,1,0
0.126508500,1,1,1,1
0.126569625,1,1,1,0
0.126569750,1,1,1,1
0.126570250,1,1,1,0
0.126570375,1,1,1,1
0.126627000,1,1,1,0
0.126627125,1,1,1,1
0.126627250,1,1,1,0
0.126627375,1,1,1,1
0.126630875,1,1,1,0
0.126631000,1,1,1,1
0.126688250,1,1,1,0
0.126688375,1,1,1,1
0.126688500,1,1,1,0
0.126688625,1,1,1,1
0.126692125,1,1,1,0
0.126692250,1,1,1,1
0.126753625,1,1,1,0
0.126753750,1,1,1,1
0.126753875,1,1,1,0
0.126754000,1,1,1,1
0.126809375,1,1,1,0
0.126809500,1,1,1,1
0.126809625,1,1,1,0
0.126809750,1,1,1,1
0.126813250,1,1,1,0
0.126813500,1,1,1,1
0.126872625,1,1,1,0
0.126872750,1,1,1,1
0.126872875,1,1,1,0
0.126873000,1,1,1,1
0.126873250,1,1,1,0
0.126873375,1,1,1,1
0.126933125,1,1,1,0
0.126933250,1,1,1,1
0.126933375,1,1,1,0
0.126933500,1,1,1,1
0.126933750,1,1,1,0
0.126933875,1,1,1,1
0.126994625,1,1,1,0
0.126994750,1,1,1,1
0.126994875,1,1,1,0
0.126995000,1,1,1,1
0.126995250,1,1,1,0
0.126995375,1,1,1,1
0.127052250,1,1,1,0
0.127052375,1,1,1,1
0.127056125,1,1,1,0
0.127056250,1,1,1,1
0.127117625,1,1,1,0
0.127117750,1,1,1,1
0.127178875,1,1,1,0
0.127179125,1,1,1,1
0.127239375,1,1,1,0
0.127239500,1,1,1,1
0.127299875,1,1,1,0
0.127300000,1,1,1,1
0.127300250,1,1,1,0
0.127300375,1,1,1,1
0.127360125,1,1,1,0
0.127360250,1,1,1,1
0.127360500,1,1,1,0
0.127360625,1,1,1,1
0.127419375,1,1,1,0
0.127419500,1,1,1,1
0.127419750,1,1,1,0
0.127419875,1,1,1,1
0.127474000,1,1,1,0
0.127474125,1,1,1,1
0.127478250,1,1,1,0
0.127478375,1,1,1,1
0.127478500,1,1,1,0
0.127478625,1,1,1,1
0.127536000,1,1,1,0
0.127536125,1,1,1,1
0.127589625,1,1,1,0
0.127589750,1,1,1,1
0.127593875,1,1,1,0
0.127594000,1,1,1,1
0.127594125,1,1,1,0
0.127594250,1,1,1,1
0.127651500,1,1,1,0
0.127651625,1,1,1,1
0.127709125,1,1,1,0
0.127709250,1,1,1,1
0.127763125,1,1,1,0
0.127763250,1,1,1,1
0.127763375,1,1,1,0
0.127763500,1,1,1,1
0.127767000,1,1,1,0
0.127767125,1,1,1,1
0.127767625,1,1,1,0
0.127767750,1,1,1,1
0.127826000,1,1,1,0
0.127826125,1,1,1,1
0.127880500,1,1,1,0
0.127880625,1,1,1,1
0.127880750,1,1,1,0
0.127880875,1,1,1,1
0.127884375,1,1,1,0
0.127884500,1,1,1,1
0.127884625,1,1,1,0
0.127884750,1,1,1,1
0.127885000,1,1,1,0
0.127885125,1,1,1,1
0.127938500,1,1,1,0
0.127938625,1,1,1,1
0.127938750,1,1,1,0
0.127938875,1,1,1,1
0.127942375,1,1,1,0
0.127942500,1,1,1,1
0.127943000,1,1,1,0
0.127943125,1,1,1,1
0.128000000,1,1,1,0
0.128000125,1,1,1,1
0.128000250,1,1,1,0
0.128000375,1,1,1,1
0.128054250,1,1,1,0
0.128054375,1,1,1,1
0.128054500,1,1,1,0
0.128054625,1,1,1,1
0.128058000,1,1,1,0
0.128058250,1,1,1,1
0.128058750,1,1,1,0
0.128058875,1,1,1,1
0.128117875,1,1,1,0
0.128118000,1,1,1,1
0.128177500,1,1,1,0
0.128177625,1,1,1,1
0.128236875,1,1,1,0
0.128237000,1,1,1,1
0.128294625,1,1,1,0
0.128294750,1,1,1,1
0.128349875,1,1,1,0
0.128350000,1,1,1,1
0.128353750,1,1,1,0
0.128353875,1,1,1,1
0.128408875,1,1,1,0
0.128409000,1,1,1,1
0.128412750,1,1,1,0
0.128413000,1,1,1,1
0.128471375,1,1,1,0
0.128471500,1,1,1,1
0.128531125,1,1,1,0
0.128531375,1,1,1,1
0.128650750,1,1,1,0
0.128650875,1,1,1,1
0.128828750,1,1,1,0
0.128828875,1,1,1,1
0.134037250,1,1,1,0
0.134037375,1,1,1,1
0.134097375,1,1,1,0
0.134097500,1,1,1,1
0.134217000,1,1,1,0
0.134217250,1,1,1,1
0.134338000,1,1,1,0
0.134338125,1,1,1,1
0.134399125,1,1,1,0
0.134399375,1,1,1,1
0.134520625,1,1,1,0
0.134520875,1,1,1,1
0.134823250,1,1,1,0
0.134823500,1,1,1,1
0.135065000,1,1,1,0
0.135065250,1,1,1,1
0.135245375,1,1,1,0
0.135245625,1,1,1,1
0.135306000,1,1,1,0
0.135306125,1,1,1,1
0.135604625,1,1,1,0
0.135604750,1,1,1,1
0.135608625,1,1,1,0
0.135608750,1,1,1,1
0.135669625,1,1,1,0
0.135669875,1,1,1,1
0.135789125,1,1,1,0
0.135789375,1,1,1,1
0.135844625,1,1,1,0
0.135844750,1,1,1,1
0.135849000,1,1,1,0
0.135849125,1,1,1,1
0.135905000,1,1,1,0
0.135905125,1,1,1,1
0.135909000,1,1,1,0
0.135909125,1,1,1,1
0.135969750,1,1,1,0
0.135969875,1,1,1,1
0.136030000,1,1,1,0
0.136030250,1,1,1,1
0.136091250,1,1,1,0
0.136091375,1,1,1,1
0.136091625,1,1,1,0
0.136091750,1,1,1,1
0.136151375,1,1,1,0
0.136151625,1,1,1,1
0.136206625,1,1,1,0
0.136206750,1,1,1,1
0.136206875,1,1,1,0
0.136207000,1,1,1,1
0.136210625,1,1,1,0
0.136210750,1,1,1,1
0.136210875,1,1,1,0
0.136211000,1,1,1,1
0.136211250,1,1,1,0
0.136211375,1,1,1,1
0.136265750,1,1,1,0
0.136265875,1,1,1,1
0.136266000,1,1,1,0
0.136266125,1,1,1,1
0.136270375,1,1,1,0
0.136270500,1,1,1,1
0.136325125,1,1,1,0
0.136325250,1,1,1,1
0.136325375,1,1,1,0
0.136325500,1,1,1,1
0.136329125,1,1,1,0
0.136329250,1,1,1,1
0.136329375,1,1,1,0
0.136329500,1,1,1,1
0.136329750,1,1,1,0
0.136329875,1,1,1,1
0.136385750,1,1,1,0
0.136385875,1,1,1,1
0.136386000,1,1,1,0
0.136386125,1,1,1,1
0.136389625,1,1,1,0
0.136389875,1,1,1,1
0.136390375,1,1,1,0
0.136390500,1,1,1,1
0.136447125,1,1,1,0
0.136447250,1,1,1,1
0.136447375,1,1,1,0
0.136447500,1,1,1,1
0.136451125,1,1,1,0
0.136451250,1,1,1,1
0.136451750,1,1,1,0
0.136451875,1,1,1,1
0.136508500,1,1,1,0
0.136508625,1,1,1,1
0.136508750,1,1,1,0
0.136508875,1,1,1,1
0.136512500,1,1,1,0
0.136512625,1,1,1,1
0.136513125,1,1,1,0
0.136513250,1,1,1,1
0.136569750,1,1,1,0
0.136569875,1,1,1,1
0.136573750,1,1,1,0
0.136573875,1,1,1,1
0.136574375,1,1,1,0
0.136574500,1,1,1,1
0.136634625,1,1,1,0
0.136634750,1,1,1,1
0.136690875,1,1,1,0
0.136691000,1,1,1,1
0.136691125,1,1,1,0
0.136691250,1,1,1,1
0.136694750,1,1,1,0
0.136694875,1,1,1,1
0.136755250,1,1,1,0
0.136755500,1,1,1,1
0.136756000,1,1,1,0
0.136756125,1,1,1,1
0.136815875,1,1,1,0
0.136816000,1,1,1,1
0.136816125,1,1,1,0
0.136816250,1,1,1,1
0.136816500,1,1,1,0
0.136816625,1,1,1,1
0.136872500,1,1,1,0
0.136872625,1,1,1,1
0.136872750,1,1,1,0
0.136872875,1,1,1,1
0.136876750,1,1,1,0
0.136876875,1,1,1,1
0.136933000,1,1,1,0
0.136933125,1,1,1,1
0.136933250,1,1,1,0
0.136933375,1,1,1,1
0.136936875,1,1,1,0
0.136937000,1,1,1,1
0.136997375,1,1,1,0
0.136997500,1,1,1,1
0.137057875,1,1,1,0
0.137058000,1,1,1,1
0.137114500,1,1,1,0
0.137114625,1,1,1,1
0.137118375,1,1,1,0
0.137118500,1,1,1,1
0.137118750,1,1,1,0
0.137118875,1,1,1,1
0.137175000,1,1,1,0
0.137175125,1,1,1,1
0.137175250,1,1,1,0
0.137175375,1,1,1,1
0.137178875,1,1,1,0
0.137179000,1,1,1,1
0.137179125,1,1,1,0
0.137179250,1,1,1,1
0.137179500,1,1,1,0
0.137179625,1,1,1,1
0.137239250,1,1,1,0
0.137239500,1,1,1,1
0.137295875,1,1,1,0
0.137296000,1,1,1,1
0.137300125,1,1,1,0
0.137300250,1,1,1,1
0.137356250,1,1,1,0
0.137356375,1,1,1,1
0.137356500,1,1,1,0
0.137356625,1,1,1,1
0.137360500,1,1,1,0
0.137360625,1,1,1,1
0.137360750,1,1,1,0
0.137360875,1,1,1,1
0.137420500,1,1,1,0
0.137420625,1,1,1,1
0.137420875,1,1,1,0
0.137421000,1,1,1,1
0.137477125,1,1,1,0
0.137477250,1,1,1,1
0.137477375,1,1,1,0
0.137477500,1,1,1,1
0.137481000,1,1,1,0
0.137481125,1,1,1,1
0.137481625,1,1,1,0
0.137481750,1,1,1,1
0.137541375,1,1,1,0
0.137541500,1,1,1,1
0.137598000,1,1,1,0
0.137598125,1,1,1,1
0.137601875,1,1,1,0
0.137602000,1,1,1,1
0.137602125,1,1,1,0
0.137602250,1,1,1,1
0.137602500,1,1,1,0
0.137602625,1,1,1,1
0.137658500,1,1,1,0
0.137658625,1,1,1,1
0.137658750,1,1,1,0
0.137658875,1,1,1,1
0.137662250,1,1,1,0
0.137662500,1,1,1,1
0.137722750,1,1,1,0
0.137722875,1,1,1,1
0.137723125,1,1,1,0
0.137723250,1,1,1,1
0.137779375,1,1,1,0
0.137779500,1,1,1,1
0.137779625,1,1,1,0
0.137779750,1,1,1,1
0.137783250,1,1,1,0
0.137783375,1,1,1,1
0.137783500,1,1,1,0
0.137783625,1,1,1,1
0.137783875,1,1,1,0
0.137784000,1,1,1,1
0.137843625,1,1,1,0
0.137843750,1,1,1,1
0.137844000,1,1,1,0
0.137844125,1,1,1,1
0.137904375,1,1,1,0
0.137904500,1,1,1,1
0.137904625,1,1,1,0
0.137904750,1,1,1,1
0.137960500,1,1,1,0
0.137960625,1,1,1,1
0.137960750,1,1,1,0
0.137960875,1,1,1,1
0.137964250,1,1,1,0
0.137964500,1,1,1,1
0.137965000,1,1,1,0
0.137965125,1,1,1,1
0.138025125,1,1,1,0
0.138025250,1,1,1,1
0.138081375,1,1,1,0
0.138081500,1,1,1,1
0.138081625,1,1,1,0
0.138081750,1,1,1,1
0.138085250,1,1,1,0
0.138085375,1,1,1,1
0.138085875,1,1,1,0
0.138086000,1,1,1,1
0.138145625,1,1,1,0
0.138145750,1,1,1,1
0.138146000,1,1,1,0
0.138146125,1,1,1,1
0.138202250,1,1,1,0
0.138202375,1,1,1,1
0.138202500,1,1,1,0
0.138202625,1,1,1,1
0.138206000,1,1,1,0
0.138206250,1,1,1,1
0.138266875,1,1,1,0
0.138267000,1,1,1,1
0.138327000,1,1,1,0
0.138327125,1,1,1,1
0.138387875,1,1,1,0
0.138388000,1,1,1,1
0.138447625,1,1,1,0
0.138447750,1,1,1,1
0.138508000,1,1,1,0
0.138508125,1,1,1,1
0.138563875,1,1,1,0
0.138564000,1,1,1,1
0.138567625,1,1,1,0
0.138567750,1,1,1,1
0.138624125,1,1,1,0
0.138624250,1,1,1,1
0.138627875,1,1,1,0
0.138628125,1,1,1,1
0.144623875,1,1,1,0
0.144624000,1,1,1,1
0.144744250,1,1,1,0
0.144744375,1,1,1,1
0.144985875,1,1,1,0
0.144986000,1,1,1,1
0.145712000,1,1,1,0
0.145712250,1,1,1,1
0.145772250,1,1,1,0
0.145772375,1,1,1,1
0.145832000,1,1,1,0
0.145832125,1,1,1,1
0.145888625,1,1,1,0
0.145888750,1,1,1,1
0.145892875,1,1,1,0
0.145893000,1,1,1,1
0.145950000,1,1,1,0
0.145950125,1,1,1,1
0.145950250,1,1,1,0
0.145950375,1,1,1,1
0.145954625,1,1,1,0
0.145954750,1,1,1,1
0.146011250,1,1,1,0
0.146011375,1,1,1,1
0.146015625,1,1,1,0
0.146015750,1,1,1,1
0.146075625,1,1,1,0
0.146075875,1,1,1,1
0.146136125,1,1,1,0
0.146136250,1,1,1,1
0.146197125,1,1,1,0
0.146197250,1,1,1,1
0.146257875,1,1,1,0
0.146258000,1,1,1,1
0.146258250,1,1,1,0
0.146258375,1,1,1,1
0.146313500,1,1,1,0
0.146313625,1,1,1,1
0.146317500,1,1,1,0
0.146317625,1,1,1,1
0.146318125,1,1,1,0
0.146318250,1,1,1,1
0.146378250,1,1,1,0
0.146378375,1,1,1,1
0.146434500,1,1,1,0
0.146434625,1,1,1,1
0.146434750,1,1,1,0
0.146434875,1,1,1,1
0.146438500,1,1,1,0
0.146438625,1,1,1,1
0.146439125,1,1,1,0
0.146439250,1,1,1,1
0.146495625,1,1,1,0
0.146495750,1,1,1,1
0.146495875,1,1,1,0
0.146496000,1,1,1,1
0.146499500,1,1,1,0
0.146499750,1,1,1,1
0.146559125,1,1,1,0
0.146559250,1,1,1,1
0.146559375,1,1,1,0
0.146559500,1,1,1,1
0.146559750,1,1,1,0
0.146559875,1,1,1,1
0.146615500,1,1,1,0
0.146615625,1,1,1,1
0.146619375,1,1,1,0
0.146619625,1,1,1,1
0.146680625,1,1,1,0
0.146680750,1,1,1,1
0.146741000,1,1,1,0
0.146741125,1,1,1,1
0.146741625,1,1,1,0
0.146741750,1,1,1,1
0.146801500,1,1,1,0
0.146801750,1,1,1,1
0.146858250,1,1,1,0
0.146858375,1,1,1,1
0.146858500,1,1,1,0
0.146858625,1,1,1,1
0.146862500,1,1,1,0
0.146862625,1,1,1,1
0.146862750,1,1,1,0
0.146862875,1,1,1,1
0.146923125,1,1,1,0
0.146923250,1,1,1,1
0.146923375,1,1,1,0
0.146923500,1,1,1,1
0.146923750,1,1,1,0
0.146923875,1,1,1,1
0.146979750,1,1,1,0
0.146979875,1,1,1,1
0.146980000,1,1,1,0
0.146980125,1,1,1,1
0.146984000,1,1,1,0
0.146984125,1,1,1,1
0.147040250,1,1,1,0
0.147040375,1,1,1,1
0.147040500,1,1,1,0
0.147040625,1,1,1,1
0.147044125,1,1,1,0
0.147044250,1,1,1,1
0.147044375,1,1,1,0
0.147044500,1,1,1,1
0.147044750,1,1,1,0
0.147044875,1,1,1,1
0.147100750,1,1,1,0
0.147100875,1,1,1,1
0.147104375,1,1,1,0
0.147104500,1,1,1,1
0.147104625,1,1,1,0
0.147104750,1,1,1,1
0.147105000,1,1,1,0
0.147105125,1,1,1,1
0.147159750,1,1,1,0
0.147159875,1,1,1,1
0.147160000,1,1,1,0
0.147160125,1,1,1,1
0.147163625,1,1,1,0
0.147163750,1,1,1,1
0.147163875,1,1,1,0
0.147164000,1,1,1,1
0.147164250,1,1,1,0
0.147164375,1,1,1,1
0.147221875,1,1,1,0
0.147222000,1,1,1,1
0.147279750,1,1,1,0
0.147279875,1,1,1,1
0.147336500,1,1,1,0
0.147336750,1,1,1,1
0.147392750,1,1,1,0
0.147393000,1,1,1,1
0.147445250,1,1,1,0
0.147445500,1,1,1,1
0.147497750,1,1,1,0
0.147498000,1,1,1,1
0.147550250,1,1,1,0
0.147550500,1,1,1,1
0.147602500,1,1,1,0
0.147602625,1,1,1,1
0.147602750,1,1,1,0
0.147602875,1,1,1,1
0.147606375,1,1,1,0
0.147606500,1,1,1,1
0.147607000,1,1,1,0
0.147607125,1,1,1,1
0.147657125,1,1,1,0
0.147657250,1,1,1,1
0.147704125,1,1,1,0
0.147704250,1,1,1,1
0.147708375,1,1,1,0
0.147708500,1,1,1,1
0.147708625,1,1,1,0
0.147708750,1,1,1,1
0.147756625,1,1,1,0
0.147756750,1,1,1,1
0.147756875,1,1,1,0
0.147757000,1,1,1,1
0.147760500,1,1,1,0
0.147760625,1,1,1,1
0.147761125,1,1,1,0
0.147761250,1,1,1,1
0.147812875,1,1,1,0
0.147813000,1,1,1,1
0.147813250,1,1,1,0
0.147813375,1,1,1,1
0.147864125,1,1,1,0
0.147864250,1,1,1,1
0.147864375,1,1,1,0
0.147864500,1,1,1,1
0.147910750,1,1,1,0
0.147910875,1,1,1,1
0.147911000,1,1,1,0
0.147911125,1,1,1,1
0.147914500,1,1,1,0
0.147914750,1,1,1,1
0.147961500,1,1,1,0
0.147961625,1,1,1,1
0.147965375,1,1,1,0
0.147965500,1,1,1,1
0.147966000,1,1,1,0
0.147966125,1,1,1,1
0.148016125,1,1,1,0
0.148016250,1,1,1,1
0.148016500,1,1,1,0
0.148016625,1,1,1,1
0.148063125,1,1,1,0
0.148063250,1,1,1,1
0.148063375,1,1,1,0
0.148063500,1,1,1,1
0.148067000,1,1,1,0
0.148067125,1,1,1,1
0.148067625,1,1,1,0
0.148067750,1,1,1,1
0.148118125,1,1,1,0
0.148118250,1,1,1,1
0.148118375,1,1,1,0
0.148118500,1,1,1,1
0.148168500,1,1,1,0
0.148168625,1,1,1,1
0.148168875,1,1,1,0
0.148169000,1,1,1,1
0.148217875,1,1,1,0
0.148218000,1,1,1,1
0.148262500,1,1,1,0
0.148262625,1,1,1,1
0.148266250,1,1,1,0
0.148266500,1,1,1,1
0.148315375,1,1,1,0
0.148315500,1,1,1,1
0.148364000,1,1,1,0
0.148364125,1,1,1,1
0.148412250,1,1,1,0
0.148412375,1,1,1,1
0.148458875,1,1,1,0
0.148459000,1,1,1,1
0.148462625,1,1,1,0
0.148462875,1,1,1,1
0.148507500,1,1,1,0
0.148507625,1,1,1,1
0.148507750,1,1,1,0
0.148507875,1,1,1,1
0.148511250,1,1,1,0
0.148511500,1,1,1,1
0.148556125,1,1,1,0
0.148556250,1,1,1,1
0.148556375,1,1,1,0
0.148556500,1,1,1,1
0.148559875,1,1,1,0
0.148560125,1,1,1,1
0.148604750,1,1,1,0
0.148604875,1,1,1,1
0.148608500,1,1,1,0
0.148608750,1,1,1,1
0.148658875,1,1,1,0
0.148659125,1,1,1,1
0.148709250,1,1,1,0
0.148709375,1,1,1,1
0.148758375,1,1,1,0
0.148758500,1,1,1,1
0.148808500,1,1,1,0
0.148808625,1,1,1,1
0.154208375,1,1,1,0
0.154208625,1,1,1,1
0.154269500,1,1,1,0
0.154269875,1,1,1,1
0.154329125,1,1,1,0
0.154329375,1,1,1,1
0.154451000,1,1,1,0
0.154451125,1,1,1,1
0.154754125,1,1,1,0
0.154754375,1,1,1,1
0.155542750,1,1,1,0
0.155542875,1,1,1,1
0.155602250,1,1,1,0
0.155602375,1,1,1,1
0.155724125,1,1,1,0
0.155724250,1,1,1,1
0.155841750,1,1,1,0
0.155841875,1,1,1,1
0.155842000,1,1,1,0
0.155842125,1,1,1,1
0.155846000,1,1,1,0
0.155846125,1,1,1,1
0.155906250,1,1,1,0
0.155906375,1,1,1,1
0.155967375,1,1,1,0
0.155967500,1,1,1,1
0.155967750,1,1,1,0
0.155967875,1,1,1,1
0.156027625,1,1,1,0
0.156027750,1,1,1,1
0.156028250,1,1,1,0
0.156028375,1,1,1,1
0.156083000,1,1,1,0
0.156083125,1,1,1,1
0.156083250,1,1,1,0
0.156083375,1,1,1,1
0.156087000,1,1,1,0
0.156087125,1,1,1,1
0.156087250,1,1,1,0
0.156087375,1,1,1,1
0.156087625,1,1,1,0
0.156087750,1,1,1,1
0.156147500,1,1,1,0
0.156147750,1,1,1,1
0.156208875,1,1,1,0
0.156209000,1,1,1,1
0.156270250,1,1,1,0
0.156270375,1,1,1,1
0.156270625,1,1,1,0
0.156270750,1,1,1,1
0.156327500,1,1,1,0
0.156327625,1,1,1,1
0.156327750,1,1,1,0
0.156327875,1,1,1,1
0.156331500,1,1,1,0
0.156331625,1,1,1,1
0.156331750,1,1,1,0
0.156331875,1,1,1,1
0.156332125,1,1,1,0
0.156332250,1,1,1,1
0.156387750,1,1,1,0
0.156387875,1,1,1,1
0.156388000,1,1,1,0
0.156388125,1,1,1,1
0.156391625,1,1,1,0
0.156391875,1,1,1,1
0.156392375,1,1,1,0
0.156392500,1,1,1,1
0.156451750,1,1,1,0
0.156451875,1,1,1,1
0.156507125,1,1,1,0
0.156507250,1,1,1,1
0.156507375,1,1,1,0
0.156507500,1,1,1,1
0.156511000,1,1,1,0
0.156511250,1,1,1,1
0.156567500,1,1,1,0
0.156567625,1,1,1,1
0.156567750,1,1,1,0
0.156567875,1,1,1,1
0.156571375,1,1,1,0
0.156571500,1,1,1,1
0.156628625,1,1,1,0
0.156628750,1,1,1,1
0.156628875,1,1,1,0
0.156629000,1,1,1,1
0.156632500,1,1,1,0
0.156632750,1,1,1,1
0.156689000,1,1,1,0
0.156689125,1,1,1,1
0.156689250,1,1,1,0
0.156689375,1,1,1,1
0.156692875,1,1,1,0
0.156693000,1,1,1,1
0.156754000,1,1,1,0
0.156754125,1,1,1,1
0.156754625,1,1,1,0
0.156754750,1,1,1,1
0.156810125,1,1,1,0
0.156810250,1,1,1,1
0.156810375,1,1,1,0
0.156810500,1,1,1,1
0.156814000,1,1,1,0
0.156814125,1,1,1,1
0.156814375,1,1,1,0
0.156814500,1,1,1,1
0.156869375,1,1,1,0
0.156869500,1,1,1,1
0.156869625,1,1,1,0
0.156869750,1,1,1,1
0.156873250,1,1,1,0
0.156873375,1,1,1,1
0.156873625,1,1,1,0
0.156873750,1,1,1,1
0.156933625,1,1,1,0
0.156933750,1,1,1,1
0.156934250,1,1,1,0
0.156934375,1,1,1,1
0.156990875,1,1,1,0
0.156991000,1,1,1,1
0.156991125,1,1,1,0
0.156991250,1,1,1,1
0.156995125,1,1,1,0
0.156995250,1,1,1,1
0.157055250,1,1,1,0
0.157055375,1,1,1,1
0.157112625,1,1,1,0
0.157112750,1,1,1,1
0.157112875,1,1,1,0
0.157113000,1,1,1,1
0.157116500,1,1,1,0
0.157116625,1,1,1,1
0.157116875,1,1,1,0
0.157117000,1,1,1,1
0.157177500,1,1,1,0
0.157177750,1,1,1,1
0.157233625,1,1,1,0
0.157233750,1,1,1,1
0.157237500,1,1,1,0
0.157237625,1,1,1,1
0.157237875,1,1,1,0
0.157238000,1,1,1,1
0.157297500,1,1,1,0
0.157297625,1,1,1,1
0.157356875,1,1,1,0
0.157357125,1,1,1,1
0.157357625,1,1,1,0
0.157357750,1,1,1,1
0.157414125,1,1,1,0
0.157414250,1,1,1,1
0.157414375,1,1,1,0
0.157414500,1,1,1,1
0.157417875,1,1,1,0
0.157418125,1,1,1,1
0.157418625,1,1,1,0
0.157418750,1,1,1,1
0.157478500,1,1,1,0
0.157478625,1,1,1,1
0.157539125,1,1,1,0
0.157539250,1,1,1,1
0.157539500,1,1,1,0
0.157539625,1,1,1,1
0.157595500,1,1,1,0
0.157595625,1,1,1,1
0.157599750,1,1,1,0
0.157599875,1,1,1,1
0.157600000,1,1,1,0
0.157600125,1,1,1,1
0.157660500,1,1,1,0
0.157660625,1,1,1,1
0.157660875,1,1,1,0
0.157661000,1,1,1,1
0.157718000,1,1,1,0
0.157718125,1,1,1,1
0.157718250,1,1,1,0
0.157718375,1,1,1,1
0.157721750,1,1,1,0
0.157722000,1,1,1,1
0.157779875,1,1,1,0
0.157780000,1,1,1,1
0.157783750,1,1,1,0
0.157783875,1,1,1,1
0.157784000,1,1,1,0
0.157784125,1,1,1,1
0.157784375,1,1,1,0
0.157784500,1,1,1,1
0.157841375,1,1,1,0
0.157841500,1,1,1,1
0.157841625,1,1,1,0
0.157841750,1,1,1,1
0.157845250,1,1,1,0
0.157845375,1,1,1,1
0.157845500,1,1,1,0
0.157845625,1,1,1,1
0.157845875,1,1,1,0
0.157846000,1,1,1,1
0.157907000,1,1,1,0
0.157907125,1,1,1,1
0.157907250,1,1,1,0
0.157907375,1,1,1,1
0.157967875,1,1,1,0
0.157968000,1,1,1,1
0.157968250,1,1,1,0
0.157968375,1,1,1,1
0.158029375,1,1,1,0
0.158029500,1,1,1,1
0.158029625,1,1,1,0
0.158029750,1,1,1,1
0.158085500,1,1,1,0
0.158085625,1,1,1,1
0.158085750,1,1,1,0
0.158085875,1,1,1,1
0.158089375,1,1,1,0
0.158089500,1,1,1,1
0.158090000,1,1,1,0
0.158090125,1,1,1,1
0.158146000,1,1,1,0
0.158146125,1,1,1,1
0.158146250,1,1,1,0
0.158146375,1,1,1,1
0.158149750,1,1,1,0
0.158150000,1,1,1,1
0.158207000,1,1,1,0
0.158207125,1,1,1,1
0.158210875,1,1,1,0
0.158211000,1,1,1,1
0.158211125,1,1,1,0
0.158211250,1,1,1,1
0.158211500,1,1,1,0
0.158211625,1,1,1,1
0.158271000,1,1,1,0
0.158271125,1,1,1,1
0.158392625,1,1,1,0
0.158392750,1,1,1,1
0.158513625,1,1,1,0
0.158513750,1,1,1,1
0.158569750,1,1,1,0
0.158569875,1,1,1,1
0.158570000,1,1,1,0
0.158570125,1,1,1,1
0.158573500,1,1,1,0
0.158573750,1,1,1,1
0.158756500,1,1,1,0
0.158756625,1,1,1,1
0.164522250,1,1,1,0
0.164522375,1,1,1,1
0.164582750,1,1,1,0
0.164583000,1,1,1,1
0.165010750,1,1,1,0
0.165010875,1,1,1,1
0.165071000,1,1,1,0
0.165071125,1,1,1,1
0.165438000,1,1,1,0
0.165438125,1,1,1,1
0.165680625,1,1,1,0
0.165680750,1,1,1,1
0.165684625,1,1,1,0
0.165684875,1,1,1,1
0.165746250,1,1,1,0
0.165746375,1,1,1,1
0.165803875,1,1,1,0
0.165804000,1,1,1,1
0.165865500,1,1,1,0
0.165865625,1,1,1,1
0.165869875,1,1,1,0
0.165870000,1,1,1,1
0.165931125,1,1,1,0
0.165931250,1,1,1,1
0.165992625,1,1,1,0
0.165992875,1,1,1,1
0.166050125,1,1,1,0
0.166050250,1,1,1,1
0.166050375,1,1,1,0
0.166050500,1,1,1,1
0.166054125,1,1,1,0
0.166054250,1,1,1,1
0.166054375,1,1,1,0
0.166054500,1,1,1,1
0.166054750,1,1,1,0
0.166054875,1,1,1,1
0.166111250,1,1,1,0
0.166111375,1,1,1,1
0.166111500,1,1,1,0
0.166111625,1,1,1,1
0.166115625,1,1,1,0
0.166115750,1,1,1,1
0.166115875,1,1,1,0
0.166116000,1,1,1,1
0.166170875,1,1,1,0
0.166171000,1,1,1,1
0.166171125,1,1,1,0
0.166171250,1,1,1,1
0.166174875,1,1,1,0
0.166175000,1,1,1,1
0.166175125,1,1,1,0
0.166175250,1,1,1,1
0.166175500,1,1,1,0
0.166175625,1,1,1,1
0.166235375,1,1,1,0
0.166235625,1,1,1,1
0.166297000,1,1,1,0
0.166297125,1,1,1,1
0.166297250,1,1,1,0
0.166297375,1,1,1,1
0.166353000,1,1,1,0
0.166353125,1,1,1,1
0.166353250,1,1,1,0
0.166353375,1,1,1,1
0.166356875,1,1,1,0
0.166357125,1,1,1,1
0.166413375,1,1,1,0
0.166413500,1,1,1,1
0.166413625,1,1,1,0
0.166413750,1,1,1,1
0.166417250,1,1,1,0
0.166417375,1,1,1,1
0.166478250,1,1,1,0
0.166478375,1,1,1,1
0.166535250,1,1,1,0
0.166535375,1,1,1,1
0.166535500,1,1,1,0
0.166535625,1,1,1,1
0.166539125,1,1,1,0
0.166539375,1,1,1,1
0.166596375,1,1,1,0
0.166596500,1,1,1,1
0.166596625,1,1,1,0
0.166596750,1,1,1,1
0.166600250,1,1,1,0
0.166600500,1,1,1,1
0.166656500,1,1,1,0
0.166656625,1,1,1,1
0.166660375,1,1,1,0
0.166660625,1,1,1,1
0.166715875,1,1,1,0
0.166716000,1,1,1,1
0.166716125,1,1,1,0
0.166716250,1,1,1,1
0.166719750,1,1,1,0
0.166719875,1,1,1,1
0.166780250,1,1,1,0
0.166780500,1,1,1,1
0.166841625,1,1,1,0
0.166841750,1,1,1,1
0.166842250,1,1,1,0
0.166842375,1,1,1,1
0.166899000,1,1,1,0
0.166899125,1,1,1,1
0.166899250,1,1,1,0
0.166899375,1,1,1,1
0.166903250,1,1,1,0
0.166903375,1,1,1,1
0.166903500,1,1,1,0
0.166903625,1,1,1,1
0.166964000,1,1,1,0
0.166964125,1,1,1,1
0.166964250,1,1,1,0
0.166964375,1,1,1,1
0.166964625,1,1,1,0
0.166964750,1,1,1,1
0.167020125,1,1,1,0
0.167020250,1,1,1,1
0.167024000,1,1,1,0
0.167024125,1,1,1,1
0.167079375,1,1,1,0
0.167079500,1,1,1,1
0.167083250,1,1,1,0
0.167083375,1,1,1,1
0.167143500,1,1,1,0
0.167143625,1,1,1,1
0.167204500,1,1,1,0
0.167204750,1,1,1,1
0.167260750,1,1,1,0
0.167260875,1,1,1,1
0.167265000,1,1,1,0
0.167265125,1,1,1,1
0.167320750,1,1,1,0
0.167320875,1,1,1,1
0.167325000,1,1,1,0
0.167325125,1,1,1,1
0.167380125,1,1,1,0
0.167380250,1,1,1,1
0.167384375,1,1,1,0
0.167384500,1,1,1,1
0.167384625,1,1,1,0
0.167384750,1,1,1,1
0.167441125,1,1,1,0
0.167441250,1,1,1,1
0.167441375,1,1,1,0
0.167441500,1,1,1,1
0.167445000,1,1,1,0
0.167445125,1,1,1,1
0.167445250,1,1,1,0
0.167445375,1,1,1,1
0.167445625,1,1,1,0
0.167445750,1,1,1,1
0.167501375,1,1,1,0
0.167501500,1,1,1,1
0.167501625,1,1,1,0
0.167501750,1,1,1,1
0.167505250,1,1,1,0
0.167505375,1,1,1,1
0.167505875,1,1,1,0
0.167506000,1,1,1,1
0.167566625,1,1,1,0
0.167566750,1,1,1,1
0.167566875,1,1,1,0
0.167567000,1,1,1,1
0.167622625,1,1,1,0
0.167622750,1,1,1,1
0.167622875,1,1,1,0
0.167623000,1,1,1,1
0.167626500,1,1,1,0
0.167626625,1,1,1,1
0.167627125,1,1,1,0
0.167627250,1,1,1,1
0.167686875,1,1,1,0
0.167687000,1,1,1,1
0.167744250,1,1,1,0
0.167744375,1,1,1,1
0.167744500,1,1,1,0
0.167744625,1,1,1,1
0.167748125,1,1,1,0
0.167748250,1,1,1,1
0.167748750,1,1,1,0
0.167748875,1,1,1,1
0.167805250,1,1,1,0
0.167805375,1,1,1,1
0.167805500,1,1,1,0
0.167805625,1,1,1,1
0.167809125,1,1,1,0
0.167809250,1,1,1,1
0.167809375,1,1,1,0
0.167809500,1,1,1,1
0.167809750,1,1,1,0
0.167809875,1,1,1,1
0.167865250,1,1,1,0
0.167865375,1,1,1,1
0.167865500,1,1,1,0
0.167865625,1,1,1,1
0.167869125,1,1,1,0
0.167869250,1,1,1,1
0.167869375,1,1,1,0
0.167869500,1,1,1,1
0.167869750,1,1,1,0
0.167869875,1,1,1,1
0.167928625,1,1,1,0
0.167928750,1,1,1,1
0.167928875,1,1,1,0
0.167929000,1,1,1,1
0.167988750,1,1,1,0
0.167988875,1,1,1,1
0.168044875,1,1,1,0
0.168045000,1,1,1,1
0.168048750,1,1,1,0
0.168048875,1,1,1,1
0.168049000,1,1,1,0
0.168049125,1,1,1,1
0.168049375,1,1,1,0
0.168049500,1,1,1,1
0.168106000,1,1,1,0
0.168106125,1,1,1,1
0.168106250,1,1,1,0
0.168106375,1,1,1,1
0.168109875,1,1,1,0
0.168110000,1,1,1,1
0.168110500,1,1,1,0
0.168110625,1,1,1,1
0.168167000,1,1,1,0
0.168167125,1,1,1,1
0.168167250,1,1,1,0
0.168167375,1,1,1,1
0.168170875,1,1,1,0
0.168171000,1,1,1,1
0.168171500,1,1,1,0
0.168171625,1,1,1,1
0.168226500,1,1,1,0
0.168226625,1,1,1,1
0.168230250,1,1,1,0
0.168230500,1,1,1,1
0.168291125,1,1,1,0
0.168291250,1,1,1,1
0.168351875,1,1,1,0
0.168352000,1,1,1,1
0.168413125,1,1,1,0
0.168413250,1,1,1,1
0.168473000,1,1,1,0
0.168473250,1,1,1,1
0.168592500,1,1,1,0
0.168592625,1,1,1,1
0.168651375,1,1,1,0
0.168651500,1,1,1,1
0.168773500,1,1,1,0
0.168773625,1,1,1,1
0.173972875,1,1,1,0
0.173973125,1,1,1,1
0.174214000,1,1,1,0
0.174214250,1,1,1,1
0.174397125,1,1,1,0
0.174397375,1,1,1,1
0.174458250,1,1,1,0
0.174458500,1,1,1,1
0.174638750,1,1,1,0
0.174639125,1,1,1,1
0.175002250,1,1,1,0
0.175002500,1,1,1,1
0.175123750,1,1,1,0
0.175124000,1,1,1,1
0.175183875,1,1,1,0
0.175184000,1,1,1,1
0.175547625,1,1,1,0
0.175547875,1,1,1,1
0.175669250,1,1,1,0
0.175669375,1,1,1,1
0.175726875,1,1,1,0
0.175727000,1,1,1,1
0.175731250,1,1,1,0
0.175731375,1,1,1,1
0.175792500,1,1,1,0
0.175792750,1,1,1,1
0.175850250,1,1,1,0
0.175850375,1,1,1,1
0.175854250,1,1,1,0
0.175854375,1,1,1,1
0.175911750,1,1,1,0
0.175911875,1,1,1,1
0.175916125,1,1,1,0
0.175916250,1,1,1,1
0.175973125,1,1,1,0
0.175973250,1,1,1,1
0.175973375,1,1,1,0
0.175973500,1,1,1,1
0.175977500,1,1,1,0
0.175977625,1,1,1,1
0.175977750,1,1,1,0
0.175977875,1,1,1,1
0.176033750,1,1,1,0
0.176033875,1,1,1,1
0.176034000,1,1,1,0
0.176034125,1,1,1,1
0.176038375,1,1,1,0
0.176038500,1,1,1,1
0.176098875,1,1,1,0
0.176099000,1,1,1,1
0.176099250,1,1,1,0
0.176099375,1,1,1,1
0.176154500,1,1,1,0
0.176154625,1,1,1,1
0.176158875,1,1,1,0
0.176159000,1,1,1,1
0.176215000,1,1,1,0
0.176215125,1,1,1,1
0.176219375,1,1,1,0
0.176219500,1,1,1,1
0.176219625,1,1,1,0
0.176219750,1,1,1,1
0.176280125,1,1,1,0
0.176280250,1,1,1,1
0.176280500,1,1,1,0
0.176280625,1,1,1,1
0.176340250,1,1,1,0
0.176340375,1,1,1,1
0.176395750,1,1,1,0
0.176395875,1,1,1,1
0.176396000,1,1,1,0
0.176396125,1,1,1,1
0.176399625,1,1,1,0
0.176399875,1,1,1,1
0.176460250,1,1,1,0
0.176460375,1,1,1,1
0.176460500,1,1,1,0
0.176460625,1,1,1,1
0.176460875,1,1,1,0
0.176461000,1,1,1,1
0.176521875,1,1,1,0
0.176522000,1,1,1,1
0.176582750,1,1,1,0
0.176582875,1,1,1,1
0.176583000,1,1,1,0
0.176583125,1,1,1,1
0.176583375,1,1,1,0
0.176583500,1,1,1,1
0.176639375,1,1,1,0
0.176639500,1,1,1,1
0.176639625,1,1,1,0
0.176639750,1,1,1,1
0.176643250,1,1,1,0
0.176643375,1,1,1,1
0.176643625,1,1,1,0
0.176643750,1,1,1,1
0.176704375,1,1,1,0
0.176704500,1,1,1,1
0.176704625,1,1,1,0
0.176704750,1,1,1,1
0.176705000,1,1,1,0
0.176705125,1,1,1,1
0.176764250,1,1,1,0
0.176764375,1,1,1,1
0.176764500,1,1,1,0
0.176764625,1,1,1,1
0.176820375,1,1,1,0
0.176820500,1,1,1,1
0.176820625,1,1,1,0
0.176820750,1,1,1,1
0.176824250,1,1,1,0
0.176824375,1,1,1,1
0.176884750,1,1,1,0
0.176885000,1,1,1,1
0.176885500,1,1,1,0
0.176885625,1,1,1,1
0.176945875,1,1,1,0
0.176946125,1,1,1,1
0.176946625,1,1,1,0
0.176946750,1,1,1,1
0.177006125,1,1,1,0
0.177006250,1,1,1,1
0.177066375,1,1,1,0
0.177066500,1,1,1,1
0.177126625,1,1,1,0
0.177126875,1,1,1,1
0.177187000,1,1,1,0
0.177187125,1,1,1,1
0.177247500,1,1,1,0
0.177247625,1,1,1,1
0.177247875,1,1,1,0
0.177248000,1,1,1,1
0.177304000,1,1,1,0
0.177304125,1,1,1,1
0.177304250,1,1,1,0
0.177304375,1,1,1,1
0.177308250,1,1,1,0
0.177308375,1,1,1,1
0.177364250,1,1,1,0
0.177364375,1,1,1,1
0.177364500,1,1,1,0
0.177364625,1,1,1,1
0.177368500,1,1,1,0
0.177368625,1,1,1,1
0.177368750,1,1,1,0
0.177368875,1,1,1,1
0.177428125,1,1,1,0
0.177428375,1,1,1,1
0.177487000,1,1,1,0
0.177487125,1,1,1,1
0.177487250,1,1,1,0
0.177487375,1,1,1,1
0.177542000,1,1,1,0
0.177542125,1,1,1,1
0.177542250,1,1,1,0
0.177542375,1,1,1,1
0.177545875,1,1,1,0
0.177546000,1,1,1,1
0.177546500,1,1,1,0
0.177546625,1,1,1,1
0.177605125,1,1,1,0
0.177605250,1,1,1,1
0.177605500,1,1,1,0
0.177605625,1,1,1,1
0.177664375,1,1,1,0
0.177664500,1,1,1,1
0.177664750,1,1,1,0
0.177664875,1,1,1,1
0.177723750,1,1,1,0
0.177723875,1,1,1,1
0.177780750,1,1,1,0
0.177780875,1,1,1,1
0.177781000,1,1,1,0
0.177781125,1,1,1,1
0.177836875,1,1,1,0
0.177837000,1,1,1,1
0.177837125,1,1,1,0
0.177837250,1,1,1,1
0.177889500,1,1,1,0
0.177889625,1,1,1,1
0.177889750,1,1,1,0
0.177889875,1,1,1,1
0.177893375,1,1,1,0
0.177893500,1,1,1,1
0.177894000,1,1,1,0
0.177894125,1,1,1,1
0.177951125,1,1,1,0
0.177951250,1,1,1,1
0.177951375,1,1,1,0
0.177951500,1,1,1,1
0.178009250,1,1,1,0
0.178009375,1,1,1,1
0.178009500,1,1,1,0
0.178009625,1,1,1,1
0.178062500,1,1,1,0
0.178062625,1,1,1,1
0.178062750,1,1,1,0
0.178062875,1,1,1,1
0.178066250,1,1,1,0
0.178066500,1,1,1,1
0.178120500,1,1,1,0
0.178120625,1,1,1,1
0.178120750,1,1,1,0
0.178120875,1,1,1,1
0.178124375,1,1,1,0
0.178124500,1,1,1,1
0.178124625,1,1,1,0
0.178124750,1,1,1,1
0.178125000,1,1,1,0
0.178125125,1,1,1,1
0.178181500,1,1,1,0
0.178181625,1,1,1,1
0.178181750,1,1,1,0
0.178181875,1,1,1,1
0.178239250,1,1,1,0
0.178239375,1,1,1,1
0.178297000,1,1,1,0
0.178297125,1,1,1,1
0.178355500,1,1,1,0
0.178355625,1,1,1,1
0.178413875,1,1,1,0
0.178414000,1,1,1,1
0.178468750,1,1,1,0
0.178468875,1,1,1,1
0.178469000,1,1,1,0
0.178469125,1,1,1,1
0.178472500,1,1,1,0
0.178472750,1,1,1,1
0.178529875,1,1,1,0
0.178530125,1,1,1,1
0.178646375,1,1,1,0
0.178646500,1,1,1,1
0.178705750,1,1,1,0
0.178705875,1,1,1,1
0.178765000,1,1,1,0
0.178765250,1,1,1,1
0.178822875,1,1,1,0
0.178823000,1,1,1,1
0.184928375,1,1,1,0
0.184928500,1,1,1,1
0.185049125,1,1,1,0
0.185049250,1,1,1,1
0.185109500,1,1,1,0
0.185109625,1,1,1,1
0.185472750,1,1,1,0
0.185472875,1,1,1,1
0.185590375,1,1,1,0
0.185590500,1,1,1,1
0.185710000,1,1,1,0
0.185710125,1,1,1,1
0.185714375,1,1,1,0
0.185714500,1,1,1,1
0.185829625,1,1,1,0
0.185829750,1,1,1,1
0.185834000,1,1,1,0
0.185834125,1,1,1,1
0.185890250,1,1,1,0
0.185890375,1,1,1,1
0.185890500,1,1,1,0
0.185890625,1,1,1,1
0.185894625,1,1,1,0
0.185894750,1,1,1,1
0.185951625,1,1,1,0
0.185951750,1,1,1,1
0.185951875,1,1,1,0
0.185952000,1,1,1,1
0.185955625,1,1,1,0
0.185955750,1,1,1,1
0.185955875,1,1,1,0
0.185956000,1,1,1,1
0.185956250,1,1,1,0
0.185956375,1,1,1,1
0.186013000,1,1,1,0
0.186013125,1,1,1,1
0.186013250,1,1,1,0
0.186013375,1,1,1,1
0.186017000,1,1,1,0
0.186017125,1,1,1,1
0.186017250,1,1,1,0
0.186017375,1,1,1,1
0.186017625,1,1,1,0
0.186017750,1,1,1,1
0.186078250,1,1,1,0
0.186078500,1,1,1,1
0.186138875,1,1,1,0
0.186139125,1,1,1,1
0.186200000,1,1,1,0
0.186200250,1,1,1,1
0.186255750,1,1,1,0
0.186255875,1,1,1,1
0.186259375,1,1,1,0
0.186259625,1,1,1,1
0.186315625,1,1,1,0
0.186315750,1,1,1,1
0.186315875,1,1,1,0
0.186316000,1,1,1,1
0.186319500,1,1,1,0
0.186319750,1,1,1,1
0.186374125,1,1,1,0
0.186374250,1,1,1,1
0.186374375,1,1,1,0
0.186374500,1,1,1,1
0.186378125,1,1,1,0
0.186378250,1,1,1,1
0.186378375,1,1,1,0
0.186378500,1,1,1,1
0.186378750,1,1,1,0
0.186378875,1,1,1,1
0.186433250,1,1,1,0
0.186433375,1,1,1,1
0.186433500,1,1,1,0
0.186433625,1,1,1,1
0.186437125,1,1,1,0
0.186437375,1,1,1,1
0.186437875,1,1,1,0
0.186438000,1,1,1,1
0.186494750,1,1,1,0
0.186494875,1,1,1,1
0.186495000,1,1,1,0
0.186495125,1,1,1,1
0.186495375,1,1,1,0
0.186495500,1,1,1,1
0.186553375,1,1,1,0
0.186553500,1,1,1,1
0.186607375,1,1,1,0
0.186607500,1,1,1,1
0.186607625,1,1,1,0
0.186607750,1,1,1,1
0.186611250,1,1,1,0
0.186611375,1,1,1,1
0.186611625,1,1,1,0
0.186611750,1,1,1,1
0.186665625,1,1,1,0
0.186665750,1,1,1,1
0.186665875,1,1,1,0
0.186666000,1,1,1,1
0.186669500,1,1,1,0
0.186669625,1,1,1,1
0.186669875,1,1,1,0
0.186670000,1,1,1,1
0.186727750,1,1,1,0
0.186727875,1,1,1,1
0.186728000,1,1,1,0
0.186728125,1,1,1,1
0.186728375,1,1,1,0
0.186728500,1,1,1,1
0.186785875,1,1,1,0
0.186786125,1,1,1,1
0.186840250,1,1,1,0
0.186840375,1,1,1,1
0.186844125,1,1,1,0
0.186844375,1,1,1,1
0.186902500,1,1,1,0
0.186902750,1,1,1,1
0.186961625,1,1,1,0
0.186961750,1,1,1,1
0.186962250,1,1,1,0
0.186962375,1,1,1,1
0.187015875,1,1,1,0
0.187016000,1,1,1,1
0.187016125,1,1,1,0
0.187016250,1,1,1,1
0.187020125,1,1,1,0
0.187020250,1,1,1,1
0.187020375,1,1,1,0
0.187020500,1,1,1,1
0.187078000,1,1,1,0
0.187078250,1,1,1,1
0.187078750,1,1,1,0
0.187078875,1,1,1,1
0.187133250,1,1,1,0
0.187133375,1,1,1,1
0.187137500,1,1,1,0
0.187137625,1,1,1,1
0.187192250,1,1,1,0
0.187192375,1,1,1,1
0.187196500,1,1,1,0
0.187196625,1,1,1,1
0.187196750,1,1,1,0
0.187196875,1,1,1,1
0.187250500,1,1,1,0
0.187250625,1,1,1,1
0.187250750,1,1,1,0
0.187250875,1,1,1,1
0.187254375,1,1,1,0
0.187254500,1,1,1,1
0.187254625,1,1,1,0
0.187254750,1,1,1,1
0.187255000,1,1,1,0
0.187255125,1,1,1,1
0.187313500,1,1,1,0
0.187313750,1,1,1,1
0.187373500,1,1,1,0
0.187373625,1,1,1,1
0.187432375,1,1,1,0
0.187432500,1,1,1,1
0.187488125,1,1,1,0
0.187488250,1,1,1,1
0.187488375,1,1,1,0
0.187488500,1,1,1,1
0.187492000,1,1,1,0
0.187492125,1,1,1,1
0.187492250,1,1,1,0
0.187492375,1,1,1,1
0.187492625,1,1,1,0
0.187492750,1,1,1,1
0.187547125,1,1,1,0
0.187547250,1,1,1,1
0.187547375,1,1,1,0
0.187547500,1,1,1,1
0.187550875,1,1,1,0
0.187551125,1,1,1,1
0.187551625,1,1,1,0
0.187551750,1,1,1,1
0.187609750,1,1,1,0
0.187609875,1,1,1,1
0.187610000,1,1,1,0
0.187610125,1,1,1,1
0.187665500,1,1,1,0
0.187665625,1,1,1,1
0.187665750,1,1,1,0
0.187665875,1,1,1,1
0.187669375,1,1,1,0
0.187669500,1,1,1,1
0.187670000,1,1,1,0
0.187670125,1,1,1,1
0.187728875,1,1,1,0
0.187729000,1,1,1,1
0.187788625,1,1,1,0
0.187788750,1,1,1,1
0.187848875,1,1,1,0
0.187849000,1,1,1,1
0.187905500,1,1,1,0
0.187905625,1,1,1,1
0.187909375,1,1,1,0
0.187909500,1,1,1,1
0.187909625,1,1,1,0
0.187909750,1,1,1,1
0.187910000,1,1,1,0
0.187910125,1,1,1,1
0.187966000,1,1,1,0
0.187966125,1,1,1,1
0.187966250,1,1,1,0
0.187966375,1,1,1,1
0.187969750,1,1,1,0
0.187970000,1,1,1,1
0.188030750,1,1,1,0
0.188030875,1,1,1,1
0.188031125,1,1,1,0
0.188031250,1,1,1,1
0.188031375,1,1,1,0
0.188031500,1,1,1,1
0.188090500,1,1,1,0
0.188090625,1,1,1,1
0.188146500,1,1,1,0
0.188146625,1,1,1,1
0.188146750,1,1,1,0
0.188146875,1,1,1,1
0.188150375,1,1,1,0
0.188150500,1,1,1,1
0.188151000,1,1,1,0
0.188151125,1,1,1,1
0.188210500,1,1,1,0
0.188210625,1,1,1,1
0.188391875,1,1,1,0
0.188392000,1,1,1,1
0.188448750,1,1,1,0
0.188448875,1,1,1,1
0.188452500,1,1,1,0
0.188452750,1,1,1,1
0.188508000,1,1,1,0
0.188508125,1,1,1,1
0.188511875,1,1,1,0
0.188512000,1,1,1,1
0.188572375,1,1,1,0
0.188572500,1,1,1,1
0.194164250,1,1,1,0
0.194164500,1,1,1,1
0.194225500,1,1,1,0
0.194225750,1,1,1,1
0.194286625,1,1,1,0
0.194287000,1,1,1,1
0.194347000,1,1,1,0
0.194347250,1,1,1,1
0.194467625,1,1,1,0
0.194467875,1,1,1,1
0.194527000,1,1,1,0
0.194527375,1,1,1,1
0.194586250,1,1,1,0
0.194586500,1,1,1,1
0.194643750,1,1,1,0
0.194643875,1,1,1,1
0.194759500,1,1,1,0
0.194759750,1,1,1,1
0.194817875,1,1,1,0
0.194818125,1,1,1,1
0.194934625,1,1,1,0
0.194934875,1,1,1,1
0.195110500,1,1,1,0
0.195110625,1,1,1,1
0.195169125,1,1,1,0
0.195169375,1,1,1,1
0.195577000,1,1,1,0
0.195577125,1,1,1,1
0.195631250,1,1,1,0
0.195631375,1,1,1,1
0.195635250,1,1,1,0
0.195635500,1,1,1,1
0.195688625,1,1,1,0
0.195688750,1,1,1,1
0.195688875,1,1,1,0
0.195689000,1,1,1,1
0.195693000,1,1,1,0
0.195693125,1,1,1,1
0.195750875,1,1,1,0
0.195751125,1,1,1,1
0.195805500,1,1,1,0
0.195805625,1,1,1,1
0.195805750,1,1,1,0
0.195805875,1,1,1,1
0.195809750,1,1,1,0
0.195809875,1,1,1,1
0.195868625,1,1,1,0
0.195868750,1,1,1,1
0.195927000,1,1,1,0
0.195927125,1,1,1,1
0.195927625,1,1,1,0
0.195927750,1,1,1,1
0.195981875,1,1,1,0
0.195982000,1,1,1,1
0.195985250,1,1,1,0
0.195985375,1,1,1,1
0.196039750,1,1,1,0
0.196039875,1,1,1,1
0.196044125,1,1,1,0
0.196044250,1,1,1,1
0.196103250,1,1,1,0
0.196103375,1,1,1,1
0.196157000,1,1,1,0
0.196157125,1,1,1,1
0.196157250,1,1,1,0
0.196157375,1,1,1,1
0.196161375,1,1,1,0
0.196161500,1,1,1,1
0.196161625,1,1,1,0
0.196161750,1,1,1,1
0.196218250,1,1,1,0
0.196218375,1,1,1,1
0.196272625,1,1,1,0
0.196272750,1,1,1,1
0.196277250,1,1,1,0
0.196277375,1,1,1,1
0.196336125,1,1,1,0
0.196336250,1,1,1,1
0.196394250,1,1,1,0
0.196394375,1,1,1,1
0.196394625,1,1,1,0
0.196394750,1,1,1,1
0.196453500,1,1,1,0
0.196453625,1,1,1,1
0.196453750,1,1,1,0
0.196453875,1,1,1,1
0.196454125,1,1,1,0
0.196454250,1,1,1,1
0.196508625,1,1,1,0
0.196508750,1,1,1,1
0.196508875,1,1,1,0
0.196509000,1,1,1,1
0.196512500,1,1,1,0
0.196512625,1,1,1,1
0.196566750,1,1,1,0
0.196566875,1,1,1,1
0.196567000,1,1,1,0
0.196567125,1,1,1,1
0.196570625,1,1,1,0
0.196570750,1,1,1,1
0.196628750,1,1,1,0
0.196628875,1,1,1,1
0.196629375,1,1,1,0
0.196629500,1,1,1,1
0.196682250,1,1,1,0
0.196682375,1,1,1,1
0.196682500,1,1,1,0
0.196682625,1,1,1,1
0.196686125,1,1,1,0
0.196686375,1,1,1,1
0.196745875,1,1,1,0
0.196746000,1,1,1,1
0.196804125,1,1,1,0
0.196804250,1,1,1,1
0.196804375,1,1,1,0
0.196804500,1,1,1,1
0.196859375,1,1,1,0
0.196859500,1,1,1,1
0.196859625,1,1,1,0
0.196859750,1,1,1,1
0.196863625,1,1,1,0
0.196863750,1,1,1,1
0.196863875,1,1,1,0
0.196864000,1,1,1,1
0.196919500,1,1,1,0
0.196919625,1,1,1,1
0.196919750,1,1,1,0
0.196919875,1,1,1,1
0.196923750,1,1,1,0
0.196923875,1,1,1,1
0.196978875,1,1,1,0
0.196979000,1,1,1,1
0.196979125,1,1,1,0
0.196979250,1,1,1,1
0.196982750,1,1,1,0
0.196982875,1,1,1,1
0.196983375,1,1,1,0
0.196983500,1,1,1,1
0.197042625,1,1,1,0
0.197042875,1,1,1,1
0.197043375,1,1,1,0
0.197043500,1,1,1,1
0.197097875,1,1,1,0
0.197098000,1,1,1,1
0.197098125,1,1,1,0
0.197098250,1,1,1,1
0.197101750,1,1,1,0
0.197101875,1,1,1,1
0.197102000,1,1,1,0
0.197102125,1,1,1,1
0.197102375,1,1,1,0
0.197102500,1,1,1,1
0.197156125,1,1,1,0
0.197156250,1,1,1,1
0.197156375,1,1,1,0
0.197156500,1,1,1,1
0.197160375,1,1,1,0
0.197160500,1,1,1,1
0.197219125,1,1,1,0
0.197219250,1,1,1,1
0.197274625,1,1,1,0
0.197274750,1,1,1,1
0.197274875,1,1,1,0
0.197275000,1,1,1,1
0.197278500,1,1,1,0
0.197278625,1,1,1,1
0.197278750,1,1,1,0
0.197278875,1,1,1,1
0.197279125,1,1,1,0
0.197279250,1,1,1,1
0.197338375,1,1,1,0
0.197338625,1,1,1,1
0.197393000,1,1,1,0
0.197393125,1,1,1,1
0.197393250,1,1,1,0
0.197393375,1,1,1,1
0.197396875,1,1,1,0
0.197397000,1,1,1,1
0.197397125,1,1,1,0
0.197397250,1,1,1,1
0.197397500,1,1,1,0
0.197397625,1,1,1,1
0.197456375,1,1,1,0
0.197456500,1,1,1,1
0.197456625,1,1,1,0
0.197456750,1,1,1,1
0.197511375,1,1,1,0
0.197511500,1,1,1,1
0.197511625,1,1,1,0
0.197511750,1,1,1,1
0.197515250,1,1,1,0
0.197515375,1,1,1,1
0.197515500,1,1,1,0
0.197515625,1,1,1,1
0.197515875,1,1,1,0
0.197516000,1,1,1,1
0.197575000,1,1,1,0
0.197575125,1,1,1,1
0.197634000,1,1,1,0
0.197634125,1,1,1,1
0.197634375,1,1,1,0
0.197634500,1,1,1,1
0.197693625,1,1,1,0
0.197693750,1,1,1,1
0.197748625,1,1,1,0
0.197748750,1,1,1,1
0.197748875,1,1,1,0
0.197749000,1,1,1,1
0.197752375,1,1,1,0
0.197752625,1,1,1,1
0.197807750,1,1,1,0
0.197807875,1,1,1,1
0.197808000,1,1,1,0
0.197808125,1,1,1,1
0.197811625,1,1,1,0
0.197811750,1,1,1,1
0.197812250,1,1,1,0
0.197812375,1,1,1,1
0.197866875,1,1,1,0
0.197867000,1,1,1,1
0.197867125,1,1,1,0
0.197867250,1,1,1,1
0.197870625,1,1,1,0
0.197870875,1,1,1,1
0.197871375,1,1,1,0
0.197871500,1,1,1,1
0.197926000,1,1,1,0
0.197926125,1,1,1,1
0.197926250,1,1,1,0
0.197926375,1,1,1,1
0.197929875,1,1,1,0
0.197930000,1,1,1,1
0.197930500,1,1,1,0
0.197930625,1,1,1,1
0.197985125,1,1,1,0
0.197985250,1,1,1,1
0.197985375,1,1,1,0
0.197985500,1,1,1,1
0.197988875,1,1,1,0
0.197989125,1,1,1,1
0.197989625,1,1,1,0
0.197989750,1,1,1,1
0.198044250,1,1,1,0
0.198044375,1,1,1,1
0.198044500,1,1,1,0
0.198044625,1,1,1,1
0.198048000,1,1,1,0
0.198048250,1,1,1,1
0.198107250,1,1,1,0
0.198107375,1,1,1,1
0.198167125,1,1,1,0
0.198167250,1,1,1,1
0.198227125,1,1,1,0
0.198227250,1,1,1,1
0.198341375,1,1,1,0
0.198341500,1,1,1,1
0.198341625,1,1,1,0
0.198341750,1,1,1,1
0.198345250,1,1,1,0
0.198345500,1,1,1,1
0.198405250,1,1,1,0
0.198405500,1,1,1,1
0.198524625,1,1,1,0
0.198524750,1,1,1,1
0.198583500,1,1,1,0
0.198583625,1,1,1,1
0.198702875,1,1,1,0
0.198703000,1,1,1,1
0.204653500,1,1,1,0
0.204653625,1,1,1,1
0.204774000,1,1,1,0
0.204774125,1,1,1,1
0.205494875,1,1,1,0
0.205495000,1,1,1,1
0.205555375,1,1,1,0
0.205555500,1,1,1,1
0.205615875,1,1,1,0
0.205616125,1,1,1,1
0.205672375,1,1,1,0
0.205672500,1,1,1,1
0.205676375,1,1,1,0
0.205676500,1,1,1,1
0.205736750,1,1,1,0
0.205736875,1,1,1,1
0.205797000,1,1,1,0
0.205797125,1,1,1,1
0.205856375,1,1,1,0
0.205856625,1,1,1,1
0.205916625,1,1,1,0
0.205916750,1,1,1,1
0.205916875,1,1,1,0
0.205917000,1,1,1,1
0.205917250,1,1,1,0
0.205917375,1,1,1,1
0.205971250,1,1,1,0
0.205971375,1,1,1,1
0.205971500,1,1,1,0
0.205971625,1,1,1,1
0.205975625,1,1,1,0
0.205975750,1,1,1,1
0.205975875,1,1,1,0
0.205976000,1,1,1,1
0.206030875,1,1,1,0
0.206031000,1,1,1,1
0.206031125,1,1,1,0
0.206031250,1,1,1,1
0.206035250,1,1,1,0
0.206035375,1,1,1,1
0.206035500,1,1,1,0
0.206035625,1,1,1,1
0.206095125,1,1,1,0
0.206095375,1,1,1,1
0.206095875,1,1,1,0
0.206096000,1,1,1,1
0.206151375,1,1,1,0
0.206151500,1,1,1,1
0.206151625,1,1,1,0
0.206151750,1,1,1,1
0.206155375,1,1,1,0
0.206155500,1,1,1,1
0.206156000,1,1,1,0
0.206156125,1,1,1,1
0.206213875,1,1,1,0
0.206214000,1,1,1,1
0.206214250,1,1,1,0
0.206214375,1,1,1,1
0.206273625,1,1,1,0
0.206273750,1,1,1,1
0.206333250,1,1,1,0
0.206333375,1,1,1,1
0.206333500,1,1,1,0
0.206333625,1,1,1,1
0.206393375,1,1,1,0
0.206393500,1,1,1,1
0.206451500,1,1,1,0
0.206451625,1,1,1,1
0.206451750,1,1,1,0
0.206451875,1,1,1,1
0.206452125,1,1,1,0
0.206452250,1,1,1,1
0.206511125,1,1,1,0
0.206511250,1,1,1,1
0.206566125,1,1,1,0
0.206566250,1,1,1,1
0.206570000,1,1,1,0
0.206570250,1,1,1,1
0.206570750,1,1,1,0
0.206570875,1,1,1,1
0.206625625,1,1,1,0
0.206625750,1,1,1,1
0.206629500,1,1,1,0
0.206629750,1,1,1,1
0.206630250,1,1,1,0
0.206630375,1,1,1,1
0.206689750,1,1,1,0
0.206689875,1,1,1,1
0.206744625,1,1,1,0
0.206744750,1,1,1,1
0.206744875,1,1,1,0
0.206745000,1,1,1,1
0.206748500,1,1,1,0
0.206748625,1,1,1,1
0.206748875,1,1,1,0
0.206749000,1,1,1,1
0.206807750,1,1,1,0
0.206808000,1,1,1,1
0.206863125,1,1,1,0
0.206863250,1,1,1,1
0.206867000,1,1,1,0
0.206867125,1,1,1,1
0.206922250,1,1,1,0
0.206922375,1,1,1,1
0.206922500,1,1,1,0
0.206922625,1,1,1,1
0.206926125,1,1,1,0
0.206926250,1,1,1,1
0.206926500,1,1,1,0
0.206926625,1,1,1,1
0.206984625,1,1,1,0
0.206984750,1,1,1,1
0.206985250,1,1,1,0
0.206985375,1,1,1,1
0.207039875,1,1,1,0
0.207040000,1,1,1,1
0.207040125,1,1,1,0
0.207040250,1,1,1,1
0.207044125,1,1,1,0
0.207044250,1,1,1,1
0.207103000,1,1,1,0
0.207103125,1,1,1,1
0.207103375,1,1,1,0
0.207103500,1,1,1,1
0.207158625,1,1,1,0
0.207158750,1,1,1,1
0.207158875,1,1,1,0
0.207159000,1,1,1,1
0.207162875,1,1,1,0
0.207163000,1,1,1,1
0.207163125,1,1,1,0
0.207163250,1,1,1,1
0.207222500,1,1,1,0
0.207222625,1,1,1,1
0.207222875,1,1,1,0
0.207223000,1,1,1,1
0.207280875,1,1,1,0
0.207281000,1,1,1,1
0.207339875,1,1,1,0
0.207340125,1,1,1,1
0.207398125,1,1,1,0
0.207398250,1,1,1,1
0.207457125,1,1,1,0
0.207457250,1,1,1,1
0.207511750,1,1,1,0
0.207511875,1,1,1,1
0.207512000,1,1,1,0
0.207512125,1,1,1,1
0.207515500,1,1,1,0
0.207515750,1,1,1,1
0.207571000,1,1,1,0
0.207571125,1,1,1,1
0.207574875,1,1,1,0
0.207575000,1,1,1,1
0.207575500,1,1,1,0
0.207575625,1,1,1,1
0.207631000,1,1,1,0
0.207631125,1,1,1,1
0.207631250,1,1,1,0
0.207631375,1,1,1,1
0.207634875,1,1,1,0
0.207635000,1,1,1,1
0.207635125,1,1,1,0
0.207635250,1,1,1,1
0.207635500,1,1,1,0
0.207635625,1,1,1,1
0.207693250,1,1,1,0
0.207693375,1,1,1,1
0.207748875,1,1,1,0
0.207749000,1,1,1,1
0.207752750,1,1,1,0
0.207752875,1,1,1,1
0.207753375,1,1,1,0
0.207753500,1,1,1,1
0.207809000,1,1,1,0
0.207809125,1,1,1,1
0.207809250,1,1,1,0
0.207809375,1,1,1,1
0.207812875,1,1,1,0
0.207813000,1,1,1,1
0.207813125,1,1,1,0
0.207813250,1,1,1,1
0.207813500,1,1,1,0
0.207813625,1,1,1,1
0.207872250,1,1,1,0
0.207872375,1,1,1,1
0.207872625,1,1,1,0
0.207872750,1,1,1,1
0.207928625,1,1,1,0
0.207928750,1,1,1,1
0.207928875,1,1,1,0
0.207929000,1,1,1,1
0.207932375,1,1,1,0
0.207932625,1,1,1,1
0.207992375,1,1,1,0
0.207992500,1,1,1,1
0.207992750,1,1,1,0
0.207992875,1,1,1,1
0.208051750,1,1,1,0
0.208051875,1,1,1,1
0.208106500,1,1,1,0
0.208106625,1,1,1,1
0.208110375,1,1,1,0
0.208110500,1,1,1,1
0.208110625,1,1,1,0
0.208110750,1,1,1,1
0.208111000,1,1,1,0
0.208111125,1,1,1,1
0.208169750,1,1,1,0
0.208169875,1,1,1,1
0.208229750,1,1,1,0
0.208229875,1,1,1,1
0.208291125,1,1,1,0
0.208291250,1,1,1,1
0.208351375,1,1,1,0
0.208351500,1,1,1,1
0.208412250,1,1,1,0
0.208412375,1,1,1,1
0.208468125,1,1,1,0
0.208468250,1,1,1,1
0.208471875,1,1,1,0
0.208472125,1,1,1,1
0.208712750,1,1,1,0
0.208713000,1,1,1,1
0.213896000,1,1,1,0
0.213896125,1,1,1,1
0.214014625,1,1,1,0
0.214014875,1,1,1,1
0.214197000,1,1,1,0
0.214197250,1,1,1,1
0.214318125,1,1,1,0
0.214318375,1,1,1,1
0.214378500,1,1,1,0
0.214378750,1,1,1,1
0.214438750,1,1,1,0
0.214439000,1,1,1,1
0.214558500,1,1,1,0
0.214558875,1,1,1,1
0.214737375,1,1,1,0
0.214737625,1,1,1,1
0.214859375,1,1,1,0
0.214859625,1,1,1,1
0.215165625,1,1,1,0
0.215165875,1,1,1,1
0.215525250,1,1,1,0
0.215525375,1,1,1,1
0.215581625,1,1,1,0
0.215581750,1,1,1,1
0.215585500,1,1,1,0
0.215585750,1,1,1,1
0.215646625,1,1,1,0
0.215646750,1,1,1,1
0.215707250,1,1,1,0
0.215707500,1,1,1,1
0.215889875,1,1,1,0
0.215890000,1,1,1,1
0.215946500,1,1,1,0
0.215946625,1,1,1,1
0.215946750,1,1,1,0
0.215946875,1,1,1,1
0.215950875,1,1,1,0
0.215951000,1,1,1,1
0.216006875,1,1,1,0
0.216007000,1,1,1,1
0.216007125,1,1,1,0
0.216007250,1,1,1,1
0.216010875,1,1,1,0
0.216011000,1,1,1,1
0.216011125,1,1,1,0
0.216011250,1,1,1,1
0.216011500,1,1,1,0
0.216011625,1,1,1,1
0.216070375,1,1,1,0
0.216070625,1,1,1,1
0.216130000,1,1,1,0
0.216130125,1,1,1,1
0.216130375,1,1,1,0
0.216130500,1,1,1,1
0.216185625,1,1,1,0
0.216185750,1,1,1,1
0.216185875,1,1,1,0
0.216186000,1,1,1,1
0.216190000,1,1,1,0
0.216190125,1,1,1,1
0.216190250,1,1,1,0
0.216190375,1,1,1,1
0.216248875,1,1,1,0
0.216249000,1,1,1,1
0.216303125,1,1,1,0
0.216303250,1,1,1,1
0.216303375,1,1,1,0
0.216303500,1,1,1,1
0.216307125,1,1,1,0
0.216307250,1,1,1,1
0.216307750,1,1,1,0
0.216307875,1,1,1,1
0.216363875,1,1,1,0
0.216364000,1,1,1,1
0.216364125,1,1,1,0
0.216364250,1,1,1,1
0.216416000,1,1,1,0
0.216416125,1,1,1,1
0.216416250,1,1,1,0
0.216416375,1,1,1,1
0.216419875,1,1,1,0
0.216420125,1,1,1,1
0.216420625,1,1,1,0
0.216420750,1,1,1,1
0.216472750,1,1,1,0
0.216472875,1,1,1,1
0.216476375,1,1,1,0
0.216476500,1,1,1,1
0.216476750,1,1,1,0
0.216476875,1,1,1,1
0.216529000,1,1,1,0
0.216529125,1,1,1,1
0.216529250,1,1,1,0
0.216529375,1,1,1,1
0.216532875,1,1,1,0
0.216533000,1,1,1,1
0.216590000,1,1,1,0
0.216590125,1,1,1,1
0.216590250,1,1,1,0
0.216590375,1,1,1,1
0.216590625,1,1,1,0
0.216590750,1,1,1,1
0.216638625,1,1,1,0
0.216638750,1,1,1,1
0.216638875,1,1,1,0
0.216639000,1,1,1,1
0.216642500,1,1,1,0
0.216642625,1,1,1,1
0.216695875,1,1,1,0
0.216696000,1,1,1,1
0.216696125,1,1,1,0
0.216696250,1,1,1,1
0.216699750,1,1,1,0
0.216699875,1,1,1,1
0.216757875,1,1,1,0
0.216758000,1,1,1,1
0.216758500,1,1,1,0
0.216758625,1,1,1,1
0.216810375,1,1,1,0
0.216810500,1,1,1,1
0.216814250,1,1,1,0
0.216814500,1,1,1,1
0.216867500,1,1,1,0
0.216867625,1,1,1,1
0.216867750,1,1,1,0
0.216867875,1,1,1,1
0.216871375,1,1,1,0
0.216871500,1,1,1,1
0.216871750,1,1,1,0
0.216871875,1,1,1,1
0.216924000,1,1,1,0
0.216924125,1,1,1,1
0.216924250,1,1,1,0
0.216924375,1,1,1,1
0.216928250,1,1,1,0
0.216928375,1,1,1,1
0.216928500,1,1,1,0
0.216928625,1,1,1,1
0.216984875,1,1,1,0
0.216985125,1,1,1,1
0.217037375,1,1,1,0
0.217037500,1,1,1,1
0.217037625,1,1,1,0
0.217037750,1,1,1,1
0.217041250,1,1,1,0
0.217041375,1,1,1,1
0.217041625,1,1,1,0
0.217041750,1,1,1,1
0.217093875,1,1,1,0
0.217094000,1,1,1,1
0.217094125,1,1,1,0
0.217094250,1,1,1,1
0.217097750,1,1,1,0
0.217097875,1,1,1,1
0.217098375,1,1,1,0
0.217098500,1,1,1,1
0.217150875,1,1,1,0
0.217151000,1,1,1,1
0.217151125,1,1,1,0
0.217151250,1,1,1,1
0.217155125,1,1,1,0
0.217155250,1,1,1,1
0.217155375,1,1,1,0
0.217155500,1,1,1,1
0.217210750,1,1,1,0
0.217211000,1,1,1,1
0.217263250,1,1,1,0
0.217263500,1,1,1,1
0.217316875,1,1,1,0
0.217317000,1,1,1,1
0.217317125,1,1,1,0
0.217317250,1,1,1,1
0.217320750,1,1,1,0
0.217320875,1,1,1,1
0.217321375,1,1,1,0
0.217321500,1,1,1,1
0.217375125,1,1,1,0
0.217375250,1,1,1,1
0.217375375,1,1,1,0
0.217375500,1,1,1,1
0.217379000,1,1,1,0
0.217379125,1,1,1,1
0.217379625,1,1,1,0
0.217379750,1,1,1,1
0.217437625,1,1,1,0
0.217437750,1,1,1,1
0.217437875,1,1,1,0
0.217438000,1,1,1,1
0.217495375,1,1,1,0
0.217495625,1,1,1,1
0.217553375,1,1,1,0
0.217553500,1,1,1,1
0.217606500,1,1,1,0
0.217606625,1,1,1,1
0.217606750,1,1,1,0
0.217606875,1,1,1,1
0.217610375,1,1,1,0
0.217610500,1,1,1,1
0.217610625,1,1,1,0
0.217610750,1,1,1,1
0.217611000,1,1,1,0
0.217611125,1,1,1,1
0.217662875,1,1,1,0
0.217663000,1,1,1,1
0.217663125,1,1,1,0
0.217663250,1,1,1,1
0.217666625,1,1,1,0
0.217666875,1,1,1,1
0.217725000,1,1,1,0
0.217725125,1,1,1,1
0.217782375,1,1,1,0
0.217782500,1,1,1,1
0.217782625,1,1,1,0
0.217782750,1,1,1,1
0.217837125,1,1,1,0
0.217837250,1,1,1,1
0.217837375,1,1,1,0
0.217837500,1,1,1,1
0.217840875,1,1,1,0
0.217841125,1,1,1,1
0.217895250,1,1,1,0
0.217895375,1,1,1,1
0.217895500,1,1,1,0
0.217895625,1,1,1,1
0.217899125,1,1,1,0
0.217899250,1,1,1,1
0.217899750,1,1,1,0
0.217899875,1,1,1,1
0.217958000,1,1,1,0
0.217958125,1,1,1,1
0.218012375,1,1,1,0
0.218012500,1,1,1,1
0.218012625,1,1,1,0
0.218012750,1,1,1,1
0.218016125,1,1,1,0
0.218016375,1,1,1,1
0.218070750,1,1,1,0
0.218070875,1,1,1,1
0.218074625,1,1,1,0
0.218074750,1,1,1,1
0.218074875,1,1,1,0
0.218075000,1,1,1,1
0.218075250,1,1,1,0
0.218075375,1,1,1,1
0.218133875,1,1,1,0
0.218134000,1,1,1,1
0.218246375,1,1,1,0
0.218246500,1,1,1,1
0.218250125,1,1,1,0
0.218250250,1,1,1,1
0.218309250,1,1,1,0
0.218309375,1,1,1,1
0.218368500,1,1,1,0
0.218368625,1,1,1,1
0.218422375,1,1,1,0
0.218422500,1,1,1,1
0.218426125,1,1,1,0
0.218426250,1,1,1,1
0.218479750,1,1,1,0
0.218479875,1,1,1,1
0.218480000,1,1,1,0
0.218480125,1,1,1,1
0.218483500,1,1,1,0
0.218483750,1,1,1,1
0.218722250,1,1,1,0
0.218722375,1,1,1,1
0.224508500,1,1,1,0
0.224508625,1,1,1,1
0.224562375,1,1,1,0
0.224562500,1,1,1,1
0.224857125,1,1,1,0
0.224857250,1,1,1,1
0.224916625,1,1,1,0
0.224916750,1,1,1,1
0.224976000,1,1,1,0
0.224976125,1,1,1,1
0.225446875,1,1,1,0
0.225447125,1,1,1,1
0.225567125,1,1,1,0
0.225567375,1,1,1,1
0.225626500,1,1,1,0
0.225626750,1,1,1,1
0.225806750,1,1,1,0
0.225806875,1,1,1,1
0.225867375,1,1,1,0
0.225867500,1,1,1,1
0.225928625,1,1,1,0
0.225928750,1,1,1,1
0.225929250,1,1,1,0
0.225929375,1,1,1,1
0.225984125,1,1,1,0
0.225984250,1,1,1,1
0.225988125,1,1,1,0
0.225988250,1,1,1,1
0.225988500,1,1,1,0
0.225988625,1,1,1,1
0.226044500,1,1,1,0
0.226044625,1,1,1,1
0.226044750,1,1,1,0
0.226044875,1,1,1,1
0.226049125,1,1,1,0
0.226049250,1,1,1,1
0.226108750,1,1,1,0
0.226109000,1,1,1,1
0.226169000,1,1,1,0
0.226169125,1,1,1,1
0.226169375,1,1,1,0
0.226169500,1,1,1,1
0.226224625,1,1,1,0
0.226224750,1,1,1,1
0.226224875,1,1,1,0
0.226225000,1,1,1,1
0.226228625,1,1,1,0
0.226228750,1,1,1,1
0.226229250,1,1,1,0
0.226229375,1,1,1,1
0.226289375,1,1,1,0
0.226289500,1,1,1,1
0.226345625,1,1,1,0
0.226345750,1,1,1,1
0.226349625,1,1,1,0
0.226349750,1,1,1,1
0.226349875,1,1,1,0
0.226350000,1,1,1,1
0.226350250,1,1,1,0
0.226350375,1,1,1,1
0.226406750,1,1,1,0
0.226406875,1,1,1,1
0.226407000,1,1,1,0
0.226407125,1,1,1,1
0.226410625,1,1,1,0
0.226410875,1,1,1,1
0.226411375,1,1,1,0
0.226411500,1,1,1,1
0.226470625,1,1,1,0
0.226470750,1,1,1,1
0.226470875,1,1,1,0
0.226471000,1,1,1,1
0.226531000,1,1,1,0
0.226531125,1,1,1,1
0.226591250,1,1,1,0
0.226591375,1,1,1,1
0.226591875,1,1,1,0
0.226592000,1,1,1,1
0.226648375,1,1,1,0
0.226648500,1,1,1,1
0.226648625,1,1,1,0
0.226648750,1,1,1,1
0.226652250,1,1,1,0
0.226652500,1,1,1,1
0.226712750,1,1,1,0
0.226712875,1,1,1,1
0.226713000,1,1,1,0
0.226713125,1,1,1,1
0.226771625,1,1,1,0
0.226771750,1,1,1,1
0.226771875,1,1,1,0
0.226772000,1,1,1,1
0.226772250,1,1,1,0
0.226772375,1,1,1,1
0.226831625,1,1,1,0
0.226831875,1,1,1,1
0.226891125,1,1,1,0
0.226891375,1,1,1,1
0.226948375,1,1,1,0
0.226948500,1,1,1,1
0.226948625,1,1,1,0
0.226948750,1,1,1,1
0.226952250,1,1,1,0
0.226952375,1,1,1,1
0.226952500,1,1,1,0
0.226952625,1,1,1,1
0.226952875,1,1,1,0
0.226953000,1,1,1,1
0.227012375,1,1,1,0
0.227012500,1,1,1,1
0.227013000,1,1,1,0
0.227013125,1,1,1,1
0.227068500,1,1,1,0
0.227068625,1,1,1,1
0.227068750,1,1,1,0
0.227068875,1,1,1,1
0.227072750,1,1,1,0
0.227072875,1,1,1,1
0.227073000,1,1,1,0
0.227073125,1,1,1,1
0.227131750,1,1,1,0
0.227131875,1,1,1,1
0.227192750,1,1,1,0
0.227192875,1,1,1,1
0.227193125,1,1,1,0
0.227193250,1,1,1,1
0.227249125,1,1,1,0
0.227249250,1,1,1,1
0.227249375,1,1,1,0
0.227249500,1,1,1,1
0.227253000,1,1,1,0
0.227253125,1,1,1,1
0.227253250,1,1,1,0
0.227253375,1,1,1,1
0.227253625,1,1,1,0
0.227253750,1,1,1,1
0.227313875,1,1,1,0
0.227314000,1,1,1,1
0.227314250,1,1,1,0
0.227314375,1,1,1,1
0.227375125,1,1,1,0
0.227375250,1,1,1,1
0.227432500,1,1,1,0
0.227432625,1,1,1,1
0.227432750,1,1,1,0
0.227432875,1,1,1,1
0.227436375,1,1,1,0
0.227436500,1,1,1,1
0.227436625,1,1,1,0
0.227436750,1,1,1,1
0.227437000,1,1,1,0
0.227437125,1,1,1,1
0.227493500,1,1,1,0
0.227493625,1,1,1,1
0.227493750,1,1,1,0
0.227493875,1,1,1,1
0.227497375,1,1,1,0
0.227497500,1,1,1,1
0.227498000,1,1,1,0
0.227498125,1,1,1,1
0.227552875,1,1,1,0
0.227553000,1,1,1,1
0.227553125,1,1,1,0
0.227553250,1,1,1,1
0.227556750,1,1,1,0
0.227556875,1,1,1,1
0.227557000,1,1,1,0
0.227557125,1,1,1,1
0.227557375,1,1,1,0
0.227557500,1,1,1,1
0.227613125,1,1,1,0
0.227613250,1,1,1,1
0.227613375,1,1,1,0
0.227613500,1,1,1,1
0.227617000,1,1,1,0
0.227617125,1,1,1,1
0.227617625,1,1,1,0
0.227617750,1,1,1,1
0.227677750,1,1,1,0
0.227677875,1,1,1,1
0.227738750,1,1,1,0
0.227738875,1,1,1,1
0.227798750,1,1,1,0
0.227798875,1,1,1,1
0.227853750,1,1,1,0
0.227853875,1,1,1,1
0.227854000,1,1,1,0
0.227854125,1,1,1,1
0.227857625,1,1,1,0
0.227857750,1,1,1,1
0.227858250,1,1,1,0
0.227858375,1,1,1,1
0.227914125,1,1,1,0
0.227914250,1,1,1,1
0.227914375,1,1,1,0
0.227914500,1,1,1,1
0.227917875,1,1,1,0
0.227918125,1,1,1,1
0.227918625,1,1,1,0
0.227918750,1,1,1,1
0.227975250,1,1,1,0
0.227975375,1,1,1,1
0.227979125,1,1,1,0
0.227979250,1,1,1,1
0.227979375,1,1,1,0
0.227979500,1,1,1,1
0.227979750,1,1,1,0
0.227979875,1,1,1,1
0.228040500,1,1,1,0
0.228040625,1,1,1,1
0.228096500,1,1,1,0
0.228096625,1,1,1,1
0.228096750,1,1,1,0
0.228096875,1,1,1,1
0.228100375,1,1,1,0
0.228100500,1,1,1,1
0.228101000,1,1,1,0
0.228101125,1,1,1,1
0.228160750,1,1,1,0
0.228160875,1,1,1,1
0.228218000,1,1,1,0
0.228218125,1,1,1,1
0.228221875,1,1,1,0
0.228222000,1,1,1,1
0.228282375,1,1,1,0
0.228282500,1,1,1,1
0.228342625,1,1,1,0
0.228342750,1,1,1,1
0.228402750,1,1,1,0
0.228402875,1,1,1,1
0.228462750,1,1,1,0
0.228462875,1,1,1,1
0.228521000,1,1,1,0
0.228521125,1,1,1,1
0.228577875,1,1,1,0
0.228578125,1,1,1,1
0.228636125,1,1,1,0
0.228636250,1,1,1,1
0.233945625,1,1,1,0
0.233945750,1,1,1,1
0.234005875,1,1,1,0
0.234006250,1,1,1,1
0.234066500,1,1,1,0
0.234066625,1,1,1,1
0.234127750,1,1,1,0
0.234127875,1,1,1,1
0.234249250,1,1,1,0
0.234249500,1,1,1,1
0.234309500,1,1,1,0
0.234309750,1,1,1,1
0.234369000,1,1,1,0
0.234369250,1,1,1,1
0.234613375,1,1,1,0
0.234613625,1,1,1,1
0.235396125,1,1,1,0
0.235396250,1,1,1,1
0.235518000,1,1,1,0
0.235518250,1,1,1,1
0.235578625,1,1,1,0
0.235578750,1,1,1,1
0.235635875,1,1,1,0
0.235636000,1,1,1,1
0.235639875,1,1,1,0
0.235640000,1,1,1,1
0.235640125,1,1,1,0
0.235640250,1,1,1,1
0.235699375,1,1,1,0
0.235699500,1,1,1,1
0.235755750,1,1,1,0
0.235755875,1,1,1,1
0.235759750,1,1,1,0
0.235759875,1,1,1,1
0.235820000,1,1,1,0
0.235820125,1,1,1,1
0.235880000,1,1,1,0
0.235880250,1,1,1,1
0.235940250,1,1,1,0
0.235940500,1,1,1,1
0.235996500,1,1,1,0
0.235996625,1,1,1,1
0.235996750,1,1,1,0
0.235996875,1,1,1,1
0.236000500,1,1,1,0
0.236000625,1,1,1,1
0.236000750,1,1,1,0
0.236000875,1,1,1,1
0.236001125,1,1,1,0
0.236001250,1,1,1,1
0.236060000,1,1,1,0
0.236060250,1,1,1,1
0.236117250,1,1,1,0
0.236117375,1,1,1,1
0.236117500,1,1,1,0
0.236117625,1,1,1,1
0.236121125,1,1,1,0
0.236121375,1,1,1,1
0.236121875,1,1,1,0
0.236122000,1,1,1,1
0.236177625,1,1,1,0
0.236177750,1,1,1,1
0.236177875,1,1,1,0
0.236178000,1,1,1,1
0.236181625,1,1,1,0
0.236181750,1,1,1,1
0.236182250,1,1,1,0
0.236182375,1,1,1,1
0.236238875,1,1,1,0
0.236239000,1,1,1,1
0.236239125,1,1,1,0
0.236239250,1,1,1,1
0.236242750,1,1,1,0
0.236243000,1,1,1,1
0.236304500,1,1,1,0
0.236304625,1,1,1,1
0.236304750,1,1,1,0
0.236304875,1,1,1,1
0.236365500,1,1,1,0
0.236365625,1,1,1,1
0.236365750,1,1,1,0
0.236365875,1,1,1,1
0.236366125,1,1,1,0
0.236366250,1,1,1,1
0.236427000,1,1,1,0
0.236427125,1,1,1,1
0.236488750,1,1,1,0
0.236488875,1,1,1,1
0.236545750,1,1,1,0
0.236545875,1,1,1,1
0.236549750,1,1,1,0
0.236549875,1,1,1,1
0.236550375,1,1,1,0
0.236550500,1,1,1,1
0.236607000,1,1,1,0
0.236607125,1,1,1,1
0.236607250,1,1,1,0
0.236607375,1,1,1,1
0.236610875,1,1,1,0
0.236611000,1,1,1,1
0.236671375,1,1,1,0
0.236671625,1,1,1,1
0.236672125,1,1,1,0
0.236672250,1,1,1,1
0.236732875,1,1,1,0
0.236733000,1,1,1,1
0.236733125,1,1,1,0
0.236733250,1,1,1,1
0.236788125,1,1,1,0
0.236788250,1,1,1,1
0.236788375,1,1,1,0
0.236788500,1,1,1,1
0.236792000,1,1,1,0
0.236792125,1,1,1,1
0.236852625,1,1,1,0
0.236852750,1,1,1,1
0.236853250,1,1,1,0
0.236853375,1,1,1,1
0.236913875,1,1,1,0
0.236914000,1,1,1,1
0.236914125,1,1,1,0
0.236914250,1,1,1,1
0.236914500,1,1,1,0
0.236914625,1,1,1,1
0.236975000,1,1,1,0
0.236975125,1,1,1,1
0.237031625,1,1,1,0
0.237031750,1,1,1,1
0.237035500,1,1,1,0
0.237035625,1,1,1,1
0.237035875,1,1,1,0
0.237036000,1,1,1,1
0.237096500,1,1,1,0
0.237096750,1,1,1,1
0.237152750,1,1,1,0
0.237152875,1,1,1,1
0.237153000,1,1,1,0
0.237153125,1,1,1,1
0.237156625,1,1,1,0
0.237156750,1,1,1,1
0.237156875,1,1,1,0
0.237157000,1,1,1,1
0.237157250,1,1,1,0
0.237157375,1,1,1,1
0.237215875,1,1,1,0
0.237216000,1,1,1,1
0.237216500,1,1,1,0
0.237216625,1,1,1,1
0.237272250,1,1,1,0
0.237272375,1,1,1,1
0.237272500,1,1,1,0
0.237272625,1,1,1,1
0.237276125,1,1,1,0
0.237276250,1,1,1,1
0.237276375,1,1,1,0
0.237276500,1,1,1,1
0.237276750,1,1,1,0
0.237276875,1,1,1,1
0.237333250,1,1,1,0
0.237333375,1,1,1,1
0.237333500,1,1,1,0
0.237333625,1,1,1,1
0.237337500,1,1,1,0
0.237337625,1,1,1,1
0.237337750,1,1,1,0
0.237337875,1,1,1,1
0.237397250,1,1,1,0
0.237397375,1,1,1,1
0.237457500,1,1,1,0
0.237457750,1,1,1,1
0.237518500,1,1,1,0
0.237518750,1,1,1,1
0.237574750,1,1,1,0
0.237574875,1,1,1,1
0.237575000,1,1,1,0
0.237575125,1,1,1,1
0.237578625,1,1,1,0
0.237578750,1,1,1,1
0.237579250,1,1,1,0
0.237579375,1,1,1,1
0.237634125,1,1,1,0
0.237634250,1,1,1,1
0.237634375,1,1,1,0
0.237634500,1,1,1,1
0.237638000,1,1,1,0
0.237638125,1,1,1,1
0.237638250,1,1,1,0
0.237638375,1,1,1,1
0.237638625,1,1,1,0
0.237638750,1,1,1,1
0.237694625,1,1,1,0
0.237694750,1,1,1,1
0.237694875,1,1,1,0
0.237695000,1,1,1,1
0.237698375,1,1,1,0
0.237698625,1,1,1,1
0.237759625,1,1,1,0
0.237759750,1,1,1,1
0.237820750,1,1,1,0
0.237820875,1,1,1,1
0.237821125,1,1,1,0
0.237821250,1,1,1,1
0.237877375,1,1,1,0
0.237877500,1,1,1,1
0.237877625,1,1,1,0
0.237877750,1,1,1,1
0.237881125,1,1,1,0
0.237881375,1,1,1,1
0.237942125,1,1,1,0
0.237942250,1,1,1,1
0.237942500,1,1,1,0
0.237942625,1,1,1,1
0.237997750,1,1,1,0
0.237997875,1,1,1,1
0.237998000,1,1,1,0
0.237998125,1,1,1,1
0.238001625,1,1,1,0
0.238001750,1,1,1,1
0.238001875,1,1,1,0
0.238002000,1,1,1,1
0.238002250,1,1,1,0
0.238002375,1,1,1,1
0.238058125,1,1,1,0
0.238058250,1,1,1,1
0.238058375,1,1,1,0
0.238058500,1,1,1,1
0.238061875,1,1,1,0
0.238062125,1,1,1,1
0.238119125,1,1,1,0
0.238119250,1,1,1,1
0.238119375,1,1,1,0
0.238119500,1,1,1,1
0.238122875,1,1,1,0
0.238123125,1,1,1,1
0.238179125,1,1,1,0
0.238179250,1,1,1,1
0.238179375,1,1,1,0
0.238179500,1,1,1,1
0.238182875,1,1,1,0
0.238183125,1,1,1,1
0.238238375,1,1,1,0
0.238238500,1,1,1,1
0.238242250,1,1,1,0
0.238242375,1,1,1,1
0.238302750,1,1,1,0
0.238302875,1,1,1,1
0.238423875,1,1,1,0
0.238424000,1,1,1,1
0.238480000,1,1,1,0
0.238480125,1,1,1,1
0.238605625,1,1,1,0
0.238605750,1,1,1,1
0.238666375,1,1,1,0
0.238666500,1,1,1,1
0.238726000,1,1,1,0
0.238726125,1,1,1,1
0.244470000,1,1,1,0
0.244470125,1,1,1,1
0.244530125,1,1,1,0
0.244530250,1,1,1,1
0.245072750,1,1,1,0
0.245072875,1,1,1,1
0.245133375,1,1,1,0
0.245133500,1,1,1,1
0.245610875,1,1,1,0
0.245611000,1,1,1,1
0.245614875,1,1,1,0
0.245615125,1,1,1,1
0.245672250,1,1,1,0
0.245672375,1,1,1,1
0.245676250,1,1,1,0
0.245676375,1,1,1,1
0.245732875,1,1,1,0
0.245733000,1,1,1,1
0.245854625,1,1,1,0
0.245854750,1,1,1,1
0.245859000,1,1,1,0
0.245859125,1,1,1,1
0.245915000,1,1,1,0
0.245915125,1,1,1,1
0.245915250,1,1,1,0
0.245915375,1,1,1,1
0.245919375,1,1,1,0
0.245919500,1,1,1,1
0.245975250,1,1,1,0
0.245975375,1,1,1,1
0.245975500,1,1,1,0
0.245975625,1,1,1,1
0.245979625,1,1,1,0
0.245979750,1,1,1,1
0.245979875,1,1,1,0
0.245980000,1,1,1,1
0.246034750,1,1,1,0
0.246034875,1,1,1,1
0.246035000,1,1,1,0
0.246035125,1,1,1,1
0.246039125,1,1,1,0
0.246039250,1,1,1,1
0.246095125,1,1,1,0
0.246095250,1,1,1,1
0.246095375,1,1,1,0
0.246095500,1,1,1,1
0.246099500,1,1,1,0
0.246099625,1,1,1,1
0.246099750,1,1,1,0
0.246099875,1,1,1,1
0.246155500,1,1,1,0
0.246155625,1,1,1,1
0.246159875,1,1,1,0
0.246160000,1,1,1,1
0.246160125,1,1,1,0
0.246160250,1,1,1,1
0.246220000,1,1,1,0
0.246220250,1,1,1,1
0.246280625,1,1,1,0
0.246280750,1,1,1,1
0.246281000,1,1,1,0
0.246281125,1,1,1,1
0.246341750,1,1,1,0
0.246341875,1,1,1,1
0.246342375,1,1,1,0
0.246342500,1,1,1,1
0.246397375,1,1,1,0
0.246397500,1,1,1,1
0.246397625,1,1,1,0
0.246397750,1,1,1,1
0.246401375,1,1,1,0
0.246401500,1,1,1,1
0.246402000,1,1,1,0
0.246402125,1,1,1,1
0.246461875,1,1,1,0
0.246462000,1,1,1,1
0.246462125,1,1,1,0
0.246462250,1,1,1,1
0.246462500,1,1,1,0
0.246462625,1,1,1,1
0.246523000,1,1,1,0
0.246523125,1,1,1,1
0.246523625,1,1,1,0
0.246523750,1,1,1,1
0.246579375,1,1,1,0
0.246579500,1,1,1,1
0.246579625,1,1,1,0
0.246579750,1,1,1,1
0.246583250,1,1,1,0
0.246583500,1,1,1,1
0.246644750,1,1,1,0
0.246644875,1,1,1,1
0.246645000,1,1,1,0
0.246645125,1,1,1,1
0.246704500,1,1,1,0
0.246704625,1,1,1,1
0.246704750,1,1,1,0
0.246704875,1,1,1,1
0.246705125,1,1,1,0
0.246705250,1,1,1,1
0.246760125,1,1,1,0
0.246760250,1,1,1,1
0.246760375,1,1,1,0
0.246760500,1,1,1,1
0.246764375,1,1,1,0
0.246764500,1,1,1,1
0.246821250,1,1,1,0
0.246821375,1,1,1,1
0.246821500,1,1,1,0
0.246821625,1,1,1,1
0.246825500,1,1,1,0
0.246825625,1,1,1,1
0.246881750,1,1,1,0
0.246881875,1,1,1,1
0.246882000,1,1,1,0
0.246882125,1,1,1,1
0.246886000,1,1,1,0
0.246886125,1,1,1,1
0.246886250,1,1,1,0
0.246886375,1,1,1,1
0.246946875,1,1,1,0
0.246947125,1,1,1,1
0.247008375,1,1,1,0
0.247008625,1,1,1,1
0.247069750,1,1,1,0
0.247070000,1,1,1,1
0.247070500,1,1,1,0
0.247070625,1,1,1,1
0.247131000,1,1,1,0
0.247131125,1,1,1,1
0.247191500,1,1,1,0
0.247191750,1,1,1,1
0.247249000,1,1,1,0
0.247249125,1,1,1,1
0.247252625,1,1,1,0
0.247252750,1,1,1,1
0.247253250,1,1,1,0
0.247253375,1,1,1,1
0.247312000,1,1,1,0
0.247312125,1,1,1,1
0.247372375,1,1,1,0
0.247372500,1,1,1,1
0.247372750,1,1,1,0
0.247372875,1,1,1,1
0.247433375,1,1,1,0
0.247433500,1,1,1,1
0.247433750,1,1,1,0
0.247433875,1,1,1,1
0.247493375,1,1,1,0
0.247493500,1,1,1,1
0.247493750,1,1,1,0
0.247493875,1,1,1,1
0.247553000,1,1,1,0
0.247553125,1,1,1,1
0.247609250,1,1,1,0
0.247609375,1,1,1,1
0.247609500,1,1,1,0
0.247609625,1,1,1,1
0.247613000,1,1,1,0
0.247613250,1,1,1,1
0.247674625,1,1,1,0
0.247674750,1,1,1,1
0.247731625,1,1,1,0
0.247731750,1,1,1,1
0.247735500,1,1,1,0
0.247735625,1,1,1,1
0.247736125,1,1,1,0
0.247736250,1,1,1,1
0.247797000,1,1,1,0
0.247797125,1,1,1,1
0.247797250,1,1,1,0
0.247797375,1,1,1,1
0.247853250,1,1,1,0
0.247853375,1,1,1,1
0.247853500,1,1,1,0
0.247853625,1,1,1,1
0.247857000,1,1,1,0
0.247857125,1,1,1,1
0.247918000,1,1,1,0
0.247918125,1,1,1,1
0.247918375,1,1,1,0
0.247918500,1,1,1,1
0.247973625,1,1,1,0
0.247973750,1,1,1,1
0.247973875,1,1,1,0
0.247974000,1,1,1,1
0.247977500,1,1,1,0
0.247977625,1,1,1,1
0.247978125,1,1,1,0
0.247978250,1,1,1,1
0.248033875,1,1,1,0
0.248034000,1,1,1,1
0.248034125,1,1,1,0
0.248034250,1,1,1,1
0.248037750,1,1,1,0
0.248037875,1,1,1,1
0.248038375,1,1,1,0
0.248038500,1,1,1,1
0.248098125,1,1,1,0
0.248098250,1,1,1,1
0.248155375,1,1,1,0
0.248155500,1,1,1,1
0.248159250,1,1,1,0
0.248159375,1,1,1,1
0.248219750,1,1,1,0
0.248219875,1,1,1,1
0.248280000,1,1,1,0
0.248280125,1,1,1,1
0.248336250,1,1,1,0
0.248336375,1,1,1,1
0.248340000,1,1,1,0
0.248340250,1,1,1,1
0.248457500,1,1,1,0
0.248457625,1,1,1,1
0.248461250,1,1,1,0
0.248461375,1,1,1,1
0.248521500,1,1,1,0
0.248521750,1,1,1,1
0.248702500,1,1,1,0
0.248702625,1,1,1,1
0.248762625,1,1,1,0
0.248762750,1,1,1,1
0.253849250,1,1,1,0
0.253849375,1,1,1,1
0.253911375,1,1,1,0
0.253911625,1,1,1,1
0.254653875,1,1,1,0
0.254654125,1,1,1,1
0.254776625,1,1,1,0
0.254776875,1,1,1,1
0.255023125,1,1,1,0
0.255023250,1,1,1,1
0.255084750,1,1,1,0
0.255084875,1,1,1,1
0.255328875,1,1,1,0
0.255329125,1,1,1,1
0.255450250,1,1,1,0
0.255450500,1,1,1,1
0.255509875,1,1,1,0
0.255510125,1,1,1,1
0.255627500,1,1,1,0
0.255627625,1,1,1,1
0.255631875,1,1,1,0
0.255632000,1,1,1,1
0.255692750,1,1,1,0
0.255692875,1,1,1,1
0.255754000,1,1,1,0
0.255754125,1,1,1,1
0.255754625,1,1,1,0
0.255754750,1,1,1,1
0.255810250,1,1,1,0
0.255810375,1,1,1,1
0.255810500,1,1,1,0
0.255810625,1,1,1,1
0.255814250,1,1,1,0
0.255814375,1,1,1,1
0.255814875,1,1,1,0
0.255815000,1,1,1,1
0.255874500,1,1,1,0
0.255874750,1,1,1,1
0.255935125,1,1,1,0
0.255935250,1,1,1,1
0.255992625,1,1,1,0
0.255992750,1,1,1,1
0.255992875,1,1,1,0
0.255993000,1,1,1,1
0.255996625,1,1,1,0
0.255996750,1,1,1,1
0.255997250,1,1,1,0
0.255997375,1,1,1,1
0.256054125,1,1,1,0
0.256054250,1,1,1,1
0.256054375,1,1,1,0
0.256054500,1,1,1,1
0.256058500,1,1,1,0
0.256058625,1,1,1,1
0.256058750,1,1,1,0
0.256058875,1,1,1,1
0.256119500,1,1,1,0
0.256119625,1,1,1,1
0.256181125,1,1,1,0
0.256181250,1,1,1,1
0.256237125,1,1,1,0
0.256237250,1,1,1,1
0.256237375,1,1,1,0
0.256237500,1,1,1,1
0.256241125,1,1,1,0
0.256241250,1,1,1,1
0.256241375,1,1,1,0
0.256241500,1,1,1,1
0.256241750,1,1,1,0
0.256241875,1,1,1,1
0.256297500,1,1,1,0
0.256297625,1,1,1,1
0.256297750,1,1,1,0
0.256297875,1,1,1,1
0.256301375,1,1,1,0
0.256301625,1,1,1,1
0.256357875,1,1,1,0
0.256358000,1,1,1,1
0.256361875,1,1,1,0
0.256362000,1,1,1,1
0.256362125,1,1,1,0
0.256362250,1,1,1,1
0.256362500,1,1,1,0
0.256362625,1,1,1,1
0.256418500,1,1,1,0
0.256418625,1,1,1,1
0.256418750,1,1,1,0
0.256418875,1,1,1,1
0.256422375,1,1,1,0
0.256422500,1,1,1,1
0.256479625,1,1,1,0
0.256479750,1,1,1,1
0.256479875,1,1,1,0
0.256480000,1,1,1,1
0.256483500,1,1,1,0
0.256483625,1,1,1,1
0.256483875,1,1,1,0
0.256484000,1,1,1,1
0.256544250,1,1,1,0
0.256544375,1,1,1,1
0.256598875,1,1,1,0
0.256599000,1,1,1,1
0.256599125,1,1,1,0
0.256599250,1,1,1,1
0.256602750,1,1,1,0
0.256602875,1,1,1,1
0.256658875,1,1,1,0
0.256659000,1,1,1,1
0.256659125,1,1,1,0
0.256659250,1,1,1,1
0.256662750,1,1,1,0
0.256662875,1,1,1,1
0.256663125,1,1,1,0
0.256663250,1,1,1,1
0.256723250,1,1,1,0
0.256723500,1,1,1,1
0.256724000,1,1,1,0
0.256724125,1,1,1,1
0.256784625,1,1,1,0
0.256784750,1,1,1,1
0.256784875,1,1,1,0
0.256785000,1,1,1,1
0.256785250,1,1,1,0
0.256785375,1,1,1,1
0.256842250,1,1,1,0
0.256842375,1,1,1,1
0.256845875,1,1,1,0
0.256846000,1,1,1,1
0.256846125,1,1,1,0
0.256846250,1,1,1,1
0.256846500,1,1,1,0
0.256846625,1,1,1,1
0.256903000,1,1,1,0
0.256903125,1,1,1,1
0.256903250,1,1,1,0
0.256903375,1,1,1,1
0.256906875,1,1,1,0
0.256907000,1,1,1,1
0.256907250,1,1,1,0
0.256907375,1,1,1,1
0.256962500,1,1,1,0
0.256962625,1,1,1,1
0.256962750,1,1,1,0
0.256962875,1,1,1,1
0.256966375,1,1,1,0
0.256966500,1,1,1,1
0.256967000,1,1,1,0
0.256967125,1,1,1,1
0.257022750,1,1,1,0
0.257022875,1,1,1,1
0.257023000,1,1,1,0
0.257023125,1,1,1,1
0.257027250,1,1,1,0
0.257027375,1,1,1,1
0.257083125,1,1,1,0
0.257083250,1,1,1,1
0.257083375,1,1,1,0
0.257083500,1,1,1,1
0.257087375,1,1,1,0
0.257087500,1,1,1,1
0.257087625,1,1,1,0
0.257087750,1,1,1,1
0.257147875,1,1,1,0
0.257148125,1,1,1,1
0.257148625,1,1,1,0
0.257148750,1,1,1,1
0.257205125,1,1,1,0
0.257205250,1,1,1,1
0.257205375,1,1,1,0
0.257205500,1,1,1,1
0.257209000,1,1,1,0
0.257209125,1,1,1,1
0.257209250,1,1,1,0
0.257209375,1,1,1,1
0.257209625,1,1,1,0
0.257209750,1,1,1,1
0.257264875,1,1,1,0
0.257265000,1,1,1,1
0.257268375,1,1,1,0
0.257268625,1,1,1,1
0.257269125,1,1,1,0
0.257269250,1,1,1,1
0.257328625,1,1,1,0
0.257328750,1,1,1,1
0.257329000,1,1,1,0
0.257329125,1,1,1,1
0.257385000,1,1,1,0
0.257385125,1,1,1,1
0.257389250,1,1,1,0
0.257389375,1,1,1,1
0.257389500,1,1,1,0
0.257389625,1,1,1,1
0.257445250,1,1,1,0
0.257445375,1,1,1,1
0.257445500,1,1,1,0
0.257445625,1,1,1,1
0.257449125,1,1,1,0
0.257449250,1,1,1,1
0.257449375,1,1,1,0
0.257449500,1,1,1,1
0.257449750,1,1,1,0
0.257449875,1,1,1,1
0.257505625,1,1,1,0
0.257505750,1,1,1,1
0.257505875,1,1,1,0
0.257506000,1,1,1,1
0.257509375,1,1,1,0
0.257509625,1,1,1,1
0.257569875,1,1,1,0
0.257570000,1,1,1,1
0.257570250,1,1,1,0
0.257570375,1,1,1,1
0.257626500,1,1,1,0
0.257626625,1,1,1,1
0.257626750,1,1,1,0
0.257626875,1,1,1,1
0.257630375,1,1,1,0
0.257630500,1,1,1,1
0.257630625,1,1,1,0
0.257630750,1,1,1,1
0.257631000,1,1,1,0
0.257631125,1,1,1,1
0.257691250,1,1,1,0
0.257691375,1,1,1,1
0.257746875,1,1,1,0
0.257747000,1,1,1,1
0.257747125,1,1,1,0
0.257747250,1,1,1,1
0.257750750,1,1,1,0
0.257750875,1,1,1,1
0.257751375,1,1,1,0
0.257751500,1,1,1,1
0.257807000,1,1,1,0
0.257807125,1,1,1,1
0.257810875,1,1,1,0
0.257811000,1,1,1,1
0.257811500,1,1,1,0
0.257811625,1,1,1,1
0.257871000,1,1,1,0
0.257871125,1,1,1,1
0.257927375,1,1,1,0
0.257927500,1,1,1,1
0.257927625,1,1,1,0
0.257927750,1,1,1,1
0.257931250,1,1,1,0
0.257931375,1,1,1,1
0.257931875,1,1,1,0
0.257932000,1,1,1,1
0.257991750,1,1,1,0
0.257991875,1,1,1,1
0.257992000,1,1,1,0
0.257992125,1,1,1,1
0.258047750,1,1,1,0
0.258047875,1,1,1,1
0.258048000,1,1,1,0
0.258048125,1,1,1,1
0.258051500,1,1,1,0
0.258051750,1,1,1,1
0.258108000,1,1,1,0
0.258108125,1,1,1,1
0.258108250,1,1,1,0
0.258108375,1,1,1,1
0.258111875,1,1,1,0
0.258112000,1,1,1,1
0.258168500,1,1,1,0
0.258168625,1,1,1,1
0.258172250,1,1,1,0
0.258172375,1,1,1,1
0.258233250,1,1,1,0
0.258233375,1,1,1,1
0.258293000,1,1,1,0
0.258293125,1,1,1,1
0.258534500,1,1,1,0
0.258534625,1,1,1,1
0.264477125,1,1,1,0
0.264477375,1,1,1,1
0.264904000,1,1,1,0
0.264904125,1,1,1,1
0.264963625,1,1,1,0
0.264963750,1,1,1,1
0.265391625,1,1,1,0
0.265391750,1,1,1,1
0.265450875,1,1,1,0
0.265451000,1,1,1,1
0.265511250,1,1,1,0
0.265511500,1,1,1,1
0.265568625,1,1,1,0
0.265568750,1,1,1,1
0.265572875,1,1,1,0
0.265573000,1,1,1,1
0.265633750,1,1,1,0
0.265633875,1,1,1,1
0.265694000,1,1,1,0
0.265694125,1,1,1,1
0.265753500,1,1,1,0
0.265753625,1,1,1,1
0.265814750,1,1,1,0
0.265814875,1,1,1,1
0.265875125,1,1,1,0
0.265875250,1,1,1,1
0.265875375,1,1,1,0
0.265875500,1,1,1,1
0.265875750,1,1,1,0
0.265875875,1,1,1,1
0.265936250,1,1,1,0
0.265936375,1,1,1,1
0.265992875,1,1,1,0
0.265993000,1,1,1,1
0.265993125,1,1,1,0
0.265993250,1,1,1,1
0.265997250,1,1,1,0
0.265997375,1,1,1,1
0.265997500,1,1,1,0
0.265997625,1,1,1,1
0.266058250,1,1,1,0
0.266058500,1,1,1,1
0.266116000,1,1,1,0
0.266116125,1,1,1,1
0.266116250,1,1,1,0
0.266116375,1,1,1,1
0.266120000,1,1,1,0
0.266120125,1,1,1,1
0.266120625,1,1,1,0
0.266120750,1,1,1,1
0.266178125,1,1,1,0
0.266178250,1,1,1,1
0.266178375,1,1,1,0
0.266178500,1,1,1,1
0.266182125,1,1,1,0
0.266182250,1,1,1,1
0.266182375,1,1,1,0
0.266182500,1,1,1,1
0.266182750,1,1,1,0
0.266182875,1,1,1,1
0.266242500,1,1,1,0
0.266242625,1,1,1,1
0.266242875,1,1,1,0
0.266243000,1,1,1,1
0.266303625,1,1,1,0
0.266303750,1,1,1,1
0.266304000,1,1,1,0
0.266304125,1,1,1,1
0.266359875,1,1,1,0
0.266360000,1,1,1,1
0.266360125,1,1,1,0
0.266360250,1,1,1,1
0.266363750,1,1,1,0
0.266364000,1,1,1,1
0.266420000,1,1,1,0
0.266420125,1,1,1,1
0.266420250,1,1,1,0
0.266420375,1,1,1,1
0.266424000,1,1,1,0
0.266424125,1,1,1,1
0.266424625,1,1,1,0
0.266424750,1,1,1,1
0.266480125,1,1,1,0
0.266480250,1,1,1,1
0.266480375,1,1,1,0
0.266480500,1,1,1,1
0.266484000,1,1,1,0
0.266484125,1,1,1,1
0.266544500,1,1,1,0
0.266544625,1,1,1,1
0.266544750,1,1,1,0
0.266544875,1,1,1,1
0.266604250,1,1,1,0
0.266604375,1,1,1,1
0.266604875,1,1,1,0
0.266605000,1,1,1,1
0.266664875,1,1,1,0
0.266665000,1,1,1,1
0.266665125,1,1,1,0
0.266665250,1,1,1,1
0.266726000,1,1,1,0
0.266726125,1,1,1,1
0.266726250,1,1,1,0
0.266726375,1,1,1,1
0.266726625,1,1,1,0
0.266726750,1,1,1,1
0.266788125,1,1,1,0
0.266788250,1,1,1,1
0.266788375,1,1,1,0
0.266788500,1,1,1,1
0.266788750,1,1,1,0
0.266788875,1,1,1,1
0.266849250,1,1,1,0
0.266849375,1,1,1,1
0.266849500,1,1,1,0
0.266849625,1,1,1,1
0.266849875,1,1,1,0
0.266850000,1,1,1,1
0.266905875,1,1,1,0
0.266906000,1,1,1,1
0.266906125,1,1,1,0
0.266906250,1,1,1,1
0.266909750,1,1,1,0
0.266909875,1,1,1,1
0.266910000,1,1,1,0
0.266910125,1,1,1,1
0.266910375,1,1,1,0
0.266910500,1,1,1,1
0.266967125,1,1,1,0
0.266967250,1,1,1,1
0.266971000,1,1,1,0
0.266971125,1,1,1,1
0.267032375,1,1,1,0
0.267032625,1,1,1,1
0.267089875,1,1,1,0
0.267090000,1,1,1,1
0.267090125,1,1,1,0
0.267090250,1,1,1,1
0.267093750,1,1,1,0
0.267093875,1,1,1,1
0.267094125,1,1,1,0
0.267094250,1,1,1,1
0.267094375,1,1,1,0
0.267094500,1,1,1,1
0.267154875,1,1,1,0
0.267155125,1,1,1,1
0.267155625,1,1,1,0
0.267155750,1,1,1,1
0.267212125,1,1,1,0
0.267212250,1,1,1,1
0.267212375,1,1,1,0
0.267212500,1,1,1,1
0.267216000,1,1,1,0
0.267216125,1,1,1,1
0.267216625,1,1,1,0
0.267216750,1,1,1,1
0.267275375,1,1,1,0
0.267275500,1,1,1,1
0.267331875,1,1,1,0
0.267332000,1,1,1,1
0.267332125,1,1,1,0
0.267332250,1,1,1,1
0.267335750,1,1,1,0
0.267335875,1,1,1,1
0.267336375,1,1,1,0
0.267336500,1,1,1,1
0.267392875,1,1,1,0
0.267393000,1,1,1,1
0.267393125,1,1,1,0
0.267393250,1,1,1,1
0.267396750,1,1,1,0
0.267396875,1,1,1,1
0.267397000,1,1,1,0
0.267397125,1,1,1,1
0.267397375,1,1,1,0
0.267397500,1,1,1,1
0.267456625,1,1,1,0
0.267456875,1,1,1,1
0.267512250,1,1,1,0
0.267512375,1,1,1,1
0.267512500,1,1,1,0
0.267512625,1,1,1,1
0.267516000,1,1,1,0
0.267516250,1,1,1,1
0.267577375,1,1,1,0
0.267577500,1,1,1,1
0.267633375,1,1,1,0
0.267633500,1,1,1,1
0.267637250,1,1,1,0
0.267637375,1,1,1,1
0.267637875,1,1,1,0
0.267638000,1,1,1,1
0.267693875,1,1,1,0
0.267694000,1,1,1,1
0.267694125,1,1,1,0
0.267694250,1,1,1,1
0.267697750,1,1,1,0
0.267697875,1,1,1,1
0.267698375,1,1,1,0
0.267698500,1,1,1,1
0.267755125,1,1,1,0
0.267755250,1,1,1,1
0.267755375,1,1,1,0
0.267755500,1,1,1,1
0.267758875,1,1,1,0
0.267759125,1,1,1,1
0.267816250,1,1,1,0
0.267816375,1,1,1,1
0.267820125,1,1,1,0
0.267820250,1,1,1,1
0.267820375,1,1,1,0
0.267820500,1,1,1,1
0.267820750,1,1,1,0
0.267820875,1,1,1,1
0.267877250,1,1,1,0
0.267877375,1,1,1,1
0.267877500,1,1,1,0
0.267877625,1,1,1,1
0.267881125,1,1,1,0
0.267881250,1,1,1,1
0.267881750,1,1,1,0
0.267881875,1,1,1,1
0.267937500,1,1,1,0
0.267937625,1,1,1,1
0.267941000,1,1,1,0
0.267941250,1,1,1,1
0.267996375,1,1,1,0
0.267996500,1,1,1,1
0.268000250,1,1,1,0
0.268000375,1,1,1,1
0.268000500,1,1,1,0
0.268000625,1,1,1,1
0.268000875,1,1,1,0
0.268001000,1,1,1,1
0.268060625,1,1,1,0
0.268060750,1,1,1,1
0.268060875,1,1,1,0
0.268061000,1,1,1,1
0.268061250,1,1,1,0
0.268061375,1,1,1,1
0.268121875,1,1,1,0
0.268122000,1,1,1,1
0.268184250,1,1,1,0
0.268184375,1,1,1,1
0.268244250,1,1,1,0
0.268244375,1,1,1,1
0.268305500,1,1,1,0
0.268305625,1,1,1,1
0.268549625,1,1,1,0
0.268549750,1,1,1,1
0.268610875,1,1,1,0
0.268611000,1,1,1,1
0.268670625,1,1,1,0
0.268670750,1,1,1,1
0.274121250,1,1,1,0
0.274121500,1,1,1,1
0.274240250,1,1,1,0
0.274240625,1,1,1,1
0.274829500,1,1,1,0
0.274829625,1,1,1,1
0.274946625,1,1,1,0
0.274946875,1,1,1,1
0.275005625,1,1,1,0
0.275005875,1,1,1,1
0.275063750,1,1,1,0
0.275063875,1,1,1,1
0.275355750,1,1,1,0
0.275355875,1,1,1,1
0.275410375,1,1,1,0
0.275410500,1,1,1,1
0.275414250,1,1,1,0
0.275414500,1,1,1,1
0.275532750,1,1,1,0
0.275533000,1,1,1,1
0.275591000,1,1,1,0
0.275591250,1,1,1,1
0.275650000,1,1,1,0
0.275650125,1,1,1,1
0.275709250,1,1,1,0
0.275709375,1,1,1,1
0.275765375,1,1,1,0
0.275765500,1,1,1,1
0.275769750,1,1,1,0
0.275769875,1,1,1,1
0.275824500,1,1,1,0
0.275824625,1,1,1,1
0.275828875,1,1,1,0
0.275829000,1,1,1,1
0.275886875,1,1,1,0
0.275887000,1,1,1,1
0.275942375,1,1,1,0
0.275942500,1,1,1,1
0.275942625,1,1,1,0
0.275942750,1,1,1,1
0.275946375,1,1,1,0
0.275946500,1,1,1,1
0.275946625,1,1,1,0
0.275946750,1,1,1,1
0.275947000,1,1,1,0
0.275947125,1,1,1,1
0.276002750,1,1,1,0
0.276002875,1,1,1,1
0.276003000,1,1,1,0
0.276003125,1,1,1,1
0.276006750,1,1,1,0
0.276006875,1,1,1,1
0.276007375,1,1,1,0
0.276007500,1,1,1,1
0.276067000,1,1,1,0
0.276067250,1,1,1,1
0.276123375,1,1,1,0
0.276123500,1,1,1,1
0.276123625,1,1,1,0
0.276123750,1,1,1,1
0.276127375,1,1,1,0
0.276127500,1,1,1,1
0.276128000,1,1,1,0
0.276128125,1,1,1,1
0.276183500,1,1,1,0
0.276183625,1,1,1,1
0.276183750,1,1,1,0
0.276183875,1,1,1,1
0.276187500,1,1,1,0
0.276187625,1,1,1,1
0.276188125,1,1,1,0
0.276188250,1,1,1,1
0.276242625,1,1,1,0
0.276242750,1,1,1,1
0.276242875,1,1,1,0
0.276243000,1,1,1,1
0.276246500,1,1,1,0
0.276246750,1,1,1,1
0.276301125,1,1,1,0
0.276301250,1,1,1,1
0.276305125,1,1,1,0
0.276305250,1,1,1,1
0.276305750,1,1,1,0
0.276305875,1,1,1,1
0.276365250,1,1,1,0
0.276365375,1,1,1,1
0.276365625,1,1,1,0
0.276365750,1,1,1,1
0.276425500,1,1,1,0
0.276425625,1,1,1,1
0.276425875,1,1,1,0
0.276426000,1,1,1,1
0.276485875,1,1,1,0
0.276486000,1,1,1,1
0.276486125,1,1,1,0
0.276486250,1,1,1,1
0.276486500,1,1,1,0
0.276486625,1,1,1,1
0.276546375,1,1,1,0
0.276546500,1,1,1,1
0.276546625,1,1,1,0
0.276546750,1,1,1,1
0.276547000,1,1,1,0
0.276547125,1,1,1,1
0.276607500,1,1,1,0
0.276607625,1,1,1,1
0.276607750,1,1,1,0
0.276607875,1,1,1,1
0.276608125,1,1,1,0
0.276608250,1,1,1,1
0.276667750,1,1,1,0
0.276667875,1,1,1,1
0.276668000,1,1,1,0
0.276668125,1,1,1,1
0.276668375,1,1,1,0
0.276668500,1,1,1,1
0.276728000,1,1,1,0
0.276728125,1,1,1,1
0.276728625,1,1,1,0
0.276728750,1,1,1,1
0.276788125,1,1,1,0
0.276788375,1,1,1,1
0.276848500,1,1,1,0
0.276848625,1,1,1,1
0.276848750,1,1,1,0
0.276848875,1,1,1,1
0.276849125,1,1,1,0
0.276849250,1,1,1,1
0.276908875,1,1,1,0
0.276909125,1,1,1,1
0.276969875,1,1,1,0
0.276970125,1,1,1,1
0.276970625,1,1,1,0
0.276970750,1,1,1,1
0.277029375,1,1,1,0
0.277029625,1,1,1,1
0.277085875,1,1,1,0
0.277086000,1,1,1,1
0.277086125,1,1,1,0
0.277086250,1,1,1,1
0.277090125,1,1,1,0
0.277090250,1,1,1,1
0.277146875,1,1,1,0
0.277147000,1,1,1,1
0.277151125,1,1,1,0
0.277151250,1,1,1,1
0.277206375,1,1,1,0
0.277206500,1,1,1,1
0.277206625,1,1,1,0
0.277206750,1,1,1,1
0.277210250,1,1,1,0
0.277210375,1,1,1,1
0.277210500,1,1,1,0
0.277210625,1,1,1,1
0.277210875,1,1,1,0
0.277211000,1,1,1,1
0.277270625,1,1,1,0
0.277270750,1,1,1,1
0.277271000,1,1,1,0
0.277271125,1,1,1,1
0.277328000,1,1,1,0
0.277328125,1,1,1,1
0.277328250,1,1,1,0
0.277328375,1,1,1,1
0.277331875,1,1,1,0
0.277332000,1,1,1,1
0.277332500,1,1,1,0
0.277332625,1,1,1,1
0.277389000,1,1,1,0
0.277389125,1,1,1,1
0.277389250,1,1,1,0
0.277389375,1,1,1,1
0.277392875,1,1,1,0
0.277393000,1,1,1,1
0.277393125,1,1,1,0
0.277393250,1,1,1,1
0.277393500,1,1,1,0
0.277393625,1,1,1,1
0.277453125,1,1,1,0
0.277453250,1,1,1,1
0.277508875,1,1,1,0
0.277509000,1,1,1,1
0.277509125,1,1,1,0
0.277509250,1,1,1,1
0.277512750,1,1,1,0
0.277512875,1,1,1,1
0.277513375,1,1,1,0
0.277513500,1,1,1,1
0.277568250,1,1,1,0
0.277568375,1,1,1,1
0.277568500,1,1,1,0
0.277568625,1,1,1,1
0.277572000,1,1,1,0
0.277572250,1,1,1,1
0.277628625,1,1,1,0
0.277628750,1,1,1,1
0.277632500,1,1,1,0
0.277632625,1,1,1,1
0.277632750,1,1,1,0
0.277632875,1,1,1,1
0.277633125,1,1,1,0
0.277633250,1,1,1,1
0.277689875,1,1,1,0
0.277690000,1,1,1,1
0.277693750,1,1,1,0
0.277693875,1,1,1,1
0.277694000,1,1,1,0
0.277694125,1,1,1,1
0.277694375,1,1,1,0
0.277694500,1,1,1,1
0.277751125,1,1,1,0
0.277751250,1,1,1,1
0.277751375,1,1,1,0
0.277751500,1,1,1,1
0.277755000,1,1,1,0
0.277755125,1,1,1,1
0.277755625,1,1,1,0
0.277755750,1,1,1,1
0.277816500,1,1,1,0
0.277816625,1,1,1,1
0.277816750,1,1,1,0
0.277816875,1,1,1,1
0.277877000,1,1,1,0
0.277877125,1,1,1,1
0.277937500,1,1,1,0
0.277937625,1,1,1,1
0.277993250,1,1,1,0
0.277993375,1,1,1,1
0.277997125,1,1,1,0
0.277997250,1,1,1,1
0.277997375,1,1,1,0
0.277997500,1,1,1,1
0.277997750,1,1,1,0
0.277997875,1,1,1,1
0.278052500,1,1,1,0
0.278052625,1,1,1,1
0.278052750,1,1,1,0
0.278052875,1,1,1,1
0.278056250,1,1,1,0
0.278056500,1,1,1,1
0.278112750,1,1,1,0
0.278112875,1,1,1,1
0.278116500,1,1,1,0
0.278116750,1,1,1,1
0.278173875,1,1,1,0
0.278174000,1,1,1,1
0.278174125,1,1,1,0
0.278174250,1,1,1,1
0.278177750,1,1,1,0
0.278177875,1,1,1,1
0.278234875,1,1,1,0
0.278235000,1,1,1,1
0.278238625,1,1,1,0
0.278238875,1,1,1,1
0.278354750,1,1,1,0
0.278354875,1,1,1,1
0.278355000,1,1,1,0
0.278355125,1,1,1,1
0.278358500,1,1,1,0
0.278358750,1,1,1,1
0.278420250,1,1,1,0
0.278420375,1,1,1,1
0.278481125,1,1,1,0
0.278481250,1,1,1,1
0.278542125,1,1,1,0
0.278542250,1,1,1,1
0.278661750,1,1,1,0
0.278662000,1,1,1,1
0.284415875,1,1,1,0
0.284416000,1,1,1,1
0.284476000,1,1,1,0
0.284476125,1,1,1,1
0.284958625,1,1,1,0
0.284958750,1,1,1,1
0.285142625,1,1,1,0
0.285142750,1,1,1,1
0.285622000,1,1,1,0
0.285622125,1,1,1,1
0.285626000,1,1,1,0
0.285626125,1,1,1,1
0.285687250,1,1,1,0
0.285687500,1,1,1,1
0.285808875,1,1,1,0
0.285809000,1,1,1,1
0.285869375,1,1,1,0
0.285869625,1,1,1,1
0.285926875,1,1,1,0
0.285927000,1,1,1,1
0.285927125,1,1,1,0
0.285927250,1,1,1,1
0.285931250,1,1,1,0
0.285931375,1,1,1,1
0.285931500,1,1,1,0
0.285931625,1,1,1,1
0.285992500,1,1,1,0
0.285992625,1,1,1,1
0.286050750,1,1,1,0
0.286050875,1,1,1,1
0.286051000,1,1,1,0
0.286051125,1,1,1,1
0.286054750,1,1,1,0
0.286054875,1,1,1,1
0.286055375,1,1,1,0
0.286055500,1,1,1,1
0.286111125,1,1,1,0
0.286111250,1,1,1,1
0.286111375,1,1,1,0
0.286111500,1,1,1,1
0.286115125,1,1,1,0
0.286115250,1,1,1,1
0.286115750,1,1,1,0
0.286115875,1,1,1,1
0.286176625,1,1,1,0
0.286176750,1,1,1,1
0.286236500,1,1,1,0
0.286236625,1,1,1,1
0.286293125,1,1,1,0
0.286293250,1,1,1,1
0.286293375,1,1,1,0
0.286293500,1,1,1,1
0.286297125,1,1,1,0
0.286297250,1,1,1,1
0.286297750,1,1,1,0
0.286297875,1,1,1,1
0.286354500,1,1,1,0
0.286354625,1,1,1,1
0.286354750,1,1,1,0
0.286354875,1,1,1,1
0.286358375,1,1,1,0
0.286358625,1,1,1,1
0.286359125,1,1,1,0
0.286359250,1,1,1,1
0.286420000,1,1,1,0
0.286420125,1,1,1,1
0.286420625,1,1,1,0
0.286420750,1,1,1,1
0.286477625,1,1,1,0
0.286477750,1,1,1,1
0.286477875,1,1,1,0
0.286478000,1,1,1,1
0.286481500,1,1,1,0
0.286481625,1,1,1,1
0.286539125,1,1,1,0
0.286539250,1,1,1,1
0.286543125,1,1,1,0
0.286543250,1,1,1,1
0.286543750,1,1,1,0
0.286543875,1,1,1,1
0.286600500,1,1,1,0
0.286600625,1,1,1,1
0.286600750,1,1,1,0
0.286600875,1,1,1,1
0.286604375,1,1,1,0
0.286604500,1,1,1,1
0.286604750,1,1,1,0
0.286604875,1,1,1,1
0.286665500,1,1,1,0
0.286665625,1,1,1,1
0.286665750,1,1,1,0
0.286665875,1,1,1,1
0.286666125,1,1,1,0
0.286666250,1,1,1,1
0.286721125,1,1,1,0
0.286721250,1,1,1,1
0.286721375,1,1,1,0
0.286721500,1,1,1,1
0.286725000,1,1,1,0
0.286725125,1,1,1,1
0.286725375,1,1,1,0
0.286725500,1,1,1,1
0.286785375,1,1,1,0
0.286785625,1,1,1,1
0.286842625,1,1,1,0
0.286842750,1,1,1,1
0.286842875,1,1,1,0
0.286843000,1,1,1,1
0.286846875,1,1,1,0
0.286847000,1,1,1,1
0.286906625,1,1,1,0
0.286906750,1,1,1,1
0.286907250,1,1,1,0
0.286907375,1,1,1,1
0.286962125,1,1,1,0
0.286962250,1,1,1,1
0.286962375,1,1,1,0
0.286962500,1,1,1,1
0.286966375,1,1,1,0
0.286966500,1,1,1,1
0.286966625,1,1,1,0
0.286966750,1,1,1,1
0.287022625,1,1,1,0
0.287022750,1,1,1,1
0.287026500,1,1,1,0
0.287026625,1,1,1,1
0.287026875,1,1,1,0
0.287027000,1,1,1,1
0.287084000,1,1,1,0
0.287084125,1,1,1,1
0.287084250,1,1,1,0
0.287084375,1,1,1,1
0.287087875,1,1,1,0
0.287088000,1,1,1,1
0.287088500,1,1,1,0
0.287088625,1,1,1,1
0.287149125,1,1,1,0
0.287149375,1,1,1,1
0.287149875,1,1,1,0
0.287150000,1,1,1,1
0.287210500,1,1,1,0
0.287210625,1,1,1,1
0.287211125,1,1,1,0
0.287211250,1,1,1,1
0.287267625,1,1,1,0
0.287267750,1,1,1,1
0.287267875,1,1,1,0
0.287268000,1,1,1,1
0.287271500,1,1,1,0
0.287271625,1,1,1,1
0.287272125,1,1,1,0
0.287272250,1,1,1,1
0.287330875,1,1,1,0
0.287331000,1,1,1,1
0.287331250,1,1,1,0
0.287331375,1,1,1,1
0.287391500,1,1,1,0
0.287391625,1,1,1,1
0.287447750,1,1,1,0
0.287447875,1,1,1,1
0.287448000,1,1,1,0
0.287448125,1,1,1,1
0.287451500,1,1,1,0
0.287451750,1,1,1,1
0.287452250,1,1,1,0
0.287452375,1,1,1,1
0.287512625,1,1,1,0
0.287512750,1,1,1,1
0.287513000,1,1,1,0
0.287513125,1,1,1,1
0.287572750,1,1,1,0
0.287573000,1,1,1,1
0.287632875,1,1,1,0
0.287633000,1,1,1,1
0.287689125,1,1,1,0
0.287689250,1,1,1,1
0.287689375,1,1,1,0
0.287689500,1,1,1,1
0.287692875,1,1,1,0
0.287693125,1,1,1,1
0.287748375,1,1,1,0
0.287748500,1,1,1,1
0.287748625,1,1,1,0
0.287748750,1,1,1,1
0.287752125,1,1,1,0
0.287752375,1,1,1,1
0.287808750,1,1,1,0
0.287808875,1,1,1,1
0.287809000,1,1,1,0
0.287809125,1,1,1,1
0.287812625,1,1,1,0
0.287812750,1,1,1,1
0.287813250,1,1,1,0
0.287813375,1,1,1,1
0.287873750,1,1,1,0
0.287873875,1,1,1,1
0.287934875,1,1,1,0
0.287935000,1,1,1,1
0.287935250,1,1,1,0
0.287935375,1,1,1,1
0.287991500,1,1,1,0
0.287991625,1,1,1,1
0.287991750,1,1,1,0
0.287991875,1,1,1,1
0.287995250,1,1,1,0
0.287995500,1,1,1,1
0.288055750,1,1,1,0
0.288055875,1,1,1,1
0.288116750,1,1,1,0
0.288116875,1,1,1,1
0.288236250,1,1,1,0
0.288236375,1,1,1,1
0.288291500,1,1,1,0
0.288291625,1,1,1,1
0.288295375,1,1,1,0
0.288295625,1,1,1,1
0.288474375,1,1,1,0
0.288474500,1,1,1,1
0.288478125,1,1,1,0
0.288478375,1,1,1,1
0.288539125,1,1,1,0
0.288539250,1,1,1,1
0.288598875,1,1,1,0
0.288599125,1,1,1,1
0.293929875,1,1,1,0
0.293930125,1,1,1,1
0.294110875,1,1,1,0
0.294111250,1,1,1,1
0.294535250,1,1,1,0
0.294535500,1,1,1,1
0.294777375,1,1,1,0
0.294777625,1,1,1,1
0.294837750,1,1,1,0
0.294838000,1,1,1,1
0.294959750,1,1,1,0
0.294959875,1,1,1,1
0.295020125,1,1,1,0
0.295020250,1,1,1,1
0.295382250,1,1,1,0
0.295382375,1,1,1,1
0.295439500,1,1,1,0
0.295439625,1,1,1,1
0.295439750,1,1,1,0
0.295439875,1,1,1,1
0.295443750,1,1,1,0
0.295443875,1,1,1,1
0.295499125,1,1,1,0
0.295499250,1,1,1,1
0.295503375,1,1,1,0
0.295503500,1,1,1,1
0.295559500,1,1,1,0
0.295559625,1,1,1,1
0.295563875,1,1,1,0
0.295564000,1,1,1,1
0.295624625,1,1,1,0
0.295624750,1,1,1,1
0.295684250,1,1,1,0
0.295684375,1,1,1,1
0.295744750,1,1,1,0
0.295745000,1,1,1,1
0.295802000,1,1,1,0
0.295802125,1,1,1,1
0.295802250,1,1,1,0
0.295802375,1,1,1,1
0.295806375,1,1,1,0
0.295806500,1,1,1,1
0.295866125,1,1,1,0
0.295866250,1,1,1,1
0.295921625,1,1,1,0
0.295921750,1,1,1,1
0.295926000,1,1,1,0
0.295926125,1,1,1,1
0.295982250,1,1,1,0
0.295982375,1,1,1,1
0.295982500,1,1,1,0
0.295982625,1,1,1,1
0.295986250,1,1,1,0
0.295986375,1,1,1,1
0.295986500,1,1,1,0
0.295986625,1,1,1,1
0.295986875,1,1,1,0
0.295987000,1,1,1,1
0.296047500,1,1,1,0
0.296047625,1,1,1,1
0.296104750,1,1,1,0
0.296104875,1,1,1,1
0.296105000,1,1,1,0
0.296105125,1,1,1,1
0.296108625,1,1,1,0
0.296108875,1,1,1,1
0.296109375,1,1,1,0
0.296109500,1,1,1,1
0.296164875,1,1,1,0
0.296165000,1,1,1,1
0.296165125,1,1,1,0
0.296165250,1,1,1,1
0.296168875,1,1,1,0
0.296169000,1,1,1,1
0.296169500,1,1,1,0
0.296169625,1,1,1,1
0.296224125,1,1,1,0
0.296224250,1,1,1,1
0.296224375,1,1,1,0
0.296224500,1,1,1,1
0.296228125,1,1,1,0
0.296228250,1,1,1,1
0.296228750,1,1,1,0
0.296228875,1,1,1,1
0.296284250,1,1,1,0
0.296284375,1,1,1,1
0.296284500,1,1,1,0
0.296284625,1,1,1,1
0.296288250,1,1,1,0
0.296288375,1,1,1,1
0.296288875,1,1,1,0
0.296289000,1,1,1,1
0.296347750,1,1,1,0
0.296347875,1,1,1,1
0.296348125,1,1,1,0
0.296348250,1,1,1,1
0.296408875,1,1,1,0
0.296409000,1,1,1,1
0.296409125,1,1,1,0
0.296409250,1,1,1,1
0.296409500,1,1,1,0
0.296409625,1,1,1,1
0.296469000,1,1,1,0
0.296469125,1,1,1,1
0.296469250,1,1,1,0
0.296469375,1,1,1,1
0.296469625,1,1,1,0
0.296469750,1,1,1,1
0.296525125,1,1,1,0
0.296525250,1,1,1,1
0.296525375,1,1,1,0
0.296525500,1,1,1,1
0.296529000,1,1,1,0
0.296529125,1,1,1,1
0.296588375,1,1,1,0
0.296588500,1,1,1,1
0.296589000,1,1,1,0
0.296589125,1,1,1,1
0.296645000,1,1,1,0
0.296645125,1,1,1,1
0.296645250,1,1,1,0
0.296645375,1,1,1,1
0.296649250,1,1,1,0
0.296649375,1,1,1,1
0.296649500,1,1,1,0
0.296649625,1,1,1,1
0.296706250,1,1,1,0
0.296706375,1,1,1,1
0.296710125,1,1,1,0
0.296710250,1,1,1,1
0.296767500,1,1,1,0
0.296767625,1,1,1,1
0.296771375,1,1,1,0
0.296771500,1,1,1,1
0.296832500,1,1,1,0
0.296832625,1,1,1,1
0.296833125,1,1,1,0
0.296833250,1,1,1,1
0.296891750,1,1,1,0
0.296892000,1,1,1,1
0.296948125,1,1,1,0
0.296948250,1,1,1,1
0.296952000,1,1,1,0
0.296952125,1,1,1,1
0.296952375,1,1,1,0
0.296952500,1,1,1,1
0.297012250,1,1,1,0
0.297012500,1,1,1,1
0.297068875,1,1,1,0
0.297069000,1,1,1,1
0.297073125,1,1,1,0
0.297073250,1,1,1,1
0.297129375,1,1,1,0
0.297129500,1,1,1,1
0.297133625,1,1,1,0
0.297133750,1,1,1,1
0.297133875,1,1,1,0
0.297134000,1,1,1,1
0.297190375,1,1,1,0
0.297190500,1,1,1,1
0.297194625,1,1,1,0
0.297194750,1,1,1,1
0.297253500,1,1,1,0
0.297253625,1,1,1,1
0.297309875,1,1,1,0
0.297310000,1,1,1,1
0.297310125,1,1,1,0
0.297310250,1,1,1,1
0.297313750,1,1,1,0
0.297313875,1,1,1,1
0.297314000,1,1,1,0
0.297314125,1,1,1,1
0.297314375,1,1,1,0
0.297314500,1,1,1,1
0.297370125,1,1,1,0
0.297370250,1,1,1,1
0.297370375,1,1,1,0
0.297370500,1,1,1,1
0.297374000,1,1,1,0
0.297374125,1,1,1,1
0.297374625,1,1,1,0
0.297374750,1,1,1,1
0.297434750,1,1,1,0
0.297434875,1,1,1,1
0.297495750,1,1,1,0
0.297495875,1,1,1,1
0.297496000,1,1,1,0
0.297496125,1,1,1,1
0.297551000,1,1,1,0
0.297551125,1,1,1,1
0.297551250,1,1,1,0
0.297551375,1,1,1,1
0.297554750,1,1,1,0
0.297555000,1,1,1,1
0.297611250,1,1,1,0
0.297611375,1,1,1,1
0.297611500,1,1,1,0
0.297611625,1,1,1,1
0.297615125,1,1,1,0
0.297615250,1,1,1,1
0.297615375,1,1,1,0
0.297615500,1,1,1,1
0.297615750,1,1,1,0
0.297615875,1,1,1,1
0.297675500,1,1,1,0
0.297675625,1,1,1,1
0.297736875,1,1,1,0
0.297737000,1,1,1,1
0.297792125,1,1,1,0
0.297792250,1,1,1,1
0.297792375,1,1,1,0
0.297792500,1,1,1,1
0.297795875,1,1,1,0
0.297796125,1,1,1,1
0.297856250,1,1,1,0
0.297856375,1,1,1,1
0.297856500,1,1,1,0
0.297856625,1,1,1,1
0.297856875,1,1,1,0
0.297857000,1,1,1,1
0.297912875,1,1,1,0
0.297913000,1,1,1,1
0.297913125,1,1,1,0
0.297913250,1,1,1,1
0.297916625,1,1,1,0
0.297916875,1,1,1,1
0.297973875,1,1,1,0
0.297974000,1,1,1,1
0.297974125,1,1,1,0
0.297974250,1,1,1,1
0.297977625,1,1,1,0
0.297977875,1,1,1,1
0.298037500,1,1,1,0
0.298037625,1,1,1,1
0.298097750,1,1,1,0
0.298097875,1,1,1,1
0.298154000,1,1,1,0
0.298154125,1,1,1,1
0.298157875,1,1,1,0
0.298158000,1,1,1,1
0.298219125,1,1,1,0
0.298219250,1,1,1,1
0.298274500,1,1,1,0
0.298274625,1,1,1,1
0.298274750,1,1,1,0
0.298274875,1,1,1,1
0.298278375,1,1,1,0
0.298278625,1,1,1,1
0.298334750,1,1,1,0
0.298334875,1,1,1,1
0.298335000,1,1,1,0
0.298335125,1,1,1,1
0.298338500,1,1,1,0
0.298338750,1,1,1,1
0.298395250,1,1,1,0
0.298395375,1,1,1,1
0.298456250,1,1,1,0
0.298456375,1,1,1,1
0.298460000,1,1,1,0
0.298460250,1,1,1,1
0.298580250,1,1,1,0
0.298580500,1,1,1,1
0.304458375,1,1,1,0
0.304458500,1,1,1,1
0.304519750,1,1,1,0
0.304519875,1,1,1,1
0.304760750,1,1,1,0
0.304760875,1,1,1,1
0.304821375,1,1,1,0
0.304821500,1,1,1,1
0.305366000,1,1,1,0
0.305366250,1,1,1,1
0.305542875,1,1,1,0
0.305543000,1,1,1,1
0.305546875,1,1,1,0
0.305547000,1,1,1,1
0.305547125,1,1,1,0
0.305547250,1,1,1,1
0.305607375,1,1,1,0
0.305607625,1,1,1,1
0.305668875,1,1,1,0
0.305669000,1,1,1,1
0.305730375,1,1,1,0
0.305730500,1,1,1,1
0.305791625,1,1,1,0
0.305791750,1,1,1,1
0.305848250,1,1,1,0
0.305848375,1,1,1,1
0.305852625,1,1,1,0
0.305852750,1,1,1,1
0.305912875,1,1,1,0
0.305913000,1,1,1,1
0.305974000,1,1,1,0
0.305974250,1,1,1,1
0.305974750,1,1,1,0
0.305974875,1,1,1,1
0.306033625,1,1,1,0
0.306033875,1,1,1,1
0.306090125,1,1,1,0
0.306090250,1,1,1,1
0.306090375,1,1,1,0
0.306090500,1,1,1,1
0.306094125,1,1,1,0
0.306094250,1,1,1,1
0.306094375,1,1,1,0
0.306094500,1,1,1,1
0.306094750,1,1,1,0
0.306094875,1,1,1,1
0.306150750,1,1,1,0
0.306150875,1,1,1,1
0.306154750,1,1,1,0
0.306154875,1,1,1,1
0.306155375,1,1,1,0
0.306155500,1,1,1,1
0.306216250,1,1,1,0
0.306216375,1,1,1,1
0.306275875,1,1,1,0
0.306276000,1,1,1,1
0.306336000,1,1,1,0
0.306336125,1,1,1,1
0.306336375,1,1,1,0
0.306336500,1,1,1,1
0.306395250,1,1,1,0
0.306395375,1,1,1,1
0.306395875,1,1,1,0
0.306396000,1,1,1,1
0.306451375,1,1,1,0
0.306451500,1,1,1,1
0.306455375,1,1,1,0
0.306455500,1,1,1,1
0.306456000,1,1,1,0
0.306456125,1,1,1,1
0.306514875,1,1,1,0
0.306515000,1,1,1,1
0.306515500,1,1,1,0
0.306515625,1,1,1,1
0.306572000,1,1,1,0
0.306572125,1,1,1,1
0.306572250,1,1,1,0
0.306572375,1,1,1,1
0.306575875,1,1,1,0
0.306576125,1,1,1,1
0.306636625,1,1,1,0
0.306636750,1,1,1,1
0.306636875,1,1,1,0
0.306637000,1,1,1,1
0.306693375,1,1,1,0
0.306693500,1,1,1,1
0.306693625,1,1,1,0
0.306693750,1,1,1,1
0.306697250,1,1,1,0
0.306697375,1,1,1,1
0.306757375,1,1,1,0
0.306757500,1,1,1,1
0.306758000,1,1,1,0
0.306758125,1,1,1,1
0.306816500,1,1,1,0
0.306816750,1,1,1,1
0.306817250,1,1,1,0
0.306817375,1,1,1,1
0.306876875,1,1,1,0
0.306877125,1,1,1,1
0.306938125,1,1,1,0
0.306938250,1,1,1,1
0.306995500,1,1,1,0
0.306995625,1,1,1,1
0.306999375,1,1,1,0
0.306999500,1,1,1,1
0.306999750,1,1,1,0
0.306999875,1,1,1,1
0.307056625,1,1,1,0
0.307056750,1,1,1,1
0.307060875,1,1,1,0
0.307061000,1,1,1,1
0.307120750,1,1,1,0
0.307121000,1,1,1,1
0.307121500,1,1,1,0
0.307121625,1,1,1,1
0.307181250,1,1,1,0
0.307181500,1,1,1,1
0.307238625,1,1,1,0
0.307238750,1,1,1,1
0.307238875,1,1,1,0
0.307239000,1,1,1,1
0.307242500,1,1,1,0
0.307242625,1,1,1,1
0.307243125,1,1,1,0
0.307243250,1,1,1,1
0.307303500,1,1,1,0
0.307303625,1,1,1,1
0.307359875,1,1,1,0
0.307360000,1,1,1,1
0.307360125,1,1,1,0
0.307360250,1,1,1,1
0.307364125,1,1,1,0
0.307364250,1,1,1,1
0.307364375,1,1,1,0
0.307364500,1,1,1,1
0.307420375,1,1,1,0
0.307420500,1,1,1,1
0.307420625,1,1,1,0
0.307420750,1,1,1,1
0.307424250,1,1,1,0
0.307424375,1,1,1,1
0.307424500,1,1,1,0
0.307424625,1,1,1,1
0.307424875,1,1,1,0
0.307425000,1,1,1,1
0.307485500,1,1,1,0
0.307485750,1,1,1,1
0.307547000,1,1,1,0
0.307547125,1,1,1,1
0.307547375,1,1,1,0
0.307547500,1,1,1,1
0.307604625,1,1,1,0
0.307604750,1,1,1,1
0.307604875,1,1,1,0
0.307605000,1,1,1,1
0.307608500,1,1,1,0
0.307608625,1,1,1,1
0.307608750,1,1,1,0
0.307608875,1,1,1,1
0.307609125,1,1,1,0
0.307609250,1,1,1,1
0.307666000,1,1,1,0
0.307666125,1,1,1,1
0.307666250,1,1,1,0
0.307666375,1,1,1,1
0.307669875,1,1,1,0
0.307670000,1,1,1,1
0.307670125,1,1,1,0
0.307670250,1,1,1,1
0.307670500,1,1,1,0
0.307670625,1,1,1,1
0.307731000,1,1,1,0
0.307731125,1,1,1,1
0.307731375,1,1,1,0
0.307731500,1,1,1,1
0.307791875,1,1,1,0
0.307792000,1,1,1,1
0.307852875,1,1,1,0
0.307853000,1,1,1,1
0.307912375,1,1,1,0
0.307912500,1,1,1,1
0.307968500,1,1,1,0
0.307968625,1,1,1,1
0.307968750,1,1,1,0
0.307968875,1,1,1,1
0.307972250,1,1,1,0
0.307972500,1,1,1,1
0.308033125,1,1,1,0
0.308033250,1,1,1,1
0.308090125,1,1,1,0
0.308090250,1,1,1,1
0.308093875,1,1,1,0
0.308094125,1,1,1,1
0.308151125,1,1,1,0
0.308151250,1,1,1,1
0.308155000,1,1,1,0
0.308155250,1,1,1,1
0.308215375,1,1,1,0
0.308215500,1,1,1,1
0.308275250,1,1,1,0
0.308275375,1,1,1,1
0.308330500,1,1,1,0
0.308330625,1,1,1,1
0.308334250,1,1,1,0
0.308334375,1,1,1,1
0.308456125,1,1,1,0
0.308456375,1,1,1,1
0.308579375,1,1,1,0
0.308579500,1,1,1,1
0.308640250,1,1,1,0
0.308640375,1,1,1,1
0.313807750,1,1,1,0
0.313807875,1,1,1,1
0.313866750,1,1,1,0
0.313867000,1,1,1,1
0.313925000,1,1,1,0
0.313925375,1,1,1,1
0.314102000,1,1,1,0
0.314102250,1,1,1,1
0.314343500,1,1,1,0
0.314343625,1,1,1,1
0.314403500,1,1,1,0
0.314403875,1,1,1,1
0.314463000,1,1,1,0
0.314463125,1,1,1,1
0.314761375,1,1,1,0
0.314761500,1,1,1,1
0.314821875,1,1,1,0
0.314822125,1,1,1,1
0.314882375,1,1,1,0
0.314882625,1,1,1,1
0.315004125,1,1,1,0
0.315004250,1,1,1,1
0.315367750,1,1,1,0
0.315368000,1,1,1,1
0.315428125,1,1,1,0
0.315428250,1,1,1,1
0.315610250,1,1,1,0
0.315610500,1,1,1,1
0.315670625,1,1,1,0
0.315670750,1,1,1,1
0.315727250,1,1,1,0
0.315727375,1,1,1,1
0.315727500,1,1,1,0
0.315727625,1,1,1,1
0.315731625,1,1,1,0
0.315731750,1,1,1,1
0.315792375,1,1,1,0
0.315792625,1,1,1,1
0.315848625,1,1,1,0
0.315848750,1,1,1,1
0.315848875,1,1,1,0
0.315849000,1,1,1,1
0.315852625,1,1,1,0
0.315852750,1,1,1,1
0.315852875,1,1,1,0
0.315853000,1,1,1,1
0.315853250,1,1,1,0
0.315853375,1,1,1,1
0.315908000,1,1,1,0
0.315908125,1,1,1,1
0.315908250,1,1,1,0
0.315908375,1,1,1,1
0.315912000,1,1,1,0
0.315912125,1,1,1,1
0.315912250,1,1,1,0
0.315912375,1,1,1,1
0.315912625,1,1,1,0
0.315912750,1,1,1,1
0.944678250,1,1,1,0
0.944678375,1,1,1,1
0.944737750,1,1,1,0
0.944737875,1,1,1,1
0.944742000,1,1,1,0
0.944742125,1,1,1,1
0.944797375,1,1,1,0
0.944797500,1,1,1,1
0.944801375,1,1,1,0
0.944801625,1,1,1,1
0.944856875,1,1,1,0
0.944857000,1,1,1,1
0.944860875,1,1,1,0
0.944861000,1,1,1,1
0.944916250,1,1,1,0
0.944916375,1,1,1,1
0.944975375,1,1,1,0
0.944975500,1,1,1,1
0.944979750,1,1,1,0
0.944979875,1,1,1,1
0.945033000,1,1,1,0
0.945033125,1,1,1,1
0.945037375,1,1,1,0
0.945037500,1,1,1,1
0.945091625,1,1,1,0
0.945091750,1,1,1,1
0.945091875,1,1,1,0
0.945092000,1,1,1,1
0.945095625,1,1,1,0
0.945095750,1,1,1,1
0.945096250,1,1,1,0
0.945096375,1,1,1,1
0.945151000,1,1,1,0
0.945151125,1,1,1,1
0.945151250,1,1,1,0
0.945151375,1,1,1,1
0.945155000,1,1,1,0
0.945155125,1,1,1,1
0.945155625,1,1,1,0
0.945155750,1,1,1,1
0.945210375,1,1,1,0
0.945210500,1,1,1,1
0.945214750,1,1,1,0
0.945214875,1,1,1,1
0.945215000,1,1,1,0
0.945215125,1,1,1,1
0.945273875,1,1,1,0
0.945274125,1,1,1,1
0.945333875,1,1,1,0
0.945334000,1,1,1,1
0.945334125,1,1,1,0
0.945334250,1,1,1,1
0.945393000,1,1,1,0
0.945393125,1,1,1,1
0.945448625,1,1,1,0
0.945448750,1,1,1,1
0.945448875,1,1,1,0
0.945449000,1,1,1,1
0.945452500,1,1,1,0
0.945452750,1,1,1,1
0.945512125,1,1,1,0
0.945512250,1,1,1,1
0.945512750,1,1,1,0
0.945512875,1,1,1,1
0.945572250,1,1,1,0
0.945572375,1,1,1,1
0.945627250,1,1,1,0
0.945627375,1,1,1,1
0.945627500,1,1,1,0
0.945627625,1,1,1,1
0.945631125,1,1,1,0
0.945631250,1,1,1,1
0.945631500,1,1,1,0
0.945631625,1,1,1,1
0.945686750,1,1,1,0
0.945686875,1,1,1,1
0.945690625,1,1,1,0
0.945690875,1,1,1,1
0.945751125,1,1,1,0
0.945751250,1,1,1,1
0.945751375,1,1,1,0
0.945751500,1,1,1,1
0.945809250,1,1,1,0
0.945809375,1,1,1,1
0.945809875,1,1,1,0
0.945810000,1,1,1,1
0.945868500,1,1,1,0
0.945868625,1,1,1,1
0.945869125,1,1,1,0
0.945869250,1,1,1,1
0.945924625,1,1,1,0
0.945924750,1,1,1,1
0.945924875,1,1,1,0
0.945925000,1,1,1,1
0.945928500,1,1,1,0
0.945928625,1,1,1,1
0.945929125,1,1,1,0
0.945929250,1,1,1,1
0.945983625,1,1,1,0
0.945983750,1,1,1,1
0.945983875,1,1,1,0
0.945984000,1,1,1,1
0.945987875,1,1,1,0
0.945988000,1,1,1,1
0.945988125,1,1,1,0
0.945988250,1,1,1,1
0.946042125,1,1,1,0
0.946042250,1,1,1,1
0.946042375,1,1,1,0
0.946042500,1,1,1,1
0.946046375,1,1,1,0
0.946046500,1,1,1,1
0.946046625,1,1,1,0
0.946046750,1,1,1,1
0.946102250,1,1,1,0
0.946102375,1,1,1,1
0.946106125,1,1,1,0
0.946106250,1,1,1,1
0.946106500,1,1,1,0
0.946106625,1,1,1,1
0.946162500,1,1,1,0
0.946162625,1,1,1,1
0.946166750,1,1,1,0
0.946166875,1,1,1,1
0.946226750,1,1,1,0
0.946226875,1,1,1,1
0.946227375,1,1,1,0
0.946227500,1,1,1,1
0.946287125,1,1,1,0
0.946287250,1,1,1,1
0.946287500,1,1,1,0
0.946287625,1,1,1,1
0.946344250,1,1,1,0
0.946344375,1,1,1,1
0.946348500,1,1,1,0
0.946348625,1,1,1,1
0.946403625,1,1,1,0
0.946403750,1,1,1,1
0.946403875,1,1,1,0
0.946404000,1,1,1,1
0.946407375,1,1,1,0
0.946407625,1,1,1,1
0.946408125,1,1,1,0
0.946408250,1,1,1,1
0.946463750,1,1,1,0
0.946463875,1,1,1,1
0.946464000,1,1,1,0
0.946464125,1,1,1,1
0.946467625,1,1,1,0
0.946467750,1,1,1,1
0.946468250,1,1,1,0
0.946468375,1,1,1,1
0.946523875,1,1,1,0
0.946524000,1,1,1,1
0.946528125,1,1,1,0
0.946528250,1,1,1,1
0.946528375,1,1,1,0
0.946528500,1,1,1,1
0.946587750,1,1,1,0
0.946587875,1,1,1,1
0.946643375,1,1,1,0
0.946643500,1,1,1,1
0.946643625,1,1,1,0
0.946643750,1,1,1,1
0.946647250,1,1,1,0
0.946647375,1,1,1,1
0.946647875,1,1,1,0
0.946648000,1,1,1,1
0.946703750,1,1,1,0
0.946703875,1,1,1,1
0.946704000,1,1,1,0
0.946704125,1,1,1,1
0.946707500,1,1,1,0
0.946707750,1,1,1,1
0.946768500,1,1,1,0
0.946768625,1,1,1,1
0.946768875,1,1,1,0
0.946769000,1,1,1,1
0.946824125,1,1,1,0
0.946824250,1,1,1,1
0.946824375,1,1,1,0
0.946824500,1,1,1,1
0.946828000,1,1,1,0
0.946828125,1,1,1,1
0.946828625,1,1,1,0
0.946828750,1,1,1,1
0.946888500,1,1,1,0
0.946888625,1,1,1,1
0.946944500,1,1,1,0
0.946944625,1,1,1,1
0.946944750,1,1,1,0
0.946944875,1,1,1,1
0.946948250,1,1,1,0
0.946948375,1,1,1,1
0.947003875,1,1,1,0
0.947004000,1,1,1,1
0.947004125,1,1,1,0
0.947004250,1,1,1,1
0.947007625,1,1,1,0
0.947007875,1,1,1,1
0.947008375,1,1,1,0
0.947008500,1,1,1,1
0.947067250,1,1,1,0
0.947067375,1,1,1,1
0.947125625,1,1,1,0
0.947125750,1,1,1,1
0.947183625,1,1,1,0
0.947183750,1,1,1,1
0.947183875,1,1,1,0
0.947184000,1,1,1,1
0.947235625,1,1,1,0
0.947235750,1,1,1,1
0.947239500,1,1,1,0
0.947239625,1,1,1,1
0.947296250,1,1,1,0
0.947296375,1,1,1,1
0.947353000,1,1,1,0
0.947353125,1,1,1,1
0.947405875,1,1,1,0
0.947406000,1,1,1,1
0.947409625,1,1,1,0
0.947409875,1,1,1,1
0.947461875,1,1,1,0
0.947462000,1,1,1,1
0.947519125,1,1,1,0
0.947519250,1,1,1,1
0.947571375,1,1,1,0
0.947571500,1,1,1,1
0.947575125,1,1,1,0
0.947575375,1,1,1,1
0.947632500,1,1,1,0
0.947632750,1,1,1,1
0.947746875,1,1,1,0
0.947747000,1,1,1,1
0.947803875,1,1,1,0
0.947804000,1,1,1,1
0.953324375,1,1,1,0
0.953324500,1,1,1,1
0.953384625,1,1,1,0
0.953384875,1,1,1,1
0.953566250,1,1,1,0
0.953566500,1,1,1,1
0.953688875,1,1,1,0
0.953689125,1,1,1,1
0.953748875,1,1,1,0
0.953749125,1,1,1,1
0.954110750,1,1,1,0
0.954111000,1,1,1,1
0.954172500,1,1,1,0
0.954172625,1,1,1,1
0.954293875,1,1,1,0
0.954294000,1,1,1,1
0.954536125,1,1,1,0
0.954536375,1,1,1,1
0.954592875,1,1,1,0
0.954593000,1,1,1,1
0.954596750,1,1,1,0
0.954597000,1,1,1,1
0.954658000,1,1,1,0
0.954658125,1,1,1,1
0.954714250,1,1,1,0
0.954714375,1,1,1,1
0.954773625,1,1,1,0
0.954773750,1,1,1,1
0.954777875,1,1,1,0
0.954778000,1,1,1,1
0.954838125,1,1,1,0
0.954838250,1,1,1,1
0.954893125,1,1,1,0
0.954893250,1,1,1,1
0.954897500,1,1,1,0
0.954897625,1,1,1,1
0.954953375,1,1,1,0
0.954953500,1,1,1,1
0.954957375,1,1,1,0
0.954957500,1,1,1,1
0.954958000,1,1,1,0
0.954958125,1,1,1,1
0.955013000,1,1,1,0
0.955013125,1,1,1,1
0.955013250,1,1,1,0
0.955013375,1,1,1,1
0.955017000,1,1,1,0
0.955017125,1,1,1,1
0.955017625,1,1,1,0
0.955017750,1,1,1,1
0.955077375,1,1,1,0
0.955077500,1,1,1,1
0.955077750,1,1,1,0
0.955077875,1,1,1,1
0.955133875,1,1,1,0
0.955134000,1,1,1,1
0.955134125,1,1,1,0
0.955134250,1,1,1,1
0.955137875,1,1,1,0
0.955138000,1,1,1,1
0.955138500,1,1,1,0
0.955138625,1,1,1,1
0.955198125,1,1,1,0
0.955198375,1,1,1,1
0.955254375,1,1,1,0
0.955254500,1,1,1,1
0.955254625,1,1,1,0
0.955254750,1,1,1,1
0.955258250,1,1,1,0
0.955258500,1,1,1,1
0.955312750,1,1,1,0
0.955312875,1,1,1,1
0.955313000,1,1,1,0
0.955313125,1,1,1,1
0.955316625,1,1,1,0
0.955316875,1,1,1,1
0.955317375,1,1,1,0
0.955317500,1,1,1,1
0.955372250,1,1,1,0
0.955372375,1,1,1,1
0.955375875,1,1,1,0
0.955376000,1,1,1,1
0.955376250,1,1,1,0
0.955376375,1,1,1,1
0.955431250,1,1,1,0
0.955431375,1,1,1,1
0.955431500,1,1,1,0
0.955431625,1,1,1,1
0.955435125,1,1,1,0
0.955435375,1,1,1,1
0.955494750,1,1,1,0
0.955494875,1,1,1,1
0.955495375,1,1,1,0
0.955495500,1,1,1,1
0.955554625,1,1,1,0
0.955554750,1,1,1,1
0.955609750,1,1,1,0
0.955609875,1,1,1,1
0.955610000,1,1,1,0
0.955610125,1,1,1,1
0.955613625,1,1,1,0
0.955613750,1,1,1,1
0.955672875,1,1,1,0
0.955673000,1,1,1,1
0.955673500,1,1,1,0
0.955673625,1,1,1,1
0.955727250,1,1,1,0
0.955727375,1,1,1,1
0.955727500,1,1,1,0
0.955727625,1,1,1,1
0.955731125,1,1,1,0
0.955731250,1,1,1,1
0.955785750,1,1,1,0
0.955785875,1,1,1,1
0.955786000,1,1,1,0
0.955786125,1,1,1,1
0.955790000,1,1,1,0
0.955790125,1,1,1,1
0.955844750,1,1,1,0
0.955844875,1,1,1,1
0.955845000,1,1,1,0
0.955845125,1,1,1,1
0.955849000,1,1,1,0
0.955849125,1,1,1,1
0.955902750,1,1,1,0
0.955902875,1,1,1,1
0.955903000,1,1,1,0
0.955903125,1,1,1,1
0.955906625,1,1,1,0
0.955906750,1,1,1,1
0.955907000,1,1,1,0
0.955907125,1,1,1,1
0.955960000,1,1,1,0
0.955960125,1,1,1,1
0.955960250,1,1,1,0
0.955960375,1,1,1,1
0.955964250,1,1,1,0
0.955964375,1,1,1,1
0.956018500,1,1,1,0
0.956018625,1,1,1,1
0.956018750,1,1,1,0
0.956018875,1,1,1,1
0.956023000,1,1,1,0
0.956023125,1,1,1,1
0.956081750,1,1,1,0
0.956081875,1,1,1,1
0.956138000,1,1,1,0
0.956138125,1,1,1,1
0.956138250,1,1,1,0
0.956138375,1,1,1,1
0.956141875,1,1,1,0
0.956142000,1,1,1,1
0.956142500,1,1,1,0
0.956142625,1,1,1,1
0.956197000,1,1,1,0
0.956197125,1,1,1,1
0.956197250,1,1,1,0
0.956197375,1,1,1,1
0.956200875,1,1,1,0
0.956201000,1,1,1,1
0.956201500,1,1,1,0
0.956201625,1,1,1,1
0.956259125,1,1,1,0
0.956259375,1,1,1,1
0.956314625,1,1,1,0
0.956314750,1,1,1,1
0.956318500,1,1,1,0
0.956318625,1,1,1,1
0.956319125,1,1,1,0
0.956319250,1,1,1,1
0.956378875,1,1,1,0
0.956379000,1,1,1,1
0.956433625,1,1,1,0
0.956433750,1,1,1,1
0.956433875,1,1,1,0
0.956434000,1,1,1,1
0.956437500,1,1,1,0
0.956437625,1,1,1,1
0.956438125,1,1,1,0
0.956438250,1,1,1,1
0.956491875,1,1,1,0
0.956492000,1,1,1,1
0.956492125,1,1,1,0
0.956492250,1,1,1,1
0.956495625,1,1,1,0
0.956495875,1,1,1,1
0.956496375,1,1,1,0
0.956496500,1,1,1,1
0.956551250,1,1,1,0
0.956551375,1,1,1,1
0.956551500,1,1,1,0
0.956551625,1,1,1,1
0.956555125,1,1,1,0
0.956555250,1,1,1,1
0.956555750,1,1,1,0
0.956555875,1,1,1,1
0.956611500,1,1,1,0
0.956611625,1,1,1,1
0.956611750,1,1,1,0
0.956611875,1,1,1,1
0.956615250,1,1,1,0
0.956615500,1,1,1,1
0.956671875,1,1,1,0
0.956672000,1,1,1,1
0.956672125,1,1,1,0
0.956672250,1,1,1,1
0.956675625,1,1,1,0
0.956675875,1,1,1,1
0.956732250,1,1,1,0
0.956732375,1,1,1,1
0.956736125,1,1,1,0
0.956736250,1,1,1,1
0.956736750,1,1,1,0
0.956736875,1,1,1,1
0.956796500,1,1,1,0
0.956796625,1,1,1,1
0.956797125,1,1,1,0
0.956797250,1,1,1,1
0.956852875,1,1,1,0
0.956853000,1,1,1,1
0.956853125,1,1,1,0
0.956853250,1,1,1,1
0.956856750,1,1,1,0
0.956856875,1,1,1,1
0.956857375,1,1,1,0
0.956857500,1,1,1,1
0.956916750,1,1,1,0
0.956916875,1,1,1,1
0.956917375,1,1,1,0
0.956917500,1,1,1,1
0.956975750,1,1,1,0
0.956975875,1,1,1,1
0.956976375,1,1,1,0
0.956976500,1,1,1,1
0.957030875,1,1,1,0
0.957031000,1,1,1,1
0.957031125,1,1,1,0
0.957031250,1,1,1,1
0.957034750,1,1,1,0
0.957034875,1,1,1,1
0.957035375,1,1,1,0
0.957035500,1,1,1,1
0.957089875,1,1,1,0
0.957090000,1,1,1,1
0.957090125,1,1,1,0
0.957090250,1,1,1,1
0.957093625,1,1,1,0
0.957093875,1,1,1,1
0.957149000,1,1,1,0
0.957149125,1,1,1,1
0.957149250,1,1,1,0
0.957149375,1,1,1,1
0.957152750,1,1,1,0
0.957153000,1,1,1,1
0.957153500,1,1,1,0
0.957153625,1,1,1,1
0.957213000,1,1,1,0
0.957213125,1,1,1,1
0.957270250,1,1,1,0
0.957270375,1,1,1,1
0.957274000,1,1,1,0
0.957274125,1,1,1,1
0.957330250,1,1,1,0
0.957330375,1,1,1,1
0.957334000,1,1,1,0
0.957334250,1,1,1,1
0.957390250,1,1,1,0
0.957390375,1,1,1,1
0.957394000,1,1,1,0
0.957394125,1,1,1,1
0.957449500,1,1,1,0
0.957449625,1,1,1,1
0.957453250,1,1,1,0
0.957453500,1,1,1,1
0.957513750,1,1,1,0
0.957513875,1,1,1,1
0.957575000,1,1,1,0
0.957575250,1,1,1,1
0.957636625,1,1,1,0
0.957636750,1,1,1,1
0.957757375,1,1,1,0
0.957757500,1,1,1,1
0.963628000,1,1,1,0
0.963628250,1,1,1,1
0.963750500,1,1,1,0
0.963750625,1,1,1,1
0.963931500,1,1,1,0
0.963931625,1,1,1,1
0.964716125,1,1,1,0
0.964716250,1,1,1,1
0.964777125,1,1,1,0
0.964777250,1,1,1,1
0.964834125,1,1,1,0
0.964834250,1,1,1,1
0.964899250,1,1,1,0
0.964899375,1,1,1,1
0.964959375,1,1,1,0
0.964959625,1,1,1,1
0.965018750,1,1,1,0
0.965018875,1,1,1,1
0.965079750,1,1,1,0
0.965079875,1,1,1,1
0.965136875,1,1,1,0
0.965137000,1,1,1,1
0.965137125,1,1,1,0
0.965137250,1,1,1,1
0.965140875,1,1,1,0
0.965141000,1,1,1,1
0.965141500,1,1,1,0
0.965141625,1,1,1,1
0.965198500,1,1,1,0
0.965198625,1,1,1,1
0.965202875,1,1,1,0
0.965203000,1,1,1,1
0.965264500,1,1,1,0
0.965264625,1,1,1,1
0.965326125,1,1,1,0
0.965326250,1,1,1,1
0.965387250,1,1,1,0
0.965387375,1,1,1,1
0.965449000,1,1,1,0
0.965449125,1,1,1,1
0.965505875,1,1,1,0
0.965506000,1,1,1,1
0.965509875,1,1,1,0
0.965510000,1,1,1,1
0.965510500,1,1,1,0
0.965510625,1,1,1,1
0.965570125,1,1,1,0
0.965570250,1,1,1,1
0.965570750,1,1,1,0
0.965570875,1,1,1,1
0.965626375,1,1,1,0
0.965626500,1,1,1,1
0.965626625,1,1,1,0
0.965626750,1,1,1,1
0.965630250,1,1,1,0
0.965630375,1,1,1,1
0.965691000,1,1,1,0
0.965691125,1,1,1,1
0.965748875,1,1,1,0
0.965749000,1,1,1,1
0.965749500,1,1,1,0
0.965749625,1,1,1,1
0.965803500,1,1,1,0
0.965803625,1,1,1,1
0.965803750,1,1,1,0
0.965803875,1,1,1,1
0.965807750,1,1,1,0
0.965807875,1,1,1,1
0.965865625,1,1,1,0
0.965865875,1,1,1,1
0.965919125,1,1,1,0
0.965919250,1,1,1,1
0.965919375,1,1,1,0
0.965919500,1,1,1,1
0.965923375,1,1,1,0
0.965923500,1,1,1,1
0.965976125,1,1,1,0
0.965976250,1,1,1,1
0.965976375,1,1,1,0
0.965976500,1,1,1,1
0.965980000,1,1,1,0
0.965980125,1,1,1,1
0.965980625,1,1,1,0
0.965980750,1,1,1,1
0.966028625,1,1,1,0
0.966028750,1,1,1,1
0.966032500,1,1,1,0
0.966032625,1,1,1,1
0.966032875,1,1,1,0
0.966033000,1,1,1,1
0.966085000,1,1,1,0
0.966085250,1,1,1,1
0.966137500,1,1,1,0
0.966137750,1,1,1,1
0.966138250,1,1,1,0
0.966138375,1,1,1,1
0.966190125,1,1,1,0
0.966190250,1,1,1,1
0.966190750,1,1,1,0
0.966190875,1,1,1,1
0.966242625,1,1,1,0
0.966242750,1,1,1,1
0.966243250,1,1,1,0
0.966243375,1,1,1,1
0.966295125,1,1,1,0
0.966295250,1,1,1,1
0.966295750,1,1,1,0
0.966295875,1,1,1,1
0.966347500,1,1,1,0
0.966347750,1,1,1,1
0.966400000,1,1,1,0
0.966400250,1,1,1,1
0.966451250,1,1,1,0
0.966451375,1,1,1,1
0.966451500,1,1,1,0
0.966451625,1,1,1,1
0.966497875,1,1,1,0
0.966498000,1,1,1,1
0.966498125,1,1,1,0
0.966498250,1,1,1,1
0.966501750,1,1,1,0
0.966501875,1,1,1,1
0.966502375,1,1,1,0
0.966502500,1,1,1,1
0.966552875,1,1,1,0
0.966553000,1,1,1,1
0.966599500,1,1,1,0
0.966599625,1,1,1,1
0.966599750,1,1,1,0
0.966599875,1,1,1,1
0.966603250,1,1,1,0
0.966603500,1,1,1,1
0.966604000,1,1,1,0
0.966604125,1,1,1,1
0.966654500,1,1,1,0
0.966654625,1,1,1,1
0.966654750,1,1,1,0
0.966654875,1,1,1,1
0.966703500,1,1,1,0
0.966703625,1,1,1,1
0.966703750,1,1,1,0
0.966703875,1,1,1,1
0.966752500,1,1,1,0
0.966752625,1,1,1,1
0.966752750,1,1,1,0
0.966752875,1,1,1,1
0.966801125,1,1,1,0
0.966801250,1,1,1,1
0.966801750,1,1,1,0
0.966801875,1,1,1,1
0.966846250,1,1,1,0
0.966846375,1,1,1,1
0.966846500,1,1,1,0
0.966846625,1,1,1,1
0.966850125,1,1,1,0
0.966850250,1,1,1,1
0.966850750,1,1,1,0
0.966850875,1,1,1,1
0.966895250,1,1,1,0
0.966895375,1,1,1,1
0.966895500,1,1,1,0
0.966895625,1,1,1,1
0.966899000,1,1,1,0
0.966899250,1,1,1,1
0.966948375,1,1,1,0
0.966948500,1,1,1,1
0.966993125,1,1,1,0
0.966993250,1,1,1,1
0.966997000,1,1,1,0
0.966997125,1,1,1,1
0.966997625,1,1,1,0
0.966997750,1,1,1,1
0.967042125,1,1,1,0
0.967042250,1,1,1,1
0.967042375,1,1,1,0
0.967042500,1,1,1,1
0.967045875,1,1,1,0
0.967046125,1,1,1,1
0.967095250,1,1,1,0
0.967095375,1,1,1,1
0.967095500,1,1,1,0
0.967095625,1,1,1,1
0.967140000,1,1,1,0
0.967140125,1,1,1,1
0.967140250,1,1,1,0
0.967140375,1,1,1,1
0.967143750,1,1,1,0
0.967144000,1,1,1,1
0.967193125,1,1,1,0
0.967193250,1,1,1,1
0.967290500,1,1,1,0
0.967290625,1,1,1,1
0.967339125,1,1,1,0
0.967339250,1,1,1,1
0.967439875,1,1,1,0
0.967440000,1,1,1,1
0.967544000,1,1,1,0
0.967544125,1,1,1,1
0.967811875,1,1,1,0
0.967812250,1,1,1,1
0.967864125,1,1,1,0
0.967864250,1,1,1,1
0.973204375,1,1,1,0
0.973204625,1,1,1,1
0.973264750,1,1,1,0
0.973264875,1,1,1,1
0.973385625,1,1,1,0
0.973385750,1,1,1,1
0.973506500,1,1,1,0
0.973506750,1,1,1,1
0.973804750,1,1,1,0
0.973805000,1,1,1,1
0.974047375,1,1,1,0
0.974047625,1,1,1,1
0.974169000,1,1,1,0
0.974169250,1,1,1,1
0.974229500,1,1,1,0
0.974229625,1,1,1,1
0.974529625,1,1,1,0
0.974529750,1,1,1,1
0.974651125,1,1,1,0
0.974651250,1,1,1,1
0.974712375,1,1,1,0
0.974712625,1,1,1,1
0.974769625,1,1,1,0
0.974769750,1,1,1,1
0.974773625,1,1,1,0
0.974773750,1,1,1,1
0.974829750,1,1,1,0
0.974829875,1,1,1,1
0.974889375,1,1,1,0
0.974889500,1,1,1,1
0.974950500,1,1,1,0
0.974950625,1,1,1,1
0.974954875,1,1,1,0
0.974955000,1,1,1,1
0.975010875,1,1,1,0
0.975011000,1,1,1,1
0.975011125,1,1,1,0
0.975011250,1,1,1,1
0.975015250,1,1,1,0
0.975015375,1,1,1,1
0.975076000,1,1,1,0
0.975076125,1,1,1,1
0.975136250,1,1,1,0
0.975136375,1,1,1,1
0.975136625,1,1,1,0
0.975136750,1,1,1,1
0.975196625,1,1,1,0
0.975196750,1,1,1,1
0.975197000,1,1,1,0
0.975197125,1,1,1,1
0.975257750,1,1,1,0
0.975257875,1,1,1,1
0.975258125,1,1,1,0
0.975258250,1,1,1,1
0.975318125,1,1,1,0
0.975318250,1,1,1,1
0.975318750,1,1,1,0
0.975318875,1,1,1,1
0.975379625,1,1,1,0
0.975379750,1,1,1,1
0.975435875,1,1,1,0
0.975436000,1,1,1,1
0.975439875,1,1,1,0
0.975440000,1,1,1,1
0.975440500,1,1,1,0
0.975440625,1,1,1,1
0.975501375,1,1,1,0
0.975501500,1,1,1,1
0.975501625,1,1,1,0
0.975501750,1,1,1,1
0.975502000,1,1,1,0
0.975502125,1,1,1,1
0.975563375,1,1,1,0
0.975563625,1,1,1,1
0.975564125,1,1,1,0
0.975564250,1,1,1,1
0.975624250,1,1,1,0
0.975624375,1,1,1,1
0.975681250,1,1,1,0
0.975681375,1,1,1,1
0.975681500,1,1,1,0
0.975681625,1,1,1,1
0.975685500,1,1,1,0
0.975685625,1,1,1,1
0.975746500,1,1,1,0
0.975746625,1,1,1,1
0.975746750,1,1,1,0
0.975746875,1,1,1,1
0.975747125,1,1,1,0
0.975747250,1,1,1,1
0.975804000,1,1,1,0
0.975804125,1,1,1,1
0.975807875,1,1,1,0
0.975808000,1,1,1,1
0.975865500,1,1,1,0
0.975865625,1,1,1,1
0.975865750,1,1,1,0
0.975865875,1,1,1,1
0.975869375,1,1,1,0
0.975869500,1,1,1,1
0.975869750,1,1,1,0
0.975869875,1,1,1,1
0.975927000,1,1,1,0
0.975927125,1,1,1,1
0.975927250,1,1,1,0
0.975927375,1,1,1,1
0.975931250,1,1,1,0
0.975931375,1,1,1,1
0.975992250,1,1,1,0
0.975992375,1,1,1,1
0.975992625,1,1,1,0
0.975992750,1,1,1,1
0.976053625,1,1,1,0
0.976053750,1,1,1,1
0.976054250,1,1,1,0
0.976054375,1,1,1,1
0.976114750,1,1,1,0
0.976115000,1,1,1,1
0.976175875,1,1,1,0
0.976176000,1,1,1,1
0.976176250,1,1,1,0
0.976176375,1,1,1,1
0.976236000,1,1,1,0
0.976236250,1,1,1,1
0.976236750,1,1,1,0
0.976236875,1,1,1,1
0.976296625,1,1,1,0
0.976296750,1,1,1,1
0.976352625,1,1,1,0
0.976352750,1,1,1,1
0.976352875,1,1,1,0
0.976353000,1,1,1,1
0.976356500,1,1,1,0
0.976356625,1,1,1,1
0.976357125,1,1,1,0
0.976357250,1,1,1,1
0.976413000,1,1,1,0
0.976413125,1,1,1,1
0.976416875,1,1,1,0
0.976417000,1,1,1,1
0.976417125,1,1,1,0
0.976417250,1,1,1,1
0.976417500,1,1,1,0
0.976417625,1,1,1,1
0.976477250,1,1,1,0
0.976477375,1,1,1,1
0.976533625,1,1,1,0
0.976533750,1,1,1,1
0.976533875,1,1,1,0
0.976534000,1,1,1,1
0.976537375,1,1,1,0
0.976537625,1,1,1,1
0.976538125,1,1,1,0
0.976538250,1,1,1,1
0.976596375,1,1,1,0
0.976596500,1,1,1,1
0.976649750,1,1,1,0
0.976649875,1,1,1,1
0.976650000,1,1,1,0
0.976650125,1,1,1,1
0.976653500,1,1,1,0
0.976653750,1,1,1,1
0.976710750,1,1,1,0
0.976710875,1,1,1,1
0.976711375,1,1,1,0
0.976711500,1,1,1,1
0.976764375,1,1,1,0
0.976764500,1,1,1,1
0.976764625,1,1,1,0
0.976764750,1,1,1,1
0.976768125,1,1,1,0
0.976768375,1,1,1,1
0.976822625,1,1,1,0
0.976822750,1,1,1,1
0.976826125,1,1,1,0
0.976826250,1,1,1,1
0.976883125,1,1,1,0
0.976883250,1,1,1,1
0.976883500,1,1,1,0
0.976883625,1,1,1,1
0.976936250,1,1,1,0
0.976936375,1,1,1,1
0.976936500,1,1,1,0
0.976936625,1,1,1,1
0.976940125,1,1,1,0
0.976940250,1,1,1,1
0.976940750,1,1,1,0
0.976940875,1,1,1,1
0.976997375,1,1,1,0
0.976997500,1,1,1,1
0.977050250,1,1,1,0
0.977050375,1,1,1,1
0.977050500,1,1,1,0
0.977050625,1,1,1,1
0.977054000,1,1,1,0
0.977054250,1,1,1,1
0.977108375,1,1,1,0
0.977108500,1,1,1,1
0.977108625,1,1,1,0
0.977108750,1,1,1,1
0.977112125,1,1,1,0
0.977112375,1,1,1,1
0.977171000,1,1,1,0
0.977171125,1,1,1,1
0.977171250,1,1,1,0
0.977171375,1,1,1,1
0.977230125,1,1,1,0
0.977230250,1,1,1,1
0.977285375,1,1,1,0
0.977285500,1,1,1,1
0.977289125,1,1,1,0
0.977289375,1,1,1,1
0.977344625,1,1,1,0
0.977344750,1,1,1,1
0.977348500,1,1,1,0
0.977348625,1,1,1,1
0.977407625,1,1,1,0
0.977407750,1,1,1,1
0.977526000,1,1,1,0
0.977526125,1,1,1,1
0.977583750,1,1,1,0
0.977584000,1,1,1,1
0.977699875,1,1,1,0
0.977700000,1,1,1,1
0.984091875,1,1,1,0
0.984092000,1,1,1,1
0.984518375,1,1,1,0
0.984518625,1,1,1,1
0.984697375,1,1,1,0
0.984697500,1,1,1,1
0.984751500,1,1,1,0
0.984751625,1,1,1,1
0.984814250,1,1,1,0
0.984814375,1,1,1,1
0.984868250,1,1,1,0
0.984868375,1,1,1,1
0.984930375,1,1,1,0
0.984930500,1,1,1,1
0.984983750,1,1,1,0
0.984983875,1,1,1,1
0.984987750,1,1,1,0
0.984987875,1,1,1,1
0.984988375,1,1,1,0
0.984988500,1,1,1,1
0.985041875,1,1,1,0
0.985042000,1,1,1,1
0.985045875,1,1,1,0
0.985046000,1,1,1,1
0.985046250,1,1,1,0
0.985046375,1,1,1,1
0.985103875,1,1,1,0
0.985104125,1,1,1,1
0.985104625,1,1,1,0
0.985104750,1,1,1,1
0.985159125,1,1,1,0
0.985159250,1,1,1,1
0.985159375,1,1,1,0
0.985159500,1,1,1,1
0.985163000,1,1,1,0
0.985163250,1,1,1,1
0.985163750,1,1,1,0
0.985163875,1,1,1,1
0.985217375,1,1,1,0
0.985217500,1,1,1,1
0.985222000,1,1,1,0
0.985222125,1,1,1,1
0.985279875,1,1,1,0
0.985280000,1,1,1,1
0.985339250,1,1,1,0
0.985339375,1,1,1,1
0.985339625,1,1,1,0
0.985339750,1,1,1,1
0.985399250,1,1,1,0
0.985399375,1,1,1,1
0.985399500,1,1,1,0
0.985399625,1,1,1,1
0.985455000,1,1,1,0
0.985455125,1,1,1,1
0.985455250,1,1,1,0
0.985455375,1,1,1,1
0.985459000,1,1,1,0
0.985459125,1,1,1,1
0.985459625,1,1,1,0
0.985459750,1,1,1,1
0.985513375,1,1,1,0
0.985513500,1,1,1,1
0.985517375,1,1,1,0
0.985517500,1,1,1,1
0.985518000,1,1,1,0
0.985518125,1,1,1,1
0.985572500,1,1,1,0
0.985572625,1,1,1,1
0.985572750,1,1,1,0
0.985572875,1,1,1,1
0.985576375,1,1,1,0
0.985576500,1,1,1,1
0.985635375,1,1,1,0
0.985635625,1,1,1,1
0.985636125,1,1,1,0
0.985636250,1,1,1,1
0.985689875,1,1,1,0
0.985690000,1,1,1,1
0.985693750,1,1,1,0
0.985694000,1,1,1,1
0.985749375,1,1,1,0
0.985749500,1,1,1,1
0.985749625,1,1,1,0
0.985749750,1,1,1,1
0.985753625,1,1,1,0
0.985753750,1,1,1,1
0.985809625,1,1,1,0
0.985809750,1,1,1,1
0.985809875,1,1,1,0
0.985810000,1,1,1,1
0.985813500,1,1,1,0
0.985813625,1,1,1,1
0.985813875,1,1,1,0
0.985814000,1,1,1,1
0.985869875,1,1,1,0
0.985870000,1,1,1,1
0.985870125,1,1,1,0
0.985870250,1,1,1,1
0.985873750,1,1,1,0
0.985873875,1,1,1,1
0.985874125,1,1,1,0
0.985874250,1,1,1,1
0.985933875,1,1,1,0
0.985934125,1,1,1,1
0.985989500,1,1,1,0
0.985989625,1,1,1,1
0.985993375,1,1,1,0
0.985993500,1,1,1,1
0.985993750,1,1,1,0
0.985993875,1,1,1,1
0.986049625,1,1,1,0
0.986049750,1,1,1,1
0.986049875,1,1,1,0
0.986050000,1,1,1,1
0.986053500,1,1,1,0
0.986053625,1,1,1,1
0.986054125,1,1,1,0
0.986054250,1,1,1,1
0.986112625,1,1,1,0
0.986112875,1,1,1,1
0.986168750,1,1,1,0
0.986168875,1,1,1,1
0.986173000,1,1,1,0
0.986173125,1,1,1,1
0.986228000,1,1,1,0
0.986228125,1,1,1,1
0.986232250,1,1,1,0
0.986232375,1,1,1,1
0.986292000,1,1,1,0
0.986292125,1,1,1,1
0.986348375,1,1,1,0
0.986348500,1,1,1,1
0.986352625,1,1,1,0
0.986352750,1,1,1,1
0.986412500,1,1,1,0
0.986412625,1,1,1,1
0.986412875,1,1,1,0
0.986413000,1,1,1,1
0.986469125,1,1,1,0
0.986469250,1,1,1,1
0.986469375,1,1,1,0
0.986469500,1,1,1,1
0.986472875,1,1,1,0
0.986473125,1,1,1,1
0.986530000,1,1,1,0
0.986530125,1,1,1,1
0.986530250,1,1,1,0
0.986530375,1,1,1,1
0.986533875,1,1,1,0
0.986534000,1,1,1,1
0.986534500,1,1,1,0
0.986534625,1,1,1,1
0.986590250,1,1,1,0
0.986590375,1,1,1,1
0.986590500,1,1,1,0
0.986590625,1,1,1,1
0.986594125,1,1,1,0
0.986594250,1,1,1,1
0.986594750,1,1,1,0
0.986594875,1,1,1,1
0.986650500,1,1,1,0
0.986650625,1,1,1,1
0.986650750,1,1,1,0
0.986650875,1,1,1,1
0.986654250,1,1,1,0
0.986654500,1,1,1,1
0.986655000,1,1,1,0
0.986655125,1,1,1,1
0.986714500,1,1,1,0
0.986714625,1,1,1,1
0.986714875,1,1,1,0
0.986715000,1,1,1,1
0.986775125,1,1,1,0
0.986775250,1,1,1,1
0.986835375,1,1,1,0
0.986835500,1,1,1,1
0.986895375,1,1,1,0
0.986895500,1,1,1,1
0.986895750,1,1,1,0
0.986895875,1,1,1,1
0.986952000,1,1,1,0
0.986952125,1,1,1,1
0.986955875,1,1,1,0
0.986956000,1,1,1,1
0.986956500,1,1,1,0
0.986956625,1,1,1,1
0.987012500,1,1,1,0
0.987012625,1,1,1,1
0.987012750,1,1,1,0
0.987012875,1,1,1,1
0.987016250,1,1,1,0
0.987016500,1,1,1,1
0.987077625,1,1,1,0
0.987077750,1,1,1,1
0.987132750,1,1,1,0
0.987132875,1,1,1,1
0.987133000,1,1,1,0
0.987133125,1,1,1,1
0.987136500,1,1,1,0
0.987136625,1,1,1,1
0.987192875,1,1,1,0
0.987193000,1,1,1,1
0.987196750,1,1,1,0
0.987196875,1,1,1,1
0.987253125,1,1,1,0
0.987253250,1,1,1,1
0.987257000,1,1,1,0
0.987257125,1,1,1,1
0.987318250,1,1,1,0
0.987318375,1,1,1,1
0.987437625,1,1,1,0
0.987437750,1,1,1,1
0.987619125,1,1,1,0
0.987619250,1,1,1,1
0.987740375,1,1,1,0
0.987740500,1,1,1,1
0.987800000,1,1,1,0
0.987800125,1,1,1,1
0.993144750,1,1,1,0
0.993145000,1,1,1,1
0.993206125,1,1,1,0
0.993206250,1,1,1,1
0.993390000,1,1,1,0
0.993390125,1,1,1,1
0.993450250,1,1,1,0
0.993450500,1,1,1,1
0.993631125,1,1,1,0
0.993631375,1,1,1,1
0.993692625,1,1,1,0
0.993692875,1,1,1,1
0.993815750,1,1,1,0
0.993816000,1,1,1,1
0.993939000,1,1,1,0
0.993939125,1,1,1,1
0.994120375,1,1,1,0
0.994120500,1,1,1,1
0.994181500,1,1,1,0
0.994181625,1,1,1,1
0.994243125,1,1,1,0
0.994243250,1,1,1,1
0.994484750,1,1,1,0
0.994485000,1,1,1,1
0.994724375,1,1,1,0
0.994724500,1,1,1,1
0.994728375,1,1,1,0
0.994728500,1,1,1,1
0.994788500,1,1,1,0
0.994788750,1,1,1,1
0.994844625,1,1,1,0
0.994844750,1,1,1,1
0.994849000,1,1,1,0
0.994849125,1,1,1,1
0.994909500,1,1,1,0
0.994909625,1,1,1,1
0.994970375,1,1,1,0
0.994970500,1,1,1,1
0.994971000,1,1,1,0
0.994971125,1,1,1,1
0.995026500,1,1,1,0
0.995026625,1,1,1,1
0.995026750,1,1,1,0
0.995026875,1,1,1,1
0.995030875,1,1,1,0
0.995031000,1,1,1,1
0.995090250,1,1,1,0
0.995090375,1,1,1,1
0.995150250,1,1,1,0
0.995150500,1,1,1,1
0.995207500,1,1,1,0
0.995207625,1,1,1,1
0.995207750,1,1,1,0
0.995207875,1,1,1,1
0.995211500,1,1,1,0
0.995211625,1,1,1,1
0.995212125,1,1,1,0
0.995212250,1,1,1,1
0.995271625,1,1,1,0
0.995271750,1,1,1,1
0.995272000,1,1,1,0
0.995272125,1,1,1,1
0.995331750,1,1,1,0
0.995331875,1,1,1,1
0.995332125,1,1,1,0
0.995332250,1,1,1,1
0.995391500,1,1,1,0
0.995391625,1,1,1,1
0.995447750,1,1,1,0
0.995447875,1,1,1,1
0.995448000,1,1,1,0
0.995448125,1,1,1,1
0.995451625,1,1,1,0
0.995451750,1,1,1,1
0.995509375,1,1,1,0
0.995509500,1,1,1,1
0.995513375,1,1,1,0
0.995513500,1,1,1,1
0.995570375,1,1,1,0
0.995570500,1,1,1,1
0.995574250,1,1,1,0
0.995574500,1,1,1,1
0.995631500,1,1,1,0
0.995631625,1,1,1,1
0.995631750,1,1,1,0
0.995631875,1,1,1,1
0.995635375,1,1,1,0
0.995635500,1,1,1,1
0.995635750,1,1,1,0
0.995635875,1,1,1,1
0.995691000,1,1,1,0
0.995691125,1,1,1,1
0.995691250,1,1,1,0
0.995691375,1,1,1,1
0.995694875,1,1,1,0
0.995695000,1,1,1,1
0.995695250,1,1,1,0
0.995695375,1,1,1,1
0.995755250,1,1,1,0
0.995755375,1,1,1,1
0.995755500,1,1,1,0
0.995755625,1,1,1,1
0.995755875,1,1,1,0
0.995756000,1,1,1,1
0.995815625,1,1,1,0
0.995815750,1,1,1,1
0.995872250,1,1,1,0
0.995872375,1,1,1,1
0.995876125,1,1,1,0
0.995876250,1,1,1,1
0.995876500,1,1,1,0
0.995876625,1,1,1,1
0.995936625,1,1,1,0
0.995936750,1,1,1,1
0.995937000,1,1,1,0
0.995937125,1,1,1,1
0.995993250,1,1,1,0
0.995993375,1,1,1,1
0.995997500,1,1,1,0
0.995997625,1,1,1,1
0.996053750,1,1,1,0
0.996053875,1,1,1,1
0.996054000,1,1,1,0
0.996054125,1,1,1,1
0.996057625,1,1,1,0
0.996057750,1,1,1,1
0.996057875,1,1,1,0
0.996058000,1,1,1,1
0.996058250,1,1,1,0
0.996058375,1,1,1,1
0.996118000,1,1,1,0
0.996118125,1,1,1,1
0.996118375,1,1,1,0
0.996118500,1,1,1,1
0.996178250,1,1,1,0
0.996178375,1,1,1,1
0.996178625,1,1,1,0
0.996178750,1,1,1,1
0.996234500,1,1,1,0
0.996234625,1,1,1,1
0.996234750,1,1,1,0
0.996234875,1,1,1,1
0.996239000,1,1,1,0
0.996239125,1,1,1,1
0.996297500,1,1,1,0
0.996297625,1,1,1,1
0.996353125,1,1,1,0
0.996353250,1,1,1,1
0.996353375,1,1,1,0
0.996353500,1,1,1,1
0.996357000,1,1,1,0
0.996357125,1,1,1,1
0.996357625,1,1,1,0
0.996357750,1,1,1,1
0.996417125,1,1,1,0
0.996417250,1,1,1,1
0.996473375,1,1,1,0
0.996473500,1,1,1,1
0.996473625,1,1,1,0
0.996473750,1,1,1,1
0.996477250,1,1,1,0
0.996477375,1,1,1,1
0.996477875,1,1,1,0
0.996478000,1,1,1,1
0.996536875,1,1,1,0
0.996537000,1,1,1,1
0.996596500,1,1,1,0
0.996596625,1,1,1,1
0.996596875,1,1,1,0
0.996597000,1,1,1,1
0.996651875,1,1,1,0
0.996652000,1,1,1,1
0.996652125,1,1,1,0
0.996652250,1,1,1,1
0.996655750,1,1,1,0
0.996655875,1,1,1,1
0.996656375,1,1,1,0
0.996656500,1,1,1,1
0.996711875,1,1,1,0
0.996712000,1,1,1,1
0.996712125,1,1,1,0
0.996712250,1,1,1,1
0.996715625,1,1,1,0
0.996715875,1,1,1,1
0.996771000,1,1,1,0
0.996771125,1,1,1,1
0.996771250,1,1,1,0
0.996771375,1,1,1,1
0.996774750,1,1,1,0
0.996775000,1,1,1,1
0.996830875,1,1,1,0
0.996831000,1,1,1,1
0.996831125,1,1,1,0
0.996831250,1,1,1,1
0.996834625,1,1,1,0
0.996834875,1,1,1,1
0.996835375,1,1,1,0
0.996835500,1,1,1,1
0.996895250,1,1,1,0
0.996895375,1,1,1,1
0.996955625,1,1,1,0
0.996955750,1,1,1,1
0.997015750,1,1,1,0
0.997015875,1,1,1,1
0.997016375,1,1,1,0
0.997016500,1,1,1,1
0.997076750,1,1,1,0
0.997076875,1,1,1,1
0.997077375,1,1,1,0
0.997077500,1,1,1,1
0.997132875,1,1,1,0
0.997133000,1,1,1,1
0.997133125,1,1,1,0
0.997133250,1,1,1,1
0.997136750,1,1,1,0
0.997136875,1,1,1,1
0.997137375,1,1,1,0
0.997137500,1,1,1,1
0.997195875,1,1,1,0
0.997196000,1,1,1,1
0.997256000,1,1,1,0
0.997256125,1,1,1,1
0.997373875,1,1,1,0
0.997374000,1,1,1,1
0.997377750,1,1,1,0
0.997377875,1,1,1,1
0.997435125,1,1,1,0
0.997435250,1,1,1,1
0.997438875,1,1,1,0
0.997439125,1,1,1,1
0.997500375,1,1,1,0
0.997500500,1,1,1,1
0.997560625,1,1,1,0
0.997560750,1,1,1,1
0.997681750,1,1,1,0
0.997681875,1,1,1,1
1.003557875,1,1,1,0
1.003558000,1,1,1,1
1.003619125,1,1,1,0
1.003619250,1,1,1,1
1.003679500,1,1,1,0
1.003679625,1,1,1,1
1.003982125,1,1,1,0
1.003982250,1,1,1,1
1.004042750,1,1,1,0
1.004042875,1,1,1,1
1.004225625,1,1,1,0
1.004225750,1,1,1,1
1.004583625,1,1,1,0
1.004583750,1,1,1,1
1.004587500,1,1,1,0
1.004587750,1,1,1,1
1.004649125,1,1,1,0
1.004649250,1,1,1,1
1.004706000,1,1,1,0
1.004706125,1,1,1,1
1.004710250,1,1,1,0
1.004710375,1,1,1,1
1.004770000,1,1,1,0
1.004770125,1,1,1,1
1.004826125,1,1,1,0
1.004826250,1,1,1,1
1.004830125,1,1,1,0
1.004830250,1,1,1,1
1.004947500,1,1,1,0
1.004947625,1,1,1,1
1.004951500,1,1,1,0
1.004951625,1,1,1,1
1.005011000,1,1,1,0
1.005011125,1,1,1,1
1.005011375,1,1,1,0
1.005011500,1,1,1,1
1.005071625,1,1,1,0
1.005071750,1,1,1,1
1.005072000,1,1,1,0
1.005072125,1,1,1,1
1.005129000,1,1,1,0
1.005129125,1,1,1,1
1.005129250,1,1,1,0
1.005129375,1,1,1,1
1.005133375,1,1,1,0
1.005133500,1,1,1,1
1.005133625,1,1,1,0
1.005133750,1,1,1,1
1.005190250,1,1,1,0
1.005190375,1,1,1,1
1.005190500,1,1,1,0
1.005190625,1,1,1,1
1.005194250,1,1,1,0
1.005194375,1,1,1,1
1.005194875,1,1,1,0
1.005195000,1,1,1,1
1.005255000,1,1,1,0
1.005255125,1,1,1,1
1.005311250,1,1,1,0
1.005311375,1,1,1,1
1.005311500,1,1,1,0
1.005311625,1,1,1,1
1.005315125,1,1,1,0
1.005315375,1,1,1,1
1.005315875,1,1,1,0
1.005316000,1,1,1,1
1.005372375,1,1,1,0
1.005372500,1,1,1,1
1.005372625,1,1,1,0
1.005372750,1,1,1,1
1.005376250,1,1,1,0
1.005376500,1,1,1,1
1.005435875,1,1,1,0
1.005436000,1,1,1,1
1.005436250,1,1,1,0
1.005436375,1,1,1,1
1.005492500,1,1,1,0
1.005492625,1,1,1,1
1.005492750,1,1,1,0
1.005492875,1,1,1,1
1.005496375,1,1,1,0
1.005496500,1,1,1,1
1.005496750,1,1,1,0
1.005496875,1,1,1,1
1.005557500,1,1,1,0
1.005557625,1,1,1,1
1.005558125,1,1,1,0
1.005558250,1,1,1,1
1.005613125,1,1,1,0
1.005613250,1,1,1,1
1.005613375,1,1,1,0
1.005613500,1,1,1,1
1.005617000,1,1,1,0
1.005617125,1,1,1,1
1.005677500,1,1,1,0
1.005677625,1,1,1,1
1.005678125,1,1,1,0
1.005678250,1,1,1,1
1.005734625,1,1,1,0
1.005734750,1,1,1,1
1.005734875,1,1,1,0
1.005735000,1,1,1,1
1.005738875,1,1,1,0
1.005739000,1,1,1,1
1.005798375,1,1,1,0
1.005798625,1,1,1,1
1.005799125,1,1,1,0
1.005799250,1,1,1,1
1.005854875,1,1,1,0
1.005855000,1,1,1,1
1.005855125,1,1,1,0
1.005855250,1,1,1,1
1.005858750,1,1,1,0
1.005858875,1,1,1,1
1.005859375,1,1,1,0
1.005859500,1,1,1,1
1.005915375,1,1,1,0
1.005915500,1,1,1,1
1.005915625,1,1,1,0
1.005915750,1,1,1,1
1.005919250,1,1,1,0
1.005919375,1,1,1,1
1.005919875,1,1,1,0
1.005920000,1,1,1,1
1.005980375,1,1,1,0
1.005980500,1,1,1,1
1.005981000,1,1,1,0
1.005981125,1,1,1,1
1.006040500,1,1,1,0
1.006040750,1,1,1,1
1.006041250,1,1,1,0
1.006041375,1,1,1,1
1.006097000,1,1,1,0
1.006097125,1,1,1,1
1.006097250,1,1,1,0
1.006097375,1,1,1,1
1.006101250,1,1,1,0
1.006101375,1,1,1,1
1.006101500,1,1,1,0
1.006101625,1,1,1,1
1.006157500,1,1,1,0
1.006157625,1,1,1,1
1.006157750,1,1,1,0
1.006157875,1,1,1,1
1.006161375,1,1,1,0
1.006161500,1,1,1,1
1.006162000,1,1,1,0
1.006162125,1,1,1,1
1.006222750,1,1,1,0
1.006222875,1,1,1,1
1.006282250,1,1,1,0
1.006282500,1,1,1,1
1.006342500,1,1,1,0
1.006342625,1,1,1,1
1.006399125,1,1,1,0
1.006399250,1,1,1,1
1.006399375,1,1,1,0
1.006399500,1,1,1,1
1.006403000,1,1,1,0
1.006403125,1,1,1,1
1.006403625,1,1,1,0
1.006403750,1,1,1,1
1.006460125,1,1,1,0
1.006460250,1,1,1,1
1.006460375,1,1,1,0
1.006460500,1,1,1,1
1.006464000,1,1,1,0
1.006464125,1,1,1,1
1.006464625,1,1,1,0
1.006464750,1,1,1,1
1.006519625,1,1,1,0
1.006519750,1,1,1,1
1.006519875,1,1,1,0
1.006520000,1,1,1,1
1.006523375,1,1,1,0
1.006523625,1,1,1,1
1.006524125,1,1,1,0
1.006524250,1,1,1,1
1.006579875,1,1,1,0
1.006580000,1,1,1,1
1.006583750,1,1,1,0
1.006583875,1,1,1,1
1.006584375,1,1,1,0
1.006584500,1,1,1,1
1.006640875,1,1,1,0
1.006641000,1,1,1,1
1.006641125,1,1,1,0
1.006641250,1,1,1,1
1.006644750,1,1,1,0
1.006644875,1,1,1,1
1.006645375,1,1,1,0
1.006645500,1,1,1,1
1.006704625,1,1,1,0
1.006704750,1,1,1,1
1.006705000,1,1,1,0
1.006705125,1,1,1,1
1.006764125,1,1,1,0
1.006764250,1,1,1,1
1.006824125,1,1,1,0
1.006824250,1,1,1,1
1.006883125,1,1,1,0
1.006883250,1,1,1,1
1.006883500,1,1,1,0
1.006883625,1,1,1,1
1.006944125,1,1,1,0
1.006944250,1,1,1,1
1.006944750,1,1,1,0
1.006944875,1,1,1,1
1.007000375,1,1,1,0
1.007000500,1,1,1,1
1.007000625,1,1,1,0
1.007000750,1,1,1,1
1.007004250,1,1,1,0
1.007004375,1,1,1,1
1.007004875,1,1,1,0
1.007005000,1,1,1,1
1.007060625,1,1,1,0
1.007060750,1,1,1,1
1.007060875,1,1,1,0
1.007061000,1,1,1,1
1.007064375,1,1,1,0
1.007064625,1,1,1,1
1.007065125,1,1,1,0
1.007065250,1,1,1,1
1.007121625,1,1,1,0
1.007121750,1,1,1,1
1.007125375,1,1,1,0
1.007125625,1,1,1,1
1.007181625,1,1,1,0
1.007181750,1,1,1,1
1.007185375,1,1,1,0
1.007185500,1,1,1,1
1.007245250,1,1,1,0
1.007245375,1,1,1,1
1.007305375,1,1,1,0
1.007305625,1,1,1,1
1.007362750,1,1,1,0
1.007362875,1,1,1,1
1.007366625,1,1,1,0
1.007366750,1,1,1,1
1.007428000,1,1,1,0
1.007428125,1,1,1,1
1.007484375,1,1,1,0
1.007484500,1,1,1,1
1.007488125,1,1,1,0
1.007488250,1,1,1,1
1.007729250,1,1,1,0
1.007729375,1,1,1,1
1.013002000,1,1,1,0
1.013002250,1,1,1,1
1.013123500,1,1,1,0
1.013123750,1,1,1,1
1.013426500,1,1,1,0
1.013426625,1,1,1,1
1.013607750,1,1,1,0
1.013607875,1,1,1,1
1.013729250,1,1,1,0
1.013729500,1,1,1,1
1.013789500,1,1,1,0
1.013789750,1,1,1,1
1.013850125,1,1,1,0
1.013850375,1,1,1,1
1.013911375,1,1,1,0
1.013911500,1,1,1,1
1.014093375,1,1,1,0
1.014093625,1,1,1,1
1.014153000,1,1,1,0
1.014153125,1,1,1,1
1.014698000,1,1,1,0
1.014698250,1,1,1,1
1.014757875,1,1,1,0
1.014758000,1,1,1,1
1.014814000,1,1,1,0
1.014814125,1,1,1,1
1.014818250,1,1,1,0
1.014818375,1,1,1,1
1.014875375,1,1,1,0
1.014875500,1,1,1,1
1.014879625,1,1,1,0
1.014879750,1,1,1,1
1.014940750,1,1,1,0
1.014941000,1,1,1,1
1.015002250,1,1,1,0
1.015002500,1,1,1,1
1.015059875,1,1,1,0
1.015060000,1,1,1,1
1.015060125,1,1,1,0
1.015060250,1,1,1,1
1.015063875,1,1,1,0
1.015064000,1,1,1,1
1.015064500,1,1,1,0
1.015064625,1,1,1,1
1.015125375,1,1,1,0
1.015125500,1,1,1,1
1.015125750,1,1,1,0
1.015125875,1,1,1,1
1.015186750,1,1,1,0
1.015186875,1,1,1,1
1.015187125,1,1,1,0
1.015187250,1,1,1,1
1.015244000,1,1,1,0
1.015244125,1,1,1,1
1.015244250,1,1,1,0
1.015244375,1,1,1,1
1.015248000,1,1,1,0
1.015248125,1,1,1,1
1.015248625,1,1,1,0
1.015248750,1,1,1,1
1.015304125,1,1,1,0
1.015304250,1,1,1,1
1.015308125,1,1,1,0
1.015308250,1,1,1,1
1.015308750,1,1,1,0
1.015308875,1,1,1,1
1.015363500,1,1,1,0
1.015363625,1,1,1,1
1.015363750,1,1,1,0
1.015363875,1,1,1,1
1.015367375,1,1,1,0
1.015367500,1,1,1,1
1.015427750,1,1,1,0
1.015427875,1,1,1,1
1.015428375,1,1,1,0
1.015428500,1,1,1,1
1.015484875,1,1,1,0
1.015485000,1,1,1,1
1.015485125,1,1,1,0
1.015485250,1,1,1,1
1.015488750,1,1,1,0
1.015489000,1,1,1,1
1.015545000,1,1,1,0
1.015545125,1,1,1,1
1.015545250,1,1,1,0
1.015545375,1,1,1,1
1.015548875,1,1,1,0
1.015549000,1,1,1,1
1.015604500,1,1,1,0
1.015604625,1,1,1,1
1.015604750,1,1,1,0
1.015604875,1,1,1,1
1.015608375,1,1,1,0
1.015608500,1,1,1,1
1.015608750,1,1,1,0
1.015608875,1,1,1,1
1.015669500,1,1,1,0
1.015669625,1,1,1,1
1.015670125,1,1,1,0
1.015670250,1,1,1,1
1.015729625,1,1,1,0
1.015729750,1,1,1,1
1.015786250,1,1,1,0
1.015786375,1,1,1,1
1.015786500,1,1,1,0
1.015786625,1,1,1,1
1.015790500,1,1,1,0
1.015790625,1,1,1,1
1.015847500,1,1,1,0
1.015847625,1,1,1,1
1.015847750,1,1,1,0
1.015847875,1,1,1,1
1.015851750,1,1,1,0
1.015851875,1,1,1,1
1.015908625,1,1,1,0
1.015908750,1,1,1,1
1.015908875,1,1,1,0
1.015909000,1,1,1,1
1.015913125,1,1,1,0
1.015913250,1,1,1,1
1.015972750,1,1,1,0
1.015972875,1,1,1,1
1.015973125,1,1,1,0
1.015973250,1,1,1,1
1.016029375,1,1,1,0
1.016029500,1,1,1,1
1.016029625,1,1,1,0
1.016029750,1,1,1,1
1.016033625,1,1,1,0
1.016033750,1,1,1,1
1.016033875,1,1,1,0
1.016034000,1,1,1,1
1.016090375,1,1,1,0
1.016090500,1,1,1,1
1.016094625,1,1,1,0
1.016094750,1,1,1,1
1.016149875,1,1,1,0
1.016150000,1,1,1,1
1.016154125,1,1,1,0
1.016154250,1,1,1,1
1.016210250,1,1,1,0
1.016210375,1,1,1,1
1.016210500,1,1,1,0
1.016210625,1,1,1,1
1.016214125,1,1,1,0
1.016214250,1,1,1,1
1.016214750,1,1,1,0
1.016214875,1,1,1,1
1.016271250,1,1,1,0
1.016271375,1,1,1,1
1.016271500,1,1,1,0
1.016271625,1,1,1,1
1.016275125,1,1,1,0
1.016275250,1,1,1,1
1.016275750,1,1,1,0
1.016275875,1,1,1,1
1.016331125,1,1,1,0
1.016331250,1,1,1,1
1.016335375,1,1,1,0
1.016335500,1,1,1,1
1.016335625,1,1,1,0
1.016335750,1,1,1,1
1.016395625,1,1,1,0
1.016395750,1,1,1,1
1.016451875,1,1,1,0
1.016452000,1,1,1,1
1.016452125,1,1,1,0
1.016452250,1,1,1,1
1.016455625,1,1,1,0
1.016455875,1,1,1,1
1.016456375,1,1,1,0
1.016456500,1,1,1,1
1.016512875,1,1,1,0
1.016513000,1,1,1,1
1.016513125,1,1,1,0
1.016513250,1,1,1,1
1.016516750,1,1,1,0
1.016516875,1,1,1,1
1.016517375,1,1,1,0
1.016517500,1,1,1,1
1.016572875,1,1,1,0
1.016573000,1,1,1,1
1.016573125,1,1,1,0
1.016573250,1,1,1,1
1.016576625,1,1,1,0
1.016576875,1,1,1,1
1.016577375,1,1,1,0
1.016577500,1,1,1,1
1.016632000,1,1,1,0
1.016632125,1,1,1,1
1.016635875,1,1,1,0
1.016636000,1,1,1,1
1.016636500,1,1,1,0
1.016636625,1,1,1,1
1.016692125,1,1,1,0
1.016692250,1,1,1,1
1.016692375,1,1,1,0
1.016692500,1,1,1,1
1.016695875,1,1,1,0
1.016696125,1,1,1,1
1.016756125,1,1,1,0
1.016756250,1,1,1,1
1.016756750,1,1,1,0
1.016756875,1,1,1,1
1.016812750,1,1,1,0
1.016812875,1,1,1,1
1.016813000,1,1,1,0
1.016813125,1,1,1,1
1.016816625,1,1,1,0
1.016816750,1,1,1,1
1.016817250,1,1,1,0
1.016817375,1,1,1,1
1.016877750,1,1,1,0
1.016877875,1,1,1,1
1.016878375,1,1,1,0
1.016878500,1,1,1,1
1.016934875,1,1,1,0
1.016935000,1,1,1,1
1.016935125,1,1,1,0
1.016935250,1,1,1,1
1.016938750,1,1,1,0
1.016938875,1,1,1,1
1.016939375,1,1,1,0
1.016939500,1,1,1,1
1.016998500,1,1,1,0
1.016998625,1,1,1,1
1.017058875,1,1,1,0
1.017059000,1,1,1,1
1.017175125,1,1,1,0
1.017175250,1,1,1,1
1.017179000,1,1,1,0
1.017179125,1,1,1,1
1.017296500,1,1,1,0
1.017296625,1,1,1,1
1.017300250,1,1,1,0
1.017300500,1,1,1,1
1.017360625,1,1,1,0
1.017360750,1,1,1,1
1.017415625,1,1,1,0
1.017415750,1,1,1,1
1.017419375,1,1,1,0
1.017419500,1,1,1,1
1.017475625,1,1,1,0
1.017475750,1,1,1,1
1.017479375,1,1,1,0
1.017479500,1,1,1,1
1.017535625,1,1,1,0
1.017535750,1,1,1,1
1.017539875,1,1,1,0
1.017540000,1,1,1,1
1.017599000,1,1,1,0
1.017599125,1,1,1,1
1.017659750,1,1,1,0
1.017659875,1,1,1,1
1.023599250,1,1,1,0
1.023599375,1,1,1,1
1.024507750,1,1,1,0
1.024507875,1,1,1,1
1.024629750,1,1,1,0
1.024629875,1,1,1,1
1.024686000,1,1,1,0
1.024686125,1,1,1,1
1.024690000,1,1,1,0
1.024690125,1,1,1,1
1.024751250,1,1,1,0
1.024751375,1,1,1,1
1.024812000,1,1,1,0
1.024812125,1,1,1,1
1.024872750,1,1,1,0
1.024872875,1,1,1,1
1.024928875,1,1,1,0
1.024929000,1,1,1,1
1.024933250,1,1,1,0
1.024933375,1,1,1,1
1.024993125,1,1,1,0
1.024993250,1,1,1,1
1.025053500,1,1,1,0
1.025053625,1,1,1,1
1.025110125,1,1,1,0
1.025110250,1,1,1,1
1.025110375,1,1,1,0
1.025110500,1,1,1,1
1.025114125,1,1,1,0
1.025114250,1,1,1,1
1.025114750,1,1,1,0
1.025114875,1,1,1,1
1.025175375,1,1,1,0
1.025175500,1,1,1,1
1.025175750,1,1,1,0
1.025175875,1,1,1,1
1.025236375,1,1,1,0
1.025236500,1,1,1,1
1.025293250,1,1,1,0
1.025293375,1,1,1,1
1.025293500,1,1,1,0
1.025293625,1,1,1,1
1.025297250,1,1,1,0
1.025297375,1,1,1,1
1.025297875,1,1,1,0
1.025298000,1,1,1,1
1.025353500,1,1,1,0
1.025353625,1,1,1,1
1.025353750,1,1,1,0
1.025353875,1,1,1,1
1.025357500,1,1,1,0
1.025357625,1,1,1,1
1.025358125,1,1,1,0
1.025358250,1,1,1,1
1.025418250,1,1,1,0
1.025418375,1,1,1,1
1.025473250,1,1,1,0
1.025473375,1,1,1,1
1.025473500,1,1,1,0
1.025473625,1,1,1,1
1.025477125,1,1,1,0
1.025477250,1,1,1,1
1.025537750,1,1,1,0
1.025537875,1,1,1,1
1.025538375,1,1,1,0
1.025538500,1,1,1,1
1.025595000,1,1,1,0
1.025595125,1,1,1,1
1.025598875,1,1,1,0
1.025599125,1,1,1,1
1.025659500,1,1,1,0
1.025659625,1,1,1,1
1.025660125,1,1,1,0
1.025660250,1,1,1,1
1.025720500,1,1,1,0
1.025720750,1,1,1,1
1.025780125,1,1,1,0
1.025780250,1,1,1,1
1.025780750,1,1,1,0
1.025780875,1,1,1,1
1.025840500,1,1,1,0
1.025840750,1,1,1,1
1.025901625,1,1,1,0
1.025901750,1,1,1,1
1.025902250,1,1,1,0
1.025902375,1,1,1,1
1.025961125,1,1,1,0
1.025961250,1,1,1,1
1.025961750,1,1,1,0
1.025961875,1,1,1,1
1.026021375,1,1,1,0
1.026021625,1,1,1,1
1.026082375,1,1,1,0
1.026082625,1,1,1,1
1.026083125,1,1,1,0
1.026083250,1,1,1,1
1.026142375,1,1,1,0
1.026142500,1,1,1,1
1.026142750,1,1,1,0
1.026142875,1,1,1,1
1.026201625,1,1,1,0
1.026201750,1,1,1,1
1.026202000,1,1,1,0
1.026202125,1,1,1,1
1.026258125,1,1,1,0
1.026258250,1,1,1,1
1.026258375,1,1,1,0
1.026258500,1,1,1,1
1.026262000,1,1,1,0
1.026262125,1,1,1,1
1.026262625,1,1,1,0
1.026262750,1,1,1,1
1.026319125,1,1,1,0
1.026319250,1,1,1,1
1.026323375,1,1,1,0
1.026323500,1,1,1,1
1.026323625,1,1,1,0
1.026323750,1,1,1,1
1.026379125,1,1,1,0
1.026379250,1,1,1,1
1.026383000,1,1,1,0
1.026383125,1,1,1,1
1.026383625,1,1,1,0
1.026383750,1,1,1,1
1.026442625,1,1,1,0
1.026442750,1,1,1,1
1.026442875,1,1,1,0
1.026443000,1,1,1,1
1.026502625,1,1,1,0
1.026502750,1,1,1,1
1.026560000,1,1,1,0
1.026560125,1,1,1,1
1.026563875,1,1,1,0
1.026564000,1,1,1,1
1.026564500,1,1,1,0
1.026564625,1,1,1,1
1.026625000,1,1,1,0
1.026625125,1,1,1,1
1.026625625,1,1,1,0
1.026625750,1,1,1,1
1.026681625,1,1,1,0
1.026681750,1,1,1,1
1.026681875,1,1,1,0
1.026682000,1,1,1,1
1.026685375,1,1,1,0
1.026685625,1,1,1,1
1.026746375,1,1,1,0
1.026746500,1,1,1,1
1.026746750,1,1,1,0
1.026746875,1,1,1,1
1.026805750,1,1,1,0
1.026805875,1,1,1,1
1.026806375,1,1,1,0
1.026806500,1,1,1,1
1.026862125,1,1,1,0
1.026862250,1,1,1,1
1.026862375,1,1,1,0
1.026862500,1,1,1,1
1.026865875,1,1,1,0
1.026866125,1,1,1,1
1.026866625,1,1,1,0
1.026866750,1,1,1,1
1.026926375,1,1,1,0
1.026926500,1,1,1,1
1.026927000,1,1,1,0
1.026927125,1,1,1,1
1.026983500,1,1,1,0
1.026983625,1,1,1,1
1.026987375,1,1,1,0
1.026987500,1,1,1,1
1.026988000,1,1,1,0
1.026988125,1,1,1,1
1.027047250,1,1,1,0
1.027047375,1,1,1,1
1.027047625,1,1,1,0
1.027047750,1,1,1,1
1.027102500,1,1,1,0
1.027102625,1,1,1,1
1.027106375,1,1,1,0
1.027106500,1,1,1,1
1.027222375,1,1,1,0
1.027222500,1,1,1,1
1.027226125,1,1,1,0
1.027226250,1,1,1,1
1.027283625,1,1,1,0
1.027283750,1,1,1,1
1.027287375,1,1,1,0
1.027287500,1,1,1,1
1.027349000,1,1,1,0
1.027349125,1,1,1,1
1.027409875,1,1,1,0
1.027410000,1,1,1,1
1.027465125,1,1,1,0
1.027465250,1,1,1,1
1.027468875,1,1,1,0
1.027469000,1,1,1,1
1.027710875,1,1,1,0
1.027711125,1,1,1,1
1.032970625,1,1,1,0
1.032970750,1,1,1,1
1.033031875,1,1,1,0
1.033032125,1,1,1,1
1.033093125,1,1,1,0
1.033093375,1,1,1,1
1.033153250,1,1,1,0
1.033153375,1,1,1,1
1.033213750,1,1,1,0
1.033214000,1,1,1,1
1.033275000,1,1,1,0
1.033275250,1,1,1,1
1.033336375,1,1,1,0
1.033336625,1,1,1,1
1.033458875,1,1,1,0
1.033459125,1,1,1,1
1.033519000,1,1,1,0
1.033519125,1,1,1,1
1.033578375,1,1,1,0
1.033578750,1,1,1,1
1.033638750,1,1,1,0
1.033639000,1,1,1,1
1.033761500,1,1,1,0
1.033761750,1,1,1,1
1.033942750,1,1,1,0
1.033942875,1,1,1,1
1.034065375,1,1,1,0
1.034065625,1,1,1,1
1.034125875,1,1,1,0
1.034126000,1,1,1,1
1.034489250,1,1,1,0
1.034489500,1,1,1,1
1.034549875,1,1,1,0
1.034550000,1,1,1,1
1.034611500,1,1,1,0
1.034611625,1,1,1,1
1.034667375,1,1,1,0
1.034667500,1,1,1,1
1.034671375,1,1,1,0
1.034671500,1,1,1,1
1.034727000,1,1,1,0
1.034727125,1,1,1,1
1.034731000,1,1,1,0
1.034731125,1,1,1,1
1.034791500,1,1,1,0
1.034791750,1,1,1,1
1.034849000,1,1,1,0
1.034849125,1,1,1,1
1.034853000,1,1,1,0
1.034853125,1,1,1,1
1.034914375,1,1,1,0
1.034914500,1,1,1,1
1.034915000,1,1,1,0
1.034915125,1,1,1,1
1.034971500,1,1,1,0
1.034971625,1,1,1,1
1.034975875,1,1,1,0
1.034976000,1,1,1,1
1.035031125,1,1,1,0
1.035031250,1,1,1,1
1.035035500,1,1,1,0
1.035035625,1,1,1,1
1.035095500,1,1,1,0
1.035095750,1,1,1,1
1.035157000,1,1,1,0
1.035157125,1,1,1,1
1.035217625,1,1,1,0
1.035217750,1,1,1,1
1.035277875,1,1,1,0
1.035278000,1,1,1,1
1.035339000,1,1,1,0
1.035339125,1,1,1,1
1.035398250,1,1,1,0
1.035398375,1,1,1,1
1.035398875,1,1,1,0
1.035399000,1,1,1,1
1.035458750,1,1,1,0
1.035458875,1,1,1,1
1.035459375,1,1,1,0
1.035459500,1,1,1,1
1.035515875,1,1,1,0
1.035516000,1,1,1,1
1.035516125,1,1,1,0
1.035516250,1,1,1,1
1.035519750,1,1,1,0
1.035519875,1,1,1,1
1.035575875,1,1,1,0
1.035576000,1,1,1,1
1.035576125,1,1,1,0
1.035576250,1,1,1,1
1.035579750,1,1,1,0
1.035579875,1,1,1,1
1.035580125,1,1,1,0
1.035580250,1,1,1,1
1.035636250,1,1,1,0
1.035636375,1,1,1,1
1.035640125,1,1,1,0
1.035640250,1,1,1,1
1.035697375,1,1,1,0
1.035697500,1,1,1,1
1.035697625,1,1,1,0
1.035697750,1,1,1,1
1.035701625,1,1,1,0
1.035701750,1,1,1,1
1.035701875,1,1,1,0
1.035702000,1,1,1,1
1.035756875,1,1,1,0
1.035757000,1,1,1,1
1.035757125,1,1,1,0
1.035757250,1,1,1,1
1.035761125,1,1,1,0
1.035761250,1,1,1,1
1.035817375,1,1,1,0
1.035817500,1,1,1,1
1.035817625,1,1,1,0
1.035817750,1,1,1,1
1.035821250,1,1,1,0
1.035821375,1,1,1,1
1.035821875,1,1,1,0
1.035822000,1,1,1,1
1.035882250,1,1,1,0
1.035882375,1,1,1,1
1.035942250,1,1,1,0
1.035942500,1,1,1,1
1.035943000,1,1,1,0
1.035943125,1,1,1,1
1.035997625,1,1,1,0
1.035997750,1,1,1,1
1.036001875,1,1,1,0
1.036002000,1,1,1,1
1.036061750,1,1,1,0
1.036061875,1,1,1,1
1.036062375,1,1,1,0
1.036062500,1,1,1,1
1.036122125,1,1,1,0
1.036122250,1,1,1,1
1.036179625,1,1,1,0
1.036179750,1,1,1,1
1.036179875,1,1,1,0
1.036180000,1,1,1,1
1.036183500,1,1,1,0
1.036183625,1,1,1,1
1.036184125,1,1,1,0
1.036184250,1,1,1,1
1.036244625,1,1,1,0
1.036244750,1,1,1,1
1.036245000,1,1,1,0
1.036245125,1,1,1,1
1.036301250,1,1,1,0
1.036301375,1,1,1,1
1.036301500,1,1,1,0
1.036301625,1,1,1,1
1.036305125,1,1,1,0
1.036305250,1,1,1,1
1.036305750,1,1,1,0
1.036305875,1,1,1,1
1.036365750,1,1,1,0
1.036365875,1,1,1,1
1.036421625,1,1,1,0
1.036421750,1,1,1,1
1.036421875,1,1,1,0
1.036422000,1,1,1,1
1.036425375,1,1,1,0
1.036425625,1,1,1,1
1.036426125,1,1,1,0
1.036426250,1,1,1,1
1.036480750,1,1,1,0
1.036480875,1,1,1,1
1.036481000,1,1,1,0
1.036481125,1,1,1,1
1.036484625,1,1,1,0
1.036484750,1,1,1,1
1.036485250,1,1,1,0
1.036485375,1,1,1,1
1.036544000,1,1,1,0
1.036544125,1,1,1,1
1.036544375,1,1,1,0
1.036544500,1,1,1,1
1.036600375,1,1,1,0
1.036600500,1,1,1,1
1.036600625,1,1,1,0
1.036600750,1,1,1,1
1.036604125,1,1,1,0
1.036604375,1,1,1,1
1.036604875,1,1,1,0
1.036605000,1,1,1,1
1.036660625,1,1,1,0
1.036660750,1,1,1,1
1.036660875,1,1,1,0
1.036661000,1,1,1,1
1.036664375,1,1,1,0
1.036664625,1,1,1,1
1.036725375,1,1,1,0
1.036725500,1,1,1,1
1.036785125,1,1,1,0
1.036785250,1,1,1,1
1.036785500,1,1,1,0
1.036785625,1,1,1,1
1.036841750,1,1,1,0
1.036841875,1,1,1,1
1.036845625,1,1,1,0
1.036845750,1,1,1,1
1.036846250,1,1,1,0
1.036846375,1,1,1,1
1.036906000,1,1,1,0
1.036906125,1,1,1,1
1.036906375,1,1,1,0
1.036906500,1,1,1,1
1.036962625,1,1,1,0
1.036962750,1,1,1,1
1.036962875,1,1,1,0
1.036963000,1,1,1,1
1.036966375,1,1,1,0
1.036966625,1,1,1,1
1.037026875,1,1,1,0
1.037027000,1,1,1,1
1.037027500,1,1,1,0
1.037027625,1,1,1,1
1.037083375,1,1,1,0
1.037083500,1,1,1,1
1.037083625,1,1,1,0
1.037083750,1,1,1,1
1.037087125,1,1,1,0
1.037087375,1,1,1,1
1.037147750,1,1,1,0
1.037147875,1,1,1,1
1.037207750,1,1,1,0
1.037207875,1,1,1,1
1.037268250,1,1,1,0
1.037268375,1,1,1,1
1.037324125,1,1,1,0
1.037324250,1,1,1,1
1.037327875,1,1,1,0
1.037328000,1,1,1,1
1.037387500,1,1,1,0
1.037387625,1,1,1,1
1.037447625,1,1,1,0
1.037447750,1,1,1,1
1.037507625,1,1,1,0
1.037507875,1,1,1,1
1.092924125,1,1,1,0
1.092924375,1,1,1,1
1.093107125,1,1,1,0
1.093107375,1,1,1,1
1.093228250,1,1,1,0
1.093228500,1,1,1,1
1.093287750,1,1,1,0
1.093288000,1,1,1,1
1.093532125,1,1,1,0
1.093532375,1,1,1,1
1.093654000,1,1,1,0
1.093654250,1,1,1,1
1.093714000,1,1,1,0
1.093714250,1,1,1,1
1.093773500,1,1,1,0
1.093773750,1,1,1,1
1.094502500,1,1,1,0
1.094502625,1,1,1,1
1.094559500,1,1,1,0
1.094559625,1,1,1,1
1.094563375,1,1,1,0
1.094563625,1,1,1,1
1.094619750,1,1,1,0
1.094619875,1,1,1,1
1.094623750,1,1,1,0
1.094623875,1,1,1,1
1.094744750,1,1,1,0
1.094744875,1,1,1,1
1.094805500,1,1,1,0
1.094805625,1,1,1,1
1.094865750,1,1,1,0
1.094865875,1,1,1,1
1.094866375,1,1,1,0
1.094866500,1,1,1,1
1.094925125,1,1,1,0
1.094925250,1,1,1,1
1.094925500,1,1,1,0
1.094925625,1,1,1,1
1.094986125,1,1,1,0
1.094986250,1,1,1,1
1.095043250,1,1,1,0
1.095043375,1,1,1,1
1.095043500,1,1,1,0
1.095043625,1,1,1,1
1.095047250,1,1,1,0
1.095047375,1,1,1,1
1.095047875,1,1,1,0
1.095048000,1,1,1,1
1.095108750,1,1,1,0
1.095108875,1,1,1,1
1.095170125,1,1,1,0
1.095170250,1,1,1,1
1.095231250,1,1,1,0
1.095231375,1,1,1,1
1.095231625,1,1,1,0
1.095231750,1,1,1,1
1.095287000,1,1,1,0
1.095287125,1,1,1,1
1.095290625,1,1,1,0
1.095290750,1,1,1,1
1.095291000,1,1,1,0
1.095291125,1,1,1,1
1.095347000,1,1,1,0
1.095347125,1,1,1,1
1.095347250,1,1,1,0
1.095347375,1,1,1,1
1.095350875,1,1,1,0
1.095351125,1,1,1,1
1.095407375,1,1,1,0
1.095407500,1,1,1,1
1.095411250,1,1,1,0
1.095411500,1,1,1,1
1.095472375,1,1,1,0
1.095472500,1,1,1,1
1.095473000,1,1,1,0
1.095473125,1,1,1,1
1.095532875,1,1,1,0
1.095533000,1,1,1,1
1.095533500,1,1,1,0
1.095533625,1,1,1,1
1.095590000,1,1,1,0
1.095590125,1,1,1,1
1.095590250,1,1,1,0
1.095590375,1,1,1,1
1.095593875,1,1,1,0
1.095594000,1,1,1,1
1.095594250,1,1,1,0
1.095594375,1,1,1,1
1.095649500,1,1,1,0
1.095649625,1,1,1,1
1.095649750,1,1,1,0
1.095649875,1,1,1,1
1.095653375,1,1,1,0
1.095653500,1,1,1,1
1.095653750,1,1,1,0
1.095653875,1,1,1,1
1.095713750,1,1,1,0
1.095713875,1,1,1,1
1.095714375,1,1,1,0
1.095714500,1,1,1,1
1.095774125,1,1,1,0
1.095774250,1,1,1,1
1.095835125,1,1,1,0
1.095835375,1,1,1,1
1.095835875,1,1,1,0
1.095836000,1,1,1,1
1.095894750,1,1,1,0
1.095894875,1,1,1,1
1.095895375,1,1,1,0
1.095895500,1,1,1,1
1.095955000,1,1,1,0
1.095955125,1,1,1,1
1.095955375,1,1,1,0
1.095955500,1,1,1,1
1.096016000,1,1,1,0
1.096016125,1,1,1,1
1.096016375,1,1,1,0
1.096016500,1,1,1,1
1.096075500,1,1,1,0
1.096075625,1,1,1,1
1.096075875,1,1,1,0
1.096076000,1,1,1,1
1.096132125,1,1,1,0
1.096132250,1,1,1,1
1.096132375,1,1,1,0
1.096132500,1,1,1,1
1.096136000,1,1,1,0
1.096136125,1,1,1,1
1.096136625,1,1,1,0
1.096136750,1,1,1,1
1.096193125,1,1,1,0
1.096193250,1,1,1,1
1.096193375,1,1,1,0
1.096193500,1,1,1,1
1.096197000,1,1,1,0
1.096197125,1,1,1,1
1.096197625,1,1,1,0
1.096197750,1,1,1,1
1.096253125,1,1,1,0
1.096253250,1,1,1,1
1.096253375,1,1,1,0
1.096253500,1,1,1,1
1.096257000,1,1,1,0
1.096257125,1,1,1,1
1.096257625,1,1,1,0
1.096257750,1,1,1,1
1.096312250,1,1,1,0
1.096312375,1,1,1,1
1.096312500,1,1,1,0
1.096312625,1,1,1,1
1.096316125,1,1,1,0
1.096316250,1,1,1,1
1.096316750,1,1,1,0
1.096316875,1,1,1,1
1.096372250,1,1,1,0
1.096372375,1,1,1,1
1.096372500,1,1,1,0
1.096372625,1,1,1,1
1.096376000,1,1,1,0
1.096376250,1,1,1,1
1.096431500,1,1,1,0
1.096431625,1,1,1,1
1.096431750,1,1,1,0
1.096431875,1,1,1,1
1.096435250,1,1,1,0
1.096435500,1,1,1,1
1.096436000,1,1,1,0
1.096436125,1,1,1,1
1.096496125,1,1,1,0
1.096496250,1,1,1,1
1.096557375,1,1,1,0
1.096557500,1,1,1,1
1.096618625,1,1,1,0
1.096618750,1,1,1,1
1.096675625,1,1,1,0
1.096675750,1,1,1,1
1.096675875,1,1,1,0
1.096676000,1,1,1,1
1.096679375,1,1,1,0
1.096679625,1,1,1,1
1.096740250,1,1,1,0
1.096740375,1,1,1,1
1.096796500,1,1,1,0
1.096796625,1,1,1,1
1.096796750,1,1,1,0
1.096796875,1,1,1,1
1.096800375,1,1,1,0
1.096800500,1,1,1,1
1.096801000,1,1,1,0
1.096801125,1,1,1,1
1.096860750,1,1,1,0
1.096860875,1,1,1,1
1.096861125,1,1,1,0
1.096861250,1,1,1,1
1.096917375,1,1,1,0
1.096917500,1,1,1,1
1.096917625,1,1,1,0
1.096917750,1,1,1,1
1.096921250,1,1,1,0
1.096921375,1,1,1,1
1.096921875,1,1,1,0
1.096922000,1,1,1,1
1.096982000,1,1,1,0
1.096982125,1,1,1,1
1.097038250,1,1,1,0
1.097038375,1,1,1,1
1.097038500,1,1,1,0
1.097038625,1,1,1,1
1.097042000,1,1,1,0
1.097042250,1,1,1,1
1.097102750,1,1,1,0
1.097102875,1,1,1,1
1.097163000,1,1,1,0
1.097163250,1,1,1,1
1.097280000,1,1,1,0
1.097280125,1,1,1,1
1.097283750,1,1,1,0
1.097283875,1,1,1,1
1.097344375,1,1,1,0
1.097344500,1,1,1,1
1.097405125,1,1,1,0
1.097405250,1,1,1,1
1.097461250,1,1,1,0
1.097461375,1,1,1,1
1.097465500,1,1,1,0
1.097465625,1,1,1,1
1.104047875,1,1,1,0
1.104048000,1,1,1,1
1.104352625,1,1,1,0
1.104352750,1,1,1,1
1.104474250,1,1,1,0
1.104474375,1,1,1,1
1.104533500,1,1,1,0
1.104533750,1,1,1,1
1.104590750,1,1,1,0
1.104590875,1,1,1,1
1.104594750,1,1,1,0
1.104594875,1,1,1,1
1.104651125,1,1,1,0
1.104651250,1,1,1,1
1.104655125,1,1,1,0
1.104655375,1,1,1,1
1.104716375,1,1,1,0
1.104716625,1,1,1,1
1.104777750,1,1,1,0
1.104777875,1,1,1,1
1.104839125,1,1,1,0
1.104839250,1,1,1,1
1.104896375,1,1,1,0
1.104896500,1,1,1,1
1.104896625,1,1,1,0
1.104896750,1,1,1,1
1.104900375,1,1,1,0
1.104900500,1,1,1,1
1.104901000,1,1,1,0
1.104901125,1,1,1,1
1.104960500,1,1,1,0
1.104960625,1,1,1,1
1.104960875,1,1,1,0
1.104961000,1,1,1,1
1.105016125,1,1,1,0
1.105016250,1,1,1,1
1.105016375,1,1,1,0
1.105016500,1,1,1,1
1.105020125,1,1,1,0
1.105020250,1,1,1,1
1.105020750,1,1,1,0
1.105020875,1,1,1,1
1.105076750,1,1,1,0
1.105076875,1,1,1,1
1.105077000,1,1,1,0
1.105077125,1,1,1,1
1.105080625,1,1,1,0
1.105080875,1,1,1,1
1.105138125,1,1,1,0
1.105138250,1,1,1,1
1.105138375,1,1,1,0
1.105138500,1,1,1,1
1.105142000,1,1,1,0
1.105142250,1,1,1,1
1.105142750,1,1,1,0
1.105142875,1,1,1,1
1.105199625,1,1,1,0
1.105199750,1,1,1,1
1.105199875,1,1,1,0
1.105200000,1,1,1,1
1.105203500,1,1,1,0
1.105203625,1,1,1,1
1.105265500,1,1,1,0
1.105265625,1,1,1,1
1.105322000,1,1,1,0
1.105322125,1,1,1,1
1.105322250,1,1,1,0
1.105322375,1,1,1,1
1.105325875,1,1,1,0
1.105326000,1,1,1,1
1.105385875,1,1,1,0
1.105386000,1,1,1,1
1.105386125,1,1,1,0
1.105386250,1,1,1,1
1.105442125,1,1,1,0
1.105442250,1,1,1,1
1.105442375,1,1,1,0
1.105442500,1,1,1,1
1.105446375,1,1,1,0
1.105446500,1,1,1,1
1.105507750,1,1,1,0
1.105507875,1,1,1,1
1.105567625,1,1,1,0
1.105567750,1,1,1,1
1.105567875,1,1,1,0
1.105568000,1,1,1,1
1.105626750,1,1,1,0
1.105626875,1,1,1,1
1.105627375,1,1,1,0
1.105627500,1,1,1,1
1.105683250,1,1,1,0
1.105683375,1,1,1,1
1.105683500,1,1,1,0
1.105683625,1,1,1,1
1.105687500,1,1,1,0
1.105687625,1,1,1,1
1.105748250,1,1,1,0
1.105748375,1,1,1,1
1.105748875,1,1,1,0
1.105749000,1,1,1,1
1.105808250,1,1,1,0
1.105808500,1,1,1,1
1.105864000,1,1,1,0
1.105864125,1,1,1,1
1.105864250,1,1,1,0
1.105864375,1,1,1,1
1.105867875,1,1,1,0
1.105868000,1,1,1,1
1.105868500,1,1,1,0
1.105868625,1,1,1,1
1.105924500,1,1,1,0
1.105924625,1,1,1,1
1.105924750,1,1,1,0
1.105924875,1,1,1,1
1.105928375,1,1,1,0
1.105928500,1,1,1,1
1.105929000,1,1,1,0
1.105929125,1,1,1,1
1.105985750,1,1,1,0
1.105985875,1,1,1,1
1.105986000,1,1,1,0
1.105986125,1,1,1,1
1.105990250,1,1,1,0
1.105990375,1,1,1,1
1.106046875,1,1,1,0
1.106047000,1,1,1,1
1.106047125,1,1,1,0
1.106047250,1,1,1,1
1.106050750,1,1,1,0
1.106050875,1,1,1,1
1.106051375,1,1,1,0
1.106051500,1,1,1,1
1.106110875,1,1,1,0
1.106111000,1,1,1,1
1.106167250,1,1,1,0
1.106167375,1,1,1,1
1.106171500,1,1,1,0
1.106171625,1,1,1,1
1.106231750,1,1,1,0
1.106231875,1,1,1,1
1.106288000,1,1,1,0
1.106288125,1,1,1,1
1.106291875,1,1,1,0
1.106292000,1,1,1,1
1.106292500,1,1,1,0
1.106292625,1,1,1,1
1.106349000,1,1,1,0
1.106349125,1,1,1,1
1.106352875,1,1,1,0
1.106353000,1,1,1,1
1.106353500,1,1,1,0
1.106353625,1,1,1,1
1.106412750,1,1,1,0
1.106412875,1,1,1,1
1.106413125,1,1,1,0
1.106413250,1,1,1,1
1.106468375,1,1,1,0
1.106468500,1,1,1,1
1.106468625,1,1,1,0
1.106468750,1,1,1,1
1.106472250,1,1,1,0
1.106472375,1,1,1,1
1.106472875,1,1,1,0
1.106473000,1,1,1,1
1.106533000,1,1,1,0
1.106533125,1,1,1,1
1.106593625,1,1,1,0
1.106593750,1,1,1,1
1.106594000,1,1,1,0
1.106594125,1,1,1,1
1.106653625,1,1,1,0
1.106653750,1,1,1,1
1.106709125,1,1,1,0
1.106709250,1,1,1,1
1.106709375,1,1,1,0
1.106709500,1,1,1,1
1.106712875,1,1,1,0
1.106713125,1,1,1,1
1.106769375,1,1,1,0
1.106769500,1,1,1,1
1.106769625,1,1,1,0
1.106769750,1,1,1,1
1.106773250,1,1,1,0
1.106773375,1,1,1,1
1.106773875,1,1,1,0
1.106774000,1,1,1,1
1.106830375,1,1,1,0
1.106830500,1,1,1,1
1.106830625,1,1,1,0
1.106830750,1,1,1,1
1.106834125,1,1,1,0
1.106834375,1,1,1,1
1.106834875,1,1,1,0
1.106835000,1,1,1,1
1.106894250,1,1,1,0
1.106894375,1,1,1,1
1.106894875,1,1,1,0
1.106895000,1,1,1,1
1.106950125,1,1,1,0
1.106950250,1,1,1,1
1.106953625,1,1,1,0
1.106953750,1,1,1,1
1.107010250,1,1,1,0
1.107010375,1,1,1,1
1.107010500,1,1,1,0
1.107010625,1,1,1,1
1.107014125,1,1,1,0
1.107014250,1,1,1,1
1.107014750,1,1,1,0
1.107014875,1,1,1,1
1.107075625,1,1,1,0
1.107075750,1,1,1,1
1.107136625,1,1,1,0
1.107136750,1,1,1,1
1.107196250,1,1,1,0
1.107196500,1,1,1,1
1.107251625,1,1,1,0
1.107251750,1,1,1,1
1.107255375,1,1,1,0
1.107255625,1,1,1,1
1.107315875,1,1,1,0
1.107316000,1,1,1,1
1.107619250,1,1,1,0
1.107619375,1,1,1,1
1.112886250,1,1,1,0
1.112886500,1,1,1,1
1.113007875,1,1,1,0
1.113008125,1,1,1,1
1.113188625,1,1,1,0
1.113188750,1,1,1,1
1.113249375,1,1,1,0
1.113249500,1,1,1,1
1.113432250,1,1,1,0
1.113432500,1,1,1,1
1.113552750,1,1,1,0
1.113553000,1,1,1,1
1.113613250,1,1,1,0
1.113613375,1,1,1,1
1.113794000,1,1,1,0
1.113794250,1,1,1,1
1.113914875,1,1,1,0
1.113915125,1,1,1,1
1.114037250,1,1,1,0
1.114037500,1,1,1,1
1.114399875,1,1,1,0
1.114400125,1,1,1,1
1.114519875,1,1,1,0
1.114520000,1,1,1,1
1.114576750,1,1,1,0
1.114576875,1,1,1,1
1.114581000,1,1,1,0
1.114581125,1,1,1,1
1.114636875,1,1,1,0
1.114637000,1,1,1,1
1.114700250,1,1,1,0
1.114700375,1,1,1,1
1.114756875,1,1,1,0
1.114757000,1,1,1,1
1.114761125,1,1,1,0
1.114761250,1,1,1,1
1.114822250,1,1,1,0
1.114822375,1,1,1,1
1.114822625,1,1,1,0
1.114822750,1,1,1,1
1.114884000,1,1,1,0
1.114884125,1,1,1,1
1.114944750,1,1,1,0
1.114945000,1,1,1,1
1.115004375,1,1,1,0
1.115004500,1,1,1,1
1.115064750,1,1,1,0
1.115065000,1,1,1,1
1.115125750,1,1,1,0
1.115125875,1,1,1,1
1.115186875,1,1,1,0
1.115187000,1,1,1,1
1.115246125,1,1,1,0
1.115246250,1,1,1,1
1.115246750,1,1,1,0
1.115246875,1,1,1,1
1.115307000,1,1,1,0
1.115307125,1,1,1,1
1.115368125,1,1,1,0
1.115368250,1,1,1,1
1.115427875,1,1,1,0
1.115428000,1,1,1,1
1.115428500,1,1,1,0
1.115428625,1,1,1,1
1.115487125,1,1,1,0
1.115487250,1,1,1,1
1.115487750,1,1,1,0
1.115487875,1,1,1,1
1.115547125,1,1,1,0
1.115547375,1,1,1,1
1.115547875,1,1,1,0
1.115548000,1,1,1,1
1.115606750,1,1,1,0
1.115606875,1,1,1,1
1.115607375,1,1,1,0
1.115607500,1,1,1,1
1.115663875,1,1,1,0
1.115664000,1,1,1,1
1.115664125,1,1,1,0
1.115664250,1,1,1,1
1.115667750,1,1,1,0
1.115667875,1,1,1,1
1.115668125,1,1,1,0
1.115668250,1,1,1,1
1.115728000,1,1,1,0
1.115728125,1,1,1,1
1.115728625,1,1,1,0
1.115728750,1,1,1,1
1.115784375,1,1,1,0
1.115784500,1,1,1,1
1.115784625,1,1,1,0
1.115784750,1,1,1,1
1.115788625,1,1,1,0
1.115788750,1,1,1,1
1.115849250,1,1,1,0
1.115849375,1,1,1,1
1.115909250,1,1,1,0
1.115909375,1,1,1,1
1.115964625,1,1,1,0
1.115964750,1,1,1,1
1.115964875,1,1,1,0
1.115965000,1,1,1,1
1.115968875,1,1,1,0
1.115969000,1,1,1,1
1.115969125,1,1,1,0
1.115969250,1,1,1,1
1.116029125,1,1,1,0
1.116029250,1,1,1,1
1.116089750,1,1,1,0
1.116089875,1,1,1,1
1.116146000,1,1,1,0
1.116146125,1,1,1,1
1.116150250,1,1,1,0
1.116150375,1,1,1,1
1.116150500,1,1,1,0
1.116150625,1,1,1,1
1.116210250,1,1,1,0
1.116210375,1,1,1,1
1.116265500,1,1,1,0
1.116265625,1,1,1,1
1.116265750,1,1,1,0
1.116265875,1,1,1,1
1.116269375,1,1,1,0
1.116269500,1,1,1,1
1.116270000,1,1,1,0
1.116270125,1,1,1,1
1.116326500,1,1,1,0
1.116326625,1,1,1,1
1.116326750,1,1,1,0
1.116326875,1,1,1,1
1.116330250,1,1,1,0
1.116330500,1,1,1,1
1.116331000,1,1,1,0
1.116331125,1,1,1,1
1.116390750,1,1,1,0
1.116390875,1,1,1,1
1.116446500,1,1,1,0
1.116446625,1,1,1,1
1.116450375,1,1,1,0
1.116450500,1,1,1,1
1.116451000,1,1,1,0
1.116451125,1,1,1,1
1.116509625,1,1,1,0
1.116509750,1,1,1,1
1.116566750,1,1,1,0
1.116566875,1,1,1,1
1.116570625,1,1,1,0
1.116570750,1,1,1,1
1.116571250,1,1,1,0
1.116571375,1,1,1,1
1.116630750,1,1,1,0
1.116630875,1,1,1,1
1.116631125,1,1,1,0
1.116631250,1,1,1,1
1.116692125,1,1,1,0
1.116692250,1,1,1,1
1.116752125,1,1,1,0
1.116752250,1,1,1,1
1.116811500,1,1,1,0
1.116811625,1,1,1,1
1.116871625,1,1,1,0
1.116871750,1,1,1,1
1.116872250,1,1,1,0
1.116872375,1,1,1,1
1.116929000,1,1,1,0
1.116929125,1,1,1,1
1.116932875,1,1,1,0
1.116933000,1,1,1,1
1.116933500,1,1,1,0
1.116933625,1,1,1,1
1.116990250,1,1,1,0
1.116990375,1,1,1,1
1.116990500,1,1,1,0
1.116990625,1,1,1,1
1.116994125,1,1,1,0
1.116994250,1,1,1,1
1.116994750,1,1,1,0
1.116994875,1,1,1,1
1.117055625,1,1,1,0
1.117055750,1,1,1,1
1.117116250,1,1,1,0
1.117116375,1,1,1,1
1.117175875,1,1,1,0
1.117176000,1,1,1,1
1.117236000,1,1,1,0
1.117236125,1,1,1,1
1.117292250,1,1,1,0
1.117292375,1,1,1,1
1.117296000,1,1,1,0
1.117296125,1,1,1,1
1.117357125,1,1,1,0
1.117357250,1,1,1,1
1.123472500,1,1,1,0
1.123472750,1,1,1,1
1.124499875,1,1,1,0
1.124500000,1,1,1,1
1.124557125,1,1,1,0
1.124557250,1,1,1,1
1.124561125,1,1,1,0
1.124561375,1,1,1,1
1.124617250,1,1,1,0
1.124617375,1,1,1,1
1.124680500,1,1,1,0
1.124680750,1,1,1,1
1.124736750,1,1,1,0
1.124736875,1,1,1,1
1.124796375,1,1,1,0
1.124796500,1,1,1,1
1.124800750,1,1,1,0
1.124800875,1,1,1,1
1.124861500,1,1,1,0
1.124861750,1,1,1,1
1.124921875,1,1,1,0
1.124922000,1,1,1,1
1.124982875,1,1,1,0
1.124983000,1,1,1,1
1.125039875,1,1,1,0
1.125040000,1,1,1,1
1.125040125,1,1,1,0
1.125040250,1,1,1,1
1.125043875,1,1,1,0
1.125044000,1,1,1,1
1.125044500,1,1,1,0
1.125044625,1,1,1,1
1.125105375,1,1,1,0
1.125105500,1,1,1,1
1.125161375,1,1,1,0
1.125161500,1,1,1,1
1.125161625,1,1,1,0
1.125161750,1,1,1,1
1.125165250,1,1,1,0
1.125165375,1,1,1,1
1.125225750,1,1,1,0
1.125225875,1,1,1,1
1.125226375,1,1,1,0
1.125226500,1,1,1,1
1.125287000,1,1,1,0
1.125287125,1,1,1,1
1.125287625,1,1,1,0
1.125287750,1,1,1,1
1.125348125,1,1,1,0
1.125348250,1,1,1,1
1.125348750,1,1,1,0
1.125348875,1,1,1,1
1.125408500,1,1,1,0
1.125408625,1,1,1,1
1.125409125,1,1,1,0
1.125409250,1,1,1,1
1.125469750,1,1,1,0
1.125469875,1,1,1,1
1.125470375,1,1,1,0
1.125470500,1,1,1,1
1.125527125,1,1,1,0
1.125527250,1,1,1,1
1.125527375,1,1,1,0
1.125527500,1,1,1,1
1.125531375,1,1,1,0
1.125531500,1,1,1,1
1.125592375,1,1,1,0
1.125592500,1,1,1,1
1.125593000,1,1,1,0
1.125593125,1,1,1,1
1.125653875,1,1,1,0
1.125654000,1,1,1,1
1.125654500,1,1,1,0
1.125654625,1,1,1,1
1.125715250,1,1,1,0
1.125715375,1,1,1,1
1.125776500,1,1,1,0
1.125776750,1,1,1,1
1.125837625,1,1,1,0
1.125837750,1,1,1,1
1.125897875,1,1,1,0
1.125898000,1,1,1,1
1.125898250,1,1,1,0
1.125898375,1,1,1,1
1.125954500,1,1,1,0
1.125954625,1,1,1,1
1.125954750,1,1,1,0
1.125954875,1,1,1,1
1.125958375,1,1,1,0
1.125958500,1,1,1,1
1.125959000,1,1,1,0
1.125959125,1,1,1,1
1.126015500,1,1,1,0
1.126015625,1,1,1,1
1.126015750,1,1,1,0
1.126015875,1,1,1,1
1.126019375,1,1,1,0
1.126019500,1,1,1,1
1.126020000,1,1,1,0
1.126020125,1,1,1,1
1.126075500,1,1,1,0
1.126075625,1,1,1,1
1.126075750,1,1,1,0
1.126075875,1,1,1,1
1.126079375,1,1,1,0
1.126079500,1,1,1,1
1.126080000,1,1,1,0
1.126080125,1,1,1,1
1.126134750,1,1,1,0
1.126134875,1,1,1,1
1.126135000,1,1,1,0
1.126135125,1,1,1,1
1.126138500,1,1,1,0
1.126138750,1,1,1,1
1.126139250,1,1,1,0
1.126139375,1,1,1,1
1.126199375,1,1,1,0
1.126199500,1,1,1,1
1.126260375,1,1,1,0
1.126260500,1,1,1,1
1.126318000,1,1,1,0
1.126318125,1,1,1,1
1.126321875,1,1,1,0
1.126322000,1,1,1,1
1.126322500,1,1,1,0
1.126322625,1,1,1,1
1.126379250,1,1,1,0
1.126379375,1,1,1,1
1.126379500,1,1,1,0
1.126379625,1,1,1,1
1.126383125,1,1,1,0
1.126383250,1,1,1,1
1.126383750,1,1,1,0
1.126383875,1,1,1,1
1.126444500,1,1,1,0
1.126444625,1,1,1,1
1.126504500,1,1,1,0
1.126504625,1,1,1,1
1.126563625,1,1,1,0
1.126563750,1,1,1,1
1.126623250,1,1,1,0
1.126623375,1,1,1,1
1.126623875,1,1,1,0
1.126624000,1,1,1,1
1.126682625,1,1,1,0
1.126682750,1,1,1,1
1.126683000,1,1,1,0
1.126683125,1,1,1,1
1.126739250,1,1,1,0
1.126739375,1,1,1,1
1.126743125,1,1,1,0
1.126743250,1,1,1,1
1.126743750,1,1,1,0
1.126743875,1,1,1,1
1.126800500,1,1,1,0
1.126800625,1,1,1,1
1.126800750,1,1,1,0
1.126800875,1,1,1,1
1.126804375,1,1,1,0
1.126804500,1,1,1,1
1.126805000,1,1,1,0
1.126805125,1,1,1,1
1.126861750,1,1,1,0
1.126861875,1,1,1,1
1.126862000,1,1,1,0
1.126862125,1,1,1,1
1.126865500,1,1,1,0
1.126865750,1,1,1,1
1.126926750,1,1,1,0
1.126926875,1,1,1,1
1.126927375,1,1,1,0
1.126927500,1,1,1,1
1.126983375,1,1,1,0
1.126983500,1,1,1,1
1.126987125,1,1,1,0
1.126987250,1,1,1,1
1.127108125,1,1,1,0
1.127108250,1,1,1,1
1.127165250,1,1,1,0
1.127165375,1,1,1,1
1.127169125,1,1,1,0
1.127169250,1,1,1,1
1.127224500,1,1,1,0
1.127224625,1,1,1,1
1.127228250,1,1,1,0
1.127228500,1,1,1,1
1.127343625,1,1,1,0
1.127343750,1,1,1,1
1.127347375,1,1,1,0
1.127347500,1,1,1,1
1.127407875,1,1,1,0
1.127408000,1,1,1,1
1.127466750,1,1,1,0
1.127466875,1,1,1,1
1.127649500,1,1,1,0
1.127649625,1,1,1,1
1.134954500,1,1,1,0
1.134954625,1,1,1,1
1.135261500,1,1,1,0
1.135261625,1,1,1,1
1.135321000,1,1,1,0
1.135321125,1,1,1,1
1.135503125,1,1,1,0
1.135503250,1,1,1,1
1.135564375,1,1,1,0
1.135564500,1,1,1,1
1.135686625,1,1,1,0
1.135686750,1,1,1,1
1.136291875,1,1,1,0
1.136292000,1,1,1,1
1.136352875,1,1,1,0
1.136353000,1,1,1,1
1.136535625,1,1,1,0
1.136535750,1,1,1,1
1.136658000,1,1,1,0
1.136658125,1,1,1,1
1.143935000,1,1,1,0
1.143935125,1,1,1,1
1.144485125,1,1,1,0
1.144485250,1,1,1,1
1.144546625,1,1,1,0
1.144546875,1,1,1,1
1.144608000,1,1,1,0
1.144608250,1,1,1,1
1.144668625,1,1,1,0
1.144668875,1,1,1,1
1.144730250,1,1,1,0
1.144730375,1,1,1,1
1.144790000,1,1,1,0
1.144790125,1,1,1,1
1.144845375,1,1,1,0
1.144845500,1,1,1,1
1.144845625,1,1,1,0
1.144845750,1,1,1,1
1.144849375,1,1,1,0
1.144849500,1,1,1,1
1.144850000,1,1,1,0
1.144850125,1,1,1,1
1.144909875,1,1,1,0
1.144910000,1,1,1,1
1.144968875,1,1,1,0
1.144969000,1,1,1,1
1.145025500,1,1,1,0
1.145025625,1,1,1,1
1.145029500,1,1,1,0
1.145029625,1,1,1,1
1.145030125,1,1,1,0
1.145030250,1,1,1,1
1.145091000,1,1,1,0
1.145091125,1,1,1,1
1.145150750,1,1,1,0
1.145150875,1,1,1,1
1.145151125,1,1,1,0
1.145151250,1,1,1,1
1.145210125,1,1,1,0
1.145210250,1,1,1,1
1.145210750,1,1,1,0
1.145210875,1,1,1,1
1.145270750,1,1,1,0
1.145270875,1,1,1,1
1.145330875,1,1,1,0
1.145331000,1,1,1,1
1.145331500,1,1,1,0
1.145331625,1,1,1,1
1.145387500,1,1,1,0
1.145387625,1,1,1,1
1.145391375,1,1,1,0
1.145391625,1,1,1,1
1.145448125,1,1,1,0
1.145448250,1,1,1,1
1.145448375,1,1,1,0
1.145448500,1,1,1,1
1.145452375,1,1,1,0
1.145452500,1,1,1,1
1.145509125,1,1,1,0
1.145509250,1,1,1,1
1.145509375,1,1,1,0
1.145509500,1,1,1,1
1.145513375,1,1,1,0
1.145513500,1,1,1,1
1.145569125,1,1,1,0
1.145569250,1,1,1,1
1.145569375,1,1,1,0
1.145569500,1,1,1,1
1.145573375,1,1,1,0
1.145573500,1,1,1,1
1.145632250,1,1,1,0
1.145632375,1,1,1,1
1.145692375,1,1,1,0
1.145692500,1,1,1,1
1.145693000,1,1,1,0
1.145693125,1,1,1,1
1.145747625,1,1,1,0
1.145747750,1,1,1,1
1.145747875,1,1,1,0
1.145748000,1,1,1,1
1.145751500,1,1,1,0
1.145751625,1,1,1,1
1.145752125,1,1,1,0
1.145752250,1,1,1,1
1.145807125,1,1,1,0
1.145807250,1,1,1,1
1.145807375,1,1,1,0
1.145807500,1,1,1,1
1.145811000,1,1,1,0
1.145811125,1,1,1,1
1.145811625,1,1,1,0
1.145811750,1,1,1,1
1.145871375,1,1,1,0
1.145871625,1,1,1,1
1.145928625,1,1,1,0
1.145928750,1,1,1,1
1.145928875,1,1,1,0
1.145929000,1,1,1,1
1.145932500,1,1,1,0
1.145932625,1,1,1,1
1.145933125,1,1,1,0
1.145933250,1,1,1,1
1.145991875,1,1,1,0
1.145992000,1,1,1,1
1.145992250,1,1,1,0
1.145992375,1,1,1,1
1.146052125,1,1,1,0
1.146052250,1,1,1,1
1.146052500,1,1,1,0
1.146052625,1,1,1,1
1.146108750,1,1,1,0
1.146108875,1,1,1,1
1.146109000,1,1,1,0
1.146109125,1,1,1,1
1.146112500,1,1,1,0
1.146112750,1,1,1,1
1.146173375,1,1,1,0
1.146173500,1,1,1,1
1.146229625,1,1,1,0
1.146229750,1,1,1,1
1.146233500,1,1,1,0
1.146233625,1,1,1,1
1.146234125,1,1,1,0
1.146234250,1,1,1,1
1.146293875,1,1,1,0
1.146294000,1,1,1,1
1.146354750,1,1,1,0
1.146354875,1,1,1,1
1.146414750,1,1,1,0
1.146414875,1,1,1,1
1.146475125,1,1,1,0
1.146475250,1,1,1,1
1.146475750,1,1,1,0
1.146475875,1,1,1,1
1.146531500,1,1,1,0
1.146531625,1,1,1,1
1.146531750,1,1,1,0
1.146531875,1,1,1,1
1.146535375,1,1,1,0
1.146535500,1,1,1,1
1.146536000,1,1,1,0
1.146536125,1,1,1,1
1.146595875,1,1,1,0
1.146596000,1,1,1,1
1.146651750,1,1,1,0
1.146651875,1,1,1,1
1.146652000,1,1,1,0
1.146652125,1,1,1,1
1.146655500,1,1,1,0
1.146655750,1,1,1,1
1.146710875,1,1,1,0
1.146711000,1,1,1,1
1.146711125,1,1,1,0
1.146711250,1,1,1,1
1.146714625,1,1,1,0
1.146714875,1,1,1,1
1.146774125,1,1,1,0
1.146774250,1,1,1,1
1.146774750,1,1,1,0
1.146774875,1,1,1,1
1.146834250,1,1,1,0
1.146834375,1,1,1,1
1.146834625,1,1,1,0
1.146834750,1,1,1,1
1.146894500,1,1,1,0
1.146894625,1,1,1,1
1.146895125,1,1,1,0
1.146895250,1,1,1,1
1.146950875,1,1,1,0
1.146951000,1,1,1,1
1.146954750,1,1,1,0
1.146954875,1,1,1,1
1.146955375,1,1,1,0
1.146955500,1,1,1,1
1.147015250,1,1,1,0
1.147015375,1,1,1,1
1.147071250,1,1,1,0
1.147071375,1,1,1,1
1.147075000,1,1,1,0
1.147075250,1,1,1,1
1.147135375,1,1,1,0
1.147135500,1,1,1,1
1.147190500,1,1,1,0
1.147190625,1,1,1,1
1.147194250,1,1,1,0
1.147194500,1,1,1,1
1.147372250,1,1,1,0
1.147372375,1,1,1,1
1.147490750,1,1,1,0
1.147490875,1,1,1,1
1.152865500,1,1,1,0
1.152865750,1,1,1,1
1.152926625,1,1,1,0
1.152926875,1,1,1,1
1.153107750,1,1,1,0
1.153108000,1,1,1,1
1.153227375,1,1,1,0
1.153227750,1,1,1,1
1.153288750,1,1,1,0
1.153288875,1,1,1,1
1.153534125,1,1,1,0
1.153534375,1,1,1,1
1.153595250,1,1,1,0
1.153595500,1,1,1,1
1.153655375,1,1,1,0
1.153655625,1,1,1,1
1.153775750,1,1,1,0
1.153776000,1,1,1,1
1.153837250,1,1,1,0
1.153837500,1,1,1,1
1.153898875,1,1,1,0
1.153899125,1,1,1,1
1.154022000,1,1,1,0
1.154022250,1,1,1,1
1.154443125,1,1,1,0
1.154443250,1,1,1,1
1.154447000,1,1,1,0
1.154447125,1,1,1,1
1.154509000,1,1,1,0
1.154509125,1,1,1,1
1.154632250,1,1,1,0
1.154632375,1,1,1,1
1.154693250,1,1,1,0
1.154693375,1,1,1,1
1.154750500,1,1,1,0
1.154750625,1,1,1,1
1.154754750,1,1,1,0
1.154754875,1,1,1,1
1.154810125,1,1,1,0
1.154810250,1,1,1,1
1.154810375,1,1,1,0
1.154810500,1,1,1,1
1.154814750,1,1,1,0
1.154814875,1,1,1,1
1.154870750,1,1,1,0
1.154870875,1,1,1,1
1.154871000,1,1,1,0
1.154871125,1,1,1,1
1.154874750,1,1,1,0
1.154874875,1,1,1,1
1.154875375,1,1,1,0
1.154875500,1,1,1,1
1.154935875,1,1,1,0
1.154936000,1,1,1,1
1.154936250,1,1,1,0
1.154936375,1,1,1,1
1.154996125,1,1,1,0
1.154996250,1,1,1,1
1.154996500,1,1,1,0
1.154996625,1,1,1,1
1.155056250,1,1,1,0
1.155056375,1,1,1,1
1.155111750,1,1,1,0
1.155111875,1,1,1,1
1.155115625,1,1,1,0
1.155115750,1,1,1,1
1.155176625,1,1,1,0
1.155176750,1,1,1,1
1.155238250,1,1,1,0
1.155238375,1,1,1,1
1.155299375,1,1,1,0
1.155299500,1,1,1,1
1.155356375,1,1,1,0
1.155356500,1,1,1,1
1.155356625,1,1,1,0
1.155356750,1,1,1,1
1.155360250,1,1,1,0
1.155360500,1,1,1,1
1.155417500,1,1,1,0
1.155417625,1,1,1,1
1.155417750,1,1,1,0
1.155417875,1,1,1,1
1.155421750,1,1,1,0
1.155421875,1,1,1,1
1.155477000,1,1,1,0
1.155477125,1,1,1,1
1.155477250,1,1,1,0
1.155477375,1,1,1,1
1.155481250,1,1,1,0
1.155481375,1,1,1,1
1.155541125,1,1,1,0
1.155541375,1,1,1,1
1.155601625,1,1,1,0
1.155601875,1,1,1,1
1.155659125,1,1,1,0
1.155659250,1,1,1,1
1.155662750,1,1,1,0
1.155662875,1,1,1,1
1.155663375,1,1,1,0
1.155663500,1,1,1,1
1.155718875,1,1,1,0
1.155719000,1,1,1,1
1.155719125,1,1,1,0
1.155719250,1,1,1,1
1.155722750,1,1,1,0
1.155722875,1,1,1,1
1.155723000,1,1,1,0
1.155723125,1,1,1,1
1.155723375,1,1,1,0
1.155723500,1,1,1,1
1.155781875,1,1,1,0
1.155782125,1,1,1,1
1.155842125,1,1,1,0
1.155842250,1,1,1,1
1.155902625,1,1,1,0
1.155902750,1,1,1,1
1.155903000,1,1,1,0
1.155903125,1,1,1,1
1.155964125,1,1,1,0
1.155964250,1,1,1,1
1.156020250,1,1,1,0
1.156020375,1,1,1,1
1.156020500,1,1,1,0
1.156020625,1,1,1,1
1.156024125,1,1,1,0
1.156024250,1,1,1,1
1.156024750,1,1,1,0
1.156024875,1,1,1,1
1.156084500,1,1,1,0
1.156084750,1,1,1,1
1.156141750,1,1,1,0
1.156141875,1,1,1,1
1.156142000,1,1,1,0
1.156142125,1,1,1,1
1.156145625,1,1,1,0
1.156145750,1,1,1,1
1.156145875,1,1,1,0
1.156146000,1,1,1,1
1.156146250,1,1,1,0
1.156146375,1,1,1,1
1.156205750,1,1,1,0
1.156205875,1,1,1,1
1.156206125,1,1,1,0
1.156206250,1,1,1,1
1.156262125,1,1,1,0
1.156262250,1,1,1,1
1.156262375,1,1,1,0
1.156262500,1,1,1,1
1.156266000,1,1,1,0
1.156266125,1,1,1,1
1.156266625,1,1,1,0
1.156266750,1,1,1,1
1.156322375,1,1,1,0
1.156322500,1,1,1,1
1.156322625,1,1,1,0
1.156322750,1,1,1,1
1.156326125,1,1,1,0
1.156326375,1,1,1,1
1.156382625,1,1,1,0
1.156382750,1,1,1,1
1.156382875,1,1,1,0
1.156383000,1,1,1,1
1.156386375,1,1,1,0
1.156386625,1,1,1,1
1.156387125,1,1,1,0
1.156387250,1,1,1,1
1.156443125,1,1,1,0
1.156443250,1,1,1,1
1.156443375,1,1,1,0
1.156443500,1,1,1,1
1.156446875,1,1,1,0
1.156447000,1,1,1,1
1.156504125,1,1,1,0
1.156504250,1,1,1,1
1.156504375,1,1,1,0
1.156504500,1,1,1,1
1.156507875,1,1,1,0
1.156508125,1,1,1,1
1.156508625,1,1,1,0
1.156508750,1,1,1,1
1.156564125,1,1,1,0
1.156564250,1,1,1,1
1.156564375,1,1,1,0
1.156564500,1,1,1,1
1.156567875,1,1,1,0
1.156568125,1,1,1,1
1.156568625,1,1,1,0
1.156568750,1,1,1,1
1.156627125,1,1,1,0
1.156627250,1,1,1,1
1.156627750,1,1,1,0
1.156627875,1,1,1,1
1.156687250,1,1,1,0
1.156687375,1,1,1,1
1.156687625,1,1,1,0
1.156687750,1,1,1,1
1.156743875,1,1,1,0
1.156744000,1,1,1,1
1.156744125,1,1,1,0
1.156744250,1,1,1,1
1.156747625,1,1,1,0
1.156747750,1,1,1,1
1.156805000,1,1,1,0
1.156805125,1,1,1,1
1.156805250,1,1,1,0
1.156805375,1,1,1,1
1.156808875,1,1,1,0
1.156809000,1,1,1,1
1.156809500,1,1,1,0
1.156809625,1,1,1,1
1.156869875,1,1,1,0
1.156870000,1,1,1,1
1.156870500,1,1,1,0
1.156870625,1,1,1,1
1.156926000,1,1,1,0
1.156926125,1,1,1,1
1.156926250,1,1,1,0
1.156926375,1,1,1,1
1.156929875,1,1,1,0
1.156930000,1,1,1,1
1.156930500,1,1,1,0
1.156930625,1,1,1,1
1.156989375,1,1,1,0
1.156989500,1,1,1,1
1.157049250,1,1,1,0
1.157049375,1,1,1,1
1.157110500,1,1,1,0
1.157110625,1,1,1,1
1.157232000,1,1,1,0
1.157232125,1,1,1,1
1.157289250,1,1,1,0
1.157289375,1,1,1,1
1.157293000,1,1,1,0
1.157293250,1,1,1,1
1.157355000,1,1,1,0
1.157355125,1,1,1,1
1.157538625,1,1,1,0
1.157538750,1,1,1,1
1.157600000,1,1,1,0
1.157600125,1,1,1,1
1.163352375,1,1,1,0
1.163352500,1,1,1,1
1.163413500,1,1,1,0
1.163413625,1,1,1,1
1.163716875,1,1,1,0
1.163717000,1,1,1,1
1.163898125,1,1,1,0
1.163898250,1,1,1,1
1.164381875,1,1,1,0
1.164382125,1,1,1,1
1.164504625,1,1,1,0
1.164504875,1,1,1,1
1.164565875,1,1,1,0
1.164566000,1,1,1,1
1.164622125,1,1,1,0
1.164622250,1,1,1,1
1.164681500,1,1,1,0
1.164681625,1,1,1,1
1.164745875,1,1,1,0
1.164746000,1,1,1,1
1.164746500,1,1,1,0
1.164746625,1,1,1,1
1.164806375,1,1,1,0
1.164806625,1,1,1,1
1.164868125,1,1,1,0
1.164868250,1,1,1,1
1.164928875,1,1,1,0
1.164929000,1,1,1,1
1.164929250,1,1,1,0
1.164929375,1,1,1,1
1.164989375,1,1,1,0
1.164989500,1,1,1,1
1.165044375,1,1,1,0
1.165044500,1,1,1,1
1.165044625,1,1,1,0
1.165044750,1,1,1,1
1.165048250,1,1,1,0
1.165048500,1,1,1,1
1.165108625,1,1,1,0
1.165108750,1,1,1,1
1.165109000,1,1,1,0
1.165109125,1,1,1,1
1.165170125,1,1,1,0
1.165170250,1,1,1,1
1.165229875,1,1,1,0
1.165230000,1,1,1,1
1.165230500,1,1,1,0
1.165230625,1,1,1,1
1.165285250,1,1,1,0
1.165285375,1,1,1,1
1.165289125,1,1,1,0
1.165289375,1,1,1,1
1.165349625,1,1,1,0
1.165349875,1,1,1,1
1.165350375,1,1,1,0
1.165350500,1,1,1,1
1.165410875,1,1,1,0
1.165411125,1,1,1,1
1.165411625,1,1,1,0
1.165411750,1,1,1,1
1.165472000,1,1,1,0
1.165472250,1,1,1,1
1.165528250,1,1,1,0
1.165528375,1,1,1,1
1.165528500,1,1,1,0
1.165528625,1,1,1,1
1.165532125,1,1,1,0
1.165532250,1,1,1,1
1.165532500,1,1,1,0
1.165532625,1,1,1,1
1.165587750,1,1,1,0
1.165587875,1,1,1,1
1.165588000,1,1,1,0
1.165588125,1,1,1,1
1.165592000,1,1,1,0
1.165592125,1,1,1,1
1.165648250,1,1,1,0
1.165648375,1,1,1,1
1.165648500,1,1,1,0
1.165648625,1,1,1,1
1.165652500,1,1,1,0
1.165652625,1,1,1,1
1.165713375,1,1,1,0
1.165713500,1,1,1,1
1.165714000,1,1,1,0
1.165714125,1,1,1,1
1.165770500,1,1,1,0
1.165770625,1,1,1,1
1.165770750,1,1,1,0
1.165770875,1,1,1,1
1.165774375,1,1,1,0
1.165774500,1,1,1,1
1.165775000,1,1,1,0
1.165775125,1,1,1,1
1.165833750,1,1,1,0
1.165834000,1,1,1,1
1.165834500,1,1,1,0
1.165834625,1,1,1,1
1.165894125,1,1,1,0
1.165894250,1,1,1,1
1.165894500,1,1,1,0
1.165894625,1,1,1,1
1.165955125,1,1,1,0
1.165955250,1,1,1,1
1.165955500,1,1,1,0
1.165955625,1,1,1,1
1.166015000,1,1,1,0
1.166015125,1,1,1,1
1.166074875,1,1,1,0
1.166075000,1,1,1,1
1.166075250,1,1,1,0
1.166075375,1,1,1,1
1.166131500,1,1,1,0
1.166131625,1,1,1,1
1.166131750,1,1,1,0
1.166131875,1,1,1,1
1.166135250,1,1,1,0
1.166135500,1,1,1,1
1.166136000,1,1,1,0
1.166136125,1,1,1,1
1.166196250,1,1,1,0
1.166196375,1,1,1,1
1.166196625,1,1,1,0
1.166196750,1,1,1,1
1.166251875,1,1,1,0
1.166252000,1,1,1,1
1.166252125,1,1,1,0
1.166252250,1,1,1,1
1.166255750,1,1,1,0
1.166255875,1,1,1,1
1.166256375,1,1,1,0
1.166256500,1,1,1,1
1.166312125,1,1,1,0
1.166312250,1,1,1,1
1.166316000,1,1,1,0
1.166316125,1,1,1,1
1.166316625,1,1,1,0
1.166316750,1,1,1,1
1.166376625,1,1,1,0
1.166376750,1,1,1,1
1.166436875,1,1,1,0
1.166437000,1,1,1,1
1.166497125,1,1,1,0
1.166497250,1,1,1,1
1.166557000,1,1,1,0
1.166557125,1,1,1,1
1.166557625,1,1,1,0
1.166557750,1,1,1,1
1.166613375,1,1,1,0
1.166613500,1,1,1,1
1.166613625,1,1,1,0
1.166613750,1,1,1,1
1.166617125,1,1,1,0
1.166617375,1,1,1,1
1.166678000,1,1,1,0
1.166678125,1,1,1,1
1.166738125,1,1,1,0
1.166738250,1,1,1,1
1.166793625,1,1,1,0
1.166793750,1,1,1,1
1.166797500,1,1,1,0
1.166797625,1,1,1,1
1.166798125,1,1,1,0
1.166798250,1,1,1,1
1.166852625,1,1,1,0
1.166852750,1,1,1,1
1.166856500,1,1,1,0
1.166856625,1,1,1,1
1.166857125,1,1,1,0
1.166857250,1,1,1,1
1.166915500,1,1,1,0
1.166915625,1,1,1,1
1.166916125,1,1,1,0
1.166916250,1,1,1,1
1.166974750,1,1,1,0
1.166974875,1,1,1,1
1.166975375,1,1,1,0
1.166975500,1,1,1,1
1.167092500,1,1,1,0
1.167092625,1,1,1,1
1.167096250,1,1,1,0
1.167096500,1,1,1,1
1.167212875,1,1,1,0
1.167213000,1,1,1,1
1.167216625,1,1,1,0
1.167216875,1,1,1,1
1.167277000,1,1,1,0
1.167277125,1,1,1,1
1.167398125,1,1,1,0
1.167398375,1,1,1,1
1.167517625,1,1,1,0
1.167517750,1,1,1,1
1.167578000,1,1,1,0
1.167578125,1,1,1,1
1.176550000,1,1,1,0
1.176550125,1,1,1,1
1.185633250,1,1,1,0
1.185633375,1,1,1,1
1.185755500,1,1,1,0
1.185755625,1,1,1,1
1.185815500,1,1,1,0
1.185815625,1,1,1,1
1.186180750,1,1,1,0
1.186180875,1,1,1,1
1.186242000,1,1,1,0
1.186242125,1,1,1,1
1.186423875,1,1,1,0
1.186424000,1,1,1,1
1.186664500,1,1,1,0
1.186664625,1,1,1,1
1.763845625,1,1,1,0
1.763845750,1,1,1,1
1.763904375,1,1,1,0
1.763904500,1,1,1,1
1.763958250,1,1,1,0
1.763958375,1,1,1,1
1.763962250,1,1,1,0
1.763962375,1,1,1,1
1.764019500,1,1,1,0
1.764019625,1,1,1,1
1.764077125,1,1,1,0
1.764077375,1,1,1,1
1.764136125,1,1,1,0
1.764136250,1,1,1,1
1.764191000,1,1,1,0
1.764191125,1,1,1,1
1.764195625,1,1,1,0
1.764195750,1,1,1,1
1.764253375,1,1,1,0
1.764253500,1,1,1,1
1.764253750,1,1,1,0
1.764253875,1,1,1,1
1.764308000,1,1,1,0
1.764308125,1,1,1,1
1.764308250,1,1,1,0
1.764308375,1,1,1,1
1.764312000,1,1,1,0
1.764312125,1,1,1,1
1.764312625,1,1,1,0
1.764312750,1,1,1,1
1.764367250,1,1,1,0
1.764367375,1,1,1,1
1.764367500,1,1,1,0
1.764367625,1,1,1,1
1.764371125,1,1,1,0
1.764371375,1,1,1,1
1.764430125,1,1,1,0
1.764430250,1,1,1,1
1.764485125,1,1,1,0
1.764485250,1,1,1,1
1.764485375,1,1,1,0
1.764485500,1,1,1,1
1.764489000,1,1,1,0
1.764489250,1,1,1,1
1.764544625,1,1,1,0
1.764544750,1,1,1,1
1.764544875,1,1,1,0
1.764545000,1,1,1,1
1.764548500,1,1,1,0
1.764548625,1,1,1,1
1.764604125,1,1,1,0
1.764604250,1,1,1,1
1.764604375,1,1,1,0
1.764604500,1,1,1,1
1.764608000,1,1,1,0
1.764608125,1,1,1,1
1.764608375,1,1,1,0
1.764608500,1,1,1,1
1.764663625,1,1,1,0
1.764663750,1,1,1,1
1.764663875,1,1,1,0
1.764664000,1,1,1,1
1.764667500,1,1,1,0
1.764667625,1,1,1,1
1.764667875,1,1,1,0
1.764668000,1,1,1,1
1.764723125,1,1,1,0
1.764723250,1,1,1,1
1.764723375,1,1,1,0
1.764723500,1,1,1,1
1.764727000,1,1,1,0
1.764727125,1,1,1,1
1.764727375,1,1,1,0
1.764727500,1,1,1,1
1.764782625,1,1,1,0
1.764782750,1,1,1,1
1.764782875,1,1,1,0
1.764783000,1,1,1,1
1.764786875,1,1,1,0
1.764787000,1,1,1,1
1.764787125,1,1,1,0
1.764787250,1,1,1,1
1.764842125,1,1,1,0
1.764842250,1,1,1,1
1.764842375,1,1,1,0
1.764842500,1,1,1,1
1.764846375,1,1,1,0
1.764846500,1,1,1,1
1.764901625,1,1,1,0
1.764901750,1,1,1,1
1.764905500,1,1,1,0
1.764905625,1,1,1,1
1.764905875,1,1,1,0
1.764906000,1,1,1,1
1.764965500,1,1,1,0
1.764965625,1,1,1,1
1.765020125,1,1,1,0
1.765020250,1,1,1,1
1.765020375,1,1,1,0
1.765020500,1,1,1,1
1.765024000,1,1,1,0
1.765024125,1,1,1,1
1.765024625,1,1,1,0
1.765024750,1,1,1,1
1.765083125,1,1,1,0
1.765083375,1,1,1,1
1.765143125,1,1,1,0
1.765143375,1,1,1,1
1.765202125,1,1,1,0
1.765202375,1,1,1,1
1.765261500,1,1,1,0
1.765261625,1,1,1,1
1.765316250,1,1,1,0
1.765316375,1,1,1,1
1.765316500,1,1,1,0
1.765316625,1,1,1,1
1.765320125,1,1,1,0
1.765320250,1,1,1,1
1.765320750,1,1,1,0
1.765320875,1,1,1,1
1.765379625,1,1,1,0
1.765379750,1,1,1,1
1.765439625,1,1,1,0
1.765439750,1,1,1,1
1.765501000,1,1,1,0
1.765501125,1,1,1,1
1.765501375,1,1,1,0
1.765501500,1,1,1,1
1.765558625,1,1,1,0
1.765558750,1,1,1,1
1.765558875,1,1,1,0
1.765559000,1,1,1,1
1.765562375,1,1,1,0
1.765562625,1,1,1,1
1.765563125,1,1,1,0
1.765563250,1,1,1,1
1.765619875,1,1,1,0
1.765620000,1,1,1,1
1.765620125,1,1,1,0
1.765620250,1,1,1,1
1.765623625,1,1,1,0
1.765623750,1,1,1,1
1.765680875,1,1,1,0
1.765681000,1,1,1,1
1.765681125,1,1,1,0
1.765681250,1,1,1,1
1.765684625,1,1,1,0
1.765684750,1,1,1,1
1.765745250,1,1,1,0
1.765745375,1,1,1,1
1.765804125,1,1,1,0
1.765804250,1,1,1,1
1.765804375,1,1,1,0
1.765804500,1,1,1,1
1.765860000,1,1,1,0
1.765860125,1,1,1,1
1.765863875,1,1,1,0
1.765864000,1,1,1,1
1.765864500,1,1,1,0
1.765864625,1,1,1,1
1.765924250,1,1,1,0
1.765924375,1,1,1,1
1.765924875,1,1,1,0
1.765925000,1,1,1,1
1.765981625,1,1,1,0
1.765981750,1,1,1,1
1.765981875,1,1,1,0
1.765982000,1,1,1,1
1.765985375,1,1,1,0
1.765985500,1,1,1,1
1.766047000,1,1,1,0
1.766047125,1,1,1,1
1.766103875,1,1,1,0
1.766104000,1,1,1,1
1.766107750,1,1,1,0
1.766107875,1,1,1,1
1.766108375,1,1,1,0
1.766108500,1,1,1,1
1.766168500,1,1,1,0
1.766168625,1,1,1,1
1.766229125,1,1,1,0
1.766229250,1,1,1,1
1.766229750,1,1,1,0
1.766229875,1,1,1,1
1.766288500,1,1,1,0
1.766288625,1,1,1,1
1.766345125,1,1,1,0
1.766345250,1,1,1,1
1.766348875,1,1,1,0
1.766349000,1,1,1,1
1.766410375,1,1,1,0
1.766410500,1,1,1,1
1.766527750,1,1,1,0
1.766527875,1,1,1,1
1.766531500,1,1,1,0
1.766531750,1,1,1,1
1.766588750,1,1,1,0
1.766588875,1,1,1,1
1.766592500,1,1,1,0
1.766592625,1,1,1,1
1.766648625,1,1,1,0
1.766648750,1,1,1,1
1.766712750,1,1,1,0
1.766712875,1,1,1,1
1.766833875,1,1,1,0
1.766834000,1,1,1,1
1.783689750,1,1,1,0
1.783689875,1,1,1,1
1.783693750,1,1,1,0
1.783693875,1,1,1,1
1.783749875,1,1,1,0
1.783750000,1,1,1,1
1.783753875,1,1,1,0
1.783754000,1,1,1,1
1.783813375,1,1,1,0
1.783813625,1,1,1,1
1.783870625,1,1,1,0
1.783870750,1,1,1,1
1.783874625,1,1,1,0
1.783874750,1,1,1,1
1.783931000,1,1,1,0
1.783931125,1,1,1,1
1.783935000,1,1,1,0
1.783935125,1,1,1,1
1.783996750,1,1,1,0
1.783996875,1,1,1,1
1.784054000,1,1,1,0
1.784054125,1,1,1,1
1.784054250,1,1,1,0
1.784054375,1,1,1,1
1.784058000,1,1,1,0
1.784058125,1,1,1,1
1.784058625,1,1,1,0
1.784058750,1,1,1,1
1.784115625,1,1,1,0
1.784115750,1,1,1,1
1.784115875,1,1,1,0
1.784116000,1,1,1,1
1.784119625,1,1,1,0
1.784119750,1,1,1,1
1.784120250,1,1,1,0
1.784120375,1,1,1,1
1.784177125,1,1,1,0
1.784177250,1,1,1,1
1.784177375,1,1,1,0
1.784177500,1,1,1,1
1.784181125,1,1,1,0
1.784181250,1,1,1,1
1.784181750,1,1,1,0
1.784181875,1,1,1,1
1.784238500,1,1,1,0
1.784238625,1,1,1,1
1.784238750,1,1,1,0
1.784238875,1,1,1,1
1.784242375,1,1,1,0
1.784242625,1,1,1,1
1.784299625,1,1,1,0
1.784299750,1,1,1,1
1.784299875,1,1,1,0
1.784300000,1,1,1,1
1.784303500,1,1,1,0
1.784303750,1,1,1,1
1.784359125,1,1,1,0
1.784359250,1,1,1,1
1.784363125,1,1,1,0
1.784363250,1,1,1,1
1.784363750,1,1,1,0
1.784363875,1,1,1,1
1.784423500,1,1,1,0
1.784423625,1,1,1,1
1.784424125,1,1,1,0
1.784424250,1,1,1,1
1.784484625,1,1,1,0
1.784484750,1,1,1,1
1.784485250,1,1,1,0
1.784485375,1,1,1,1
1.784540750,1,1,1,0
1.784540875,1,1,1,1
1.784541000,1,1,1,0
1.784541125,1,1,1,1
1.784544625,1,1,1,0
1.784544750,1,1,1,1
1.784604000,1,1,1,0
1.784604125,1,1,1,1
1.784604625,1,1,1,0
1.784604750,1,1,1,1
1.784664375,1,1,1,0
1.784664500,1,1,1,1
1.784665000,1,1,1,0
1.784665125,1,1,1,1
1.784725500,1,1,1,0
1.784725750,1,1,1,1
1.784782750,1,1,1,0
1.784782875,1,1,1,1
1.784783000,1,1,1,0
1.784783125,1,1,1,1
1.784787000,1,1,1,0
1.784787125,1,1,1,1
1.784842750,1,1,1,0
1.784842875,1,1,1,1
1.784846625,1,1,1,0
1.784846750,1,1,1,1
1.784902000,1,1,1,0
1.784902125,1,1,1,1
1.784902250,1,1,1,0
1.784902375,1,1,1,1
1.784906500,1,1,1,0
1.784906625,1,1,1,1
1.784966125,1,1,1,0
1.784966250,1,1,1,1
1.784966750,1,1,1,0
1.784966875,1,1,1,1
1.785026500,1,1,1,0
1.785026750,1,1,1,1
1.785083875,1,1,1,0
1.785084000,1,1,1,1
1.785084125,1,1,1,0
1.785084250,1,1,1,1
1.785087750,1,1,1,0
1.785087875,1,1,1,1
1.785088375,1,1,1,0
1.785088500,1,1,1,1
1.785148000,1,1,1,0
1.785148250,1,1,1,1
1.785148750,1,1,1,0
1.785148875,1,1,1,1
1.785204250,1,1,1,0
1.785204375,1,1,1,1
1.785208500,1,1,1,0
1.785208625,1,1,1,1
1.785266250,1,1,1,0
1.785266375,1,1,1,1
1.785266625,1,1,1,0
1.785266750,1,1,1,1
1.785319625,1,1,1,0
1.785319750,1,1,1,1
1.785319875,1,1,1,0
1.785320000,1,1,1,1
1.785323500,1,1,1,0
1.785323625,1,1,1,1
1.785324125,1,1,1,0
1.785324250,1,1,1,1
1.785376625,1,1,1,0
1.785376750,1,1,1,1
1.785376875,1,1,1,0
1.785377000,1,1,1,1
1.785380375,1,1,1,0
1.785380625,1,1,1,1
1.785432875,1,1,1,0
1.785433000,1,1,1,1
1.785485375,1,1,1,0
1.785485500,1,1,1,1
1.785485750,1,1,1,0
1.785485875,1,1,1,1
1.785541750,1,1,1,0
1.785541875,1,1,1,1
1.785542125,1,1,1,0
1.785542250,1,1,1,1
1.785590500,1,1,1,0
1.785590625,1,1,1,1
1.785590750,1,1,1,0
1.785590875,1,1,1,1
1.785594375,1,1,1,0
1.785594500,1,1,1,1
1.785595000,1,1,1,0
1.785595125,1,1,1,1
1.785643000,1,1,1,0
1.785643125,1,1,1,1
1.785643250,1,1,1,0
1.785643375,1,1,1,1
1.785646750,1,1,1,0
1.785647000,1,1,1,1
1.785699625,1,1,1,0
1.785699750,1,1,1,1
1.785699875,1,1,1,0
1.785700000,1,1,1,1
1.785747875,1,1,1,0
1.785748000,1,1,1,1
1.785748125,1,1,1,0
1.785748250,1,1,1,1
1.785751625,1,1,1,0
1.785751875,1,1,1,1
1.785752375,1,1,1,0
1.785752500,1,1,1,1
1.785804125,1,1,1,0
1.785804250,1,1,1,1
1.785804500,1,1,1,0
1.785804625,1,1,1,1
1.785855000,1,1,1,0
1.785855125,1,1,1,1
1.785855375,1,1,1,0
1.785855500,1,1,1,1
1.785902000,1,1,1,0
1.785902125,1,1,1,1
1.785902250,1,1,1,0
1.785902375,1,1,1,1
1.785905750,1,1,1,0
1.785906000,1,1,1,1
1.785906500,1,1,1,0
1.785906625,1,1,1,1
1.785956625,1,1,1,0
1.785956750,1,1,1,1
1.785957250,1,1,1,0
1.785957375,1,1,1,1
1.786007375,1,1,1,0
1.786007500,1,1,1,1
1.786007750,1,1,1,0
1.786007875,1,1,1,1
1.786054375,1,1,1,0
1.786054500,1,1,1,1
1.786054625,1,1,1,0
1.786054750,1,1,1,1
1.786058125,1,1,1,0
1.786058250,1,1,1,1
1.786105125,1,1,1,0
1.786105250,1,1,1,1
1.786105375,1,1,1,0
1.786105500,1,1,1,1
1.786109000,1,1,1,0
1.786109125,1,1,1,1
1.786109625,1,1,1,0
1.786109750,1,1,1,1
1.786159750,1,1,1,0
1.786159875,1,1,1,1
1.786160375,1,1,1,0
1.786160500,1,1,1,1
1.786204875,1,1,1,0
1.786205000,1,1,1,1
1.786208750,1,1,1,0
1.786208875,1,1,1,1
1.786209375,1,1,1,0
1.786209500,1,1,1,1
1.786253875,1,1,1,0
1.786254000,1,1,1,1
1.786257625,1,1,1,0
1.786257875,1,1,1,1
1.786302625,1,1,1,0
1.786302750,1,1,1,1
1.786306500,1,1,1,0
1.786306625,1,1,1,1
1.786355125,1,1,1,0
1.786355250,1,1,1,1
1.786403750,1,1,1,0
1.786404000,1,1,1,1
1.786448500,1,1,1,0
1.786448625,1,1,1,1
1.786452250,1,1,1,0
1.786452500,1,1,1,1
1.786501000,1,1,1,0
1.786501250,1,1,1,1
1.786551375,1,1,1,0
1.786551625,1,1,1,1
1.786596125,1,1,1,0
1.786596250,1,1,1,1
1.786599875,1,1,1,0
1.786600125,1,1,1,1
1.786845000,1,1,1,0
1.786845250,1,1,1,1
1.786895125,1,1,1,0
1.786895250,1,1,1,1
1.792218500,1,1,1,0
1.792218625,1,1,1,1
1.792340125,1,1,1,0
1.792340250,1,1,1,1
1.792400250,1,1,1,0
1.792400500,1,1,1,1
1.792522250,1,1,1,0
1.792522500,1,1,1,1
1.792583375,1,1,1,0
1.792583625,1,1,1,1
1.792703125,1,1,1,0
1.792703375,1,1,1,1
1.793005250,1,1,1,0
1.793005500,1,1,1,1
1.793188125,1,1,1,0
1.793188375,1,1,1,1
1.793248750,1,1,1,0
1.793248875,1,1,1,1
1.793674250,1,1,1,0
1.793674500,1,1,1,1
1.793735375,1,1,1,0
1.793735625,1,1,1,1
1.793796125,1,1,1,0
1.793796250,1,1,1,1
1.793857125,1,1,1,0
1.793857250,1,1,1,1
1.793913500,1,1,1,0
1.793913625,1,1,1,1
1.793917500,1,1,1,0
1.793917625,1,1,1,1
1.793978750,1,1,1,0
1.793978875,1,1,1,1
1.794039250,1,1,1,0
1.794039500,1,1,1,1
1.794096750,1,1,1,0
1.794096875,1,1,1,1
1.794097000,1,1,1,0
1.794097125,1,1,1,1
1.794100750,1,1,1,0
1.794100875,1,1,1,1
1.794101375,1,1,1,0
1.794101500,1,1,1,1
1.794162125,1,1,1,0
1.794162375,1,1,1,1
1.794223500,1,1,1,0
1.794223625,1,1,1,1
1.794223875,1,1,1,0
1.794224000,1,1,1,1
1.794280750,1,1,1,0
1.794280875,1,1,1,1
1.794281000,1,1,1,0
1.794281125,1,1,1,1
1.794284625,1,1,1,0
1.794284875,1,1,1,1
1.794344250,1,1,1,0
1.794344375,1,1,1,1
1.794400750,1,1,1,0
1.794400875,1,1,1,1
1.794401000,1,1,1,0
1.794401125,1,1,1,1
1.794404625,1,1,1,0
1.794404875,1,1,1,1
1.794405375,1,1,1,0
1.794405500,1,1,1,1
1.794465625,1,1,1,0
1.794465750,1,1,1,1
1.794526750,1,1,1,0
1.794526875,1,1,1,1
1.794586875,1,1,1,0
1.794587000,1,1,1,1
1.794645875,1,1,1,0
1.794646000,1,1,1,1
1.794646500,1,1,1,0
1.794646625,1,1,1,1
1.794702250,1,1,1,0
1.794702375,1,1,1,1
1.794702500,1,1,1,0
1.794702625,1,1,1,1
1.794706500,1,1,1,0
1.794706625,1,1,1,1
1.794762750,1,1,1,0
1.794762875,1,1,1,1
1.794763000,1,1,1,0
1.794763125,1,1,1,1
1.794766625,1,1,1,0
1.794766750,1,1,1,1
1.794767000,1,1,1,0
1.794767125,1,1,1,1
1.794823875,1,1,1,0
1.794824000,1,1,1,1
1.794827750,1,1,1,0
1.794827875,1,1,1,1
1.794884250,1,1,1,0
1.794884375,1,1,1,1
1.794884500,1,1,1,0
1.794884625,1,1,1,1
1.794888500,1,1,1,0
1.794888625,1,1,1,1
1.794944750,1,1,1,0
1.794944875,1,1,1,1
1.794945000,1,1,1,0
1.794945125,1,1,1,1
1.794949250,1,1,1,0
1.794949375,1,1,1,1
1.795009125,1,1,1,0
1.795009250,1,1,1,1
1.795009500,1,1,1,0
1.795009625,1,1,1,1
1.795070250,1,1,1,0
1.795070375,1,1,1,1
1.795070875,1,1,1,0
1.795071000,1,1,1,1
1.795129625,1,1,1,0
1.795129750,1,1,1,1
1.795189875,1,1,1,0
1.795190000,1,1,1,1
1.795250125,1,1,1,0
1.795250375,1,1,1,1
1.795250875,1,1,1,0
1.795251000,1,1,1,1
1.795311000,1,1,1,0
1.795311125,1,1,1,1
1.795372000,1,1,1,0
1.795372125,1,1,1,1
1.795427500,1,1,1,0
1.795427625,1,1,1,1
1.795431000,1,1,1,0
1.795431250,1,1,1,1
1.795491625,1,1,1,0
1.795491750,1,1,1,1
1.795551500,1,1,1,0
1.795551625,1,1,1,1
1.795551875,1,1,1,0
1.795552000,1,1,1,1
1.795608125,1,1,1,0
1.795608250,1,1,1,1
1.795608375,1,1,1,0
1.795608500,1,1,1,1
1.795612000,1,1,1,0
1.795612125,1,1,1,1
1.795612625,1,1,1,0
1.795612750,1,1,1,1
1.795669125,1,1,1,0
1.795669250,1,1,1,1
1.795669375,1,1,1,0
1.795669500,1,1,1,1
1.795672875,1,1,1,0
1.795673125,1,1,1,1
1.795673625,1,1,1,0
1.795673750,1,1,1,1
1.795732750,1,1,1,0
1.795732875,1,1,1,1
1.795733000,1,1,1,0
1.795733125,1,1,1,1
1.795793000,1,1,1,0
1.795793125,1,1,1,1
1.795849250,1,1,1,0
1.795849375,1,1,1,1
1.795849500,1,1,1,0
1.795849625,1,1,1,1
1.795853000,1,1,1,0
1.795853125,1,1,1,1
1.795914375,1,1,1,0
1.795914500,1,1,1,1
1.795969625,1,1,1,0
1.795969750,1,1,1,1
1.795969875,1,1,1,0
1.795970000,1,1,1,1
1.795973500,1,1,1,0
1.795973625,1,1,1,1
1.795974125,1,1,1,0
1.795974250,1,1,1,1
1.796029875,1,1,1,0
1.796030000,1,1,1,1
1.796030125,1,1,1,0
1.796030250,1,1,1,1
1.796033625,1,1,1,0
1.796033875,1,1,1,1
1.796090250,1,1,1,0
1.796090375,1,1,1,1
1.796090500,1,1,1,0
1.796090625,1,1,1,1
1.796094125,1,1,1,0
1.796094250,1,1,1,1
1.796094750,1,1,1,0
1.796094875,1,1,1,1
1.796151250,1,1,1,0
1.796151375,1,1,1,1
1.796151500,1,1,1,0
1.796151625,1,1,1,1
1.796155000,1,1,1,0
1.796155125,1,1,1,1
1.796210625,1,1,1,0
1.796210750,1,1,1,1
1.796210875,1,1,1,0
1.796211000,1,1,1,1
1.796214500,1,1,1,0
1.796214625,1,1,1,1
1.796215125,1,1,1,0
1.796215250,1,1,1,1
1.796270875,1,1,1,0
1.796271000,1,1,1,1
1.796274625,1,1,1,0
1.796274750,1,1,1,1
1.796331250,1,1,1,0
1.796331375,1,1,1,1
1.796335000,1,1,1,0
1.796335250,1,1,1,1
1.796392250,1,1,1,0
1.796392375,1,1,1,1
1.796396000,1,1,1,0
1.796396250,1,1,1,1
1.796455500,1,1,1,0
1.796455750,1,1,1,1
1.796697125,1,1,1,0
1.796697250,1,1,1,1
1.803085250,1,1,1,0
1.803085375,1,1,1,1
1.803687000,1,1,1,0
1.803687125,1,1,1,1
1.803690875,1,1,1,0
1.803691125,1,1,1,1
1.803747125,1,1,1,0
1.803747250,1,1,1,1
1.803751125,1,1,1,0
1.803751250,1,1,1,1
1.803810875,1,1,1,0
1.803811000,1,1,1,1
1.803870875,1,1,1,0
1.803871125,1,1,1,1
1.803932500,1,1,1,0
1.803932625,1,1,1,1
1.803992875,1,1,1,0
1.803993000,1,1,1,1
1.804049125,1,1,1,0
1.804049250,1,1,1,1
1.804049375,1,1,1,0
1.804049500,1,1,1,1
1.804053750,1,1,1,0
1.804053875,1,1,1,1
1.804114750,1,1,1,0
1.804114875,1,1,1,1
1.804175250,1,1,1,0
1.804175375,1,1,1,1
1.804236375,1,1,1,0
1.804236500,1,1,1,1
1.804236625,1,1,1,0
1.804236750,1,1,1,1
1.804291625,1,1,1,0
1.804291750,1,1,1,1
1.804291875,1,1,1,0
1.804292000,1,1,1,1
1.804295625,1,1,1,0
1.804295750,1,1,1,1
1.804296250,1,1,1,0
1.804296375,1,1,1,1
1.804352125,1,1,1,0
1.804352250,1,1,1,1
1.804352375,1,1,1,0
1.804352500,1,1,1,1
1.804356000,1,1,1,0
1.804356250,1,1,1,1
1.804413250,1,1,1,0
1.804413375,1,1,1,1
1.804413500,1,1,1,0
1.804413625,1,1,1,1
1.804417125,1,1,1,0
1.804417250,1,1,1,1
1.804477250,1,1,1,0
1.804477375,1,1,1,1
1.804477625,1,1,1,0
1.804477750,1,1,1,1
1.804536875,1,1,1,0
1.804537000,1,1,1,1
1.804596625,1,1,1,0
1.804596750,1,1,1,1
1.804597250,1,1,1,0
1.804597375,1,1,1,1
1.804656125,1,1,1,0
1.804656250,1,1,1,1
1.804656750,1,1,1,0
1.804656875,1,1,1,1
1.804713250,1,1,1,0
1.804713375,1,1,1,1
1.804713500,1,1,1,0
1.804713625,1,1,1,1
1.804717125,1,1,1,0
1.804717250,1,1,1,1
1.804717500,1,1,1,0
1.804717625,1,1,1,1
1.804773375,1,1,1,0
1.804773500,1,1,1,1
1.804773625,1,1,1,0
1.804773750,1,1,1,1
1.804777625,1,1,1,0
1.804777750,1,1,1,1
1.804777875,1,1,1,0
1.804778000,1,1,1,1
1.804832875,1,1,1,0
1.804833000,1,1,1,1
1.804833125,1,1,1,0
1.804833250,1,1,1,1
1.804837125,1,1,1,0
1.804837250,1,1,1,1
1.804893375,1,1,1,0
1.804893500,1,1,1,1
1.804897250,1,1,1,0
1.804897375,1,1,1,1
1.804897625,1,1,1,0
1.804897750,1,1,1,1
1.804954625,1,1,1,0
1.804954750,1,1,1,1
1.804958500,1,1,1,0
1.804958625,1,1,1,1
1.804958875,1,1,1,0
1.804959000,1,1,1,1
1.805015875,1,1,1,0
1.805016000,1,1,1,1
1.805020125,1,1,1,0
1.805020250,1,1,1,1
1.805080750,1,1,1,0
1.805080875,1,1,1,1
1.805081125,1,1,1,0
1.805081250,1,1,1,1
1.805136375,1,1,1,0
1.805136500,1,1,1,1
1.805136625,1,1,1,0
1.805136750,1,1,1,1
1.805140250,1,1,1,0
1.805140375,1,1,1,1
1.805140875,1,1,1,0
1.805141000,1,1,1,1
1.805196625,1,1,1,0
1.805196750,1,1,1,1
1.805196875,1,1,1,0
1.805197000,1,1,1,1
1.805200500,1,1,1,0
1.805200625,1,1,1,1
1.805201125,1,1,1,0
1.805201250,1,1,1,1
1.805256875,1,1,1,0
1.805257000,1,1,1,1
1.805257125,1,1,1,0
1.805257250,1,1,1,1
1.805260750,1,1,1,0
1.805260875,1,1,1,1
1.805261375,1,1,1,0
1.805261500,1,1,1,1
1.805317625,1,1,1,0
1.805317750,1,1,1,1
1.805321125,1,1,1,0
1.805321375,1,1,1,1
1.805382125,1,1,1,0
1.805382250,1,1,1,1
1.805442000,1,1,1,0
1.805442125,1,1,1,1
1.805498125,1,1,1,0
1.805498250,1,1,1,1
1.805498375,1,1,1,0
1.805498500,1,1,1,1
1.805501875,1,1,1,0
1.805502125,1,1,1,1
1.805562750,1,1,1,0
1.805562875,1,1,1,1
1.805623375,1,1,1,0
1.805623500,1,1,1,1
1.805623750,1,1,1,0
1.805623875,1,1,1,1
1.805679750,1,1,1,0
1.805679875,1,1,1,1
1.805683250,1,1,1,0
1.805683375,1,1,1,1
1.805743500,1,1,1,0
1.805743625,1,1,1,1
1.805744125,1,1,1,0
1.805744250,1,1,1,1
1.805804125,1,1,1,0
1.805804250,1,1,1,1
1.805804375,1,1,1,0
1.805804500,1,1,1,1
1.805860375,1,1,1,0
1.805860500,1,1,1,1
1.805864250,1,1,1,0
1.805864375,1,1,1,1
1.805864875,1,1,1,0
1.805865000,1,1,1,1
1.805921375,1,1,1,0
1.805921500,1,1,1,1
1.805921625,1,1,1,0
1.805921750,1,1,1,1
1.805925250,1,1,1,0
1.805925375,1,1,1,1
1.805925875,1,1,1,0
1.805926000,1,1,1,1
1.805985000,1,1,1,0
1.805985125,1,1,1,1
1.805985250,1,1,1,0
1.805985375,1,1,1,1
1.806044875,1,1,1,0
1.806045000,1,1,1,1
1.806045500,1,1,1,0
1.806045625,1,1,1,1
1.806105625,1,1,1,0
1.806105750,1,1,1,1
1.806166250,1,1,1,0
1.806166375,1,1,1,1
1.806166875,1,1,1,0
1.806167000,1,1,1,1
1.806221875,1,1,1,0
1.806222000,1,1,1,1
1.806225625,1,1,1,0
1.806225750,1,1,1,1
1.806466750,1,1,1,0
1.806467000,1,1,1,1
1.806523375,1,1,1,0
1.806523500,1,1,1,1
1.806527125,1,1,1,0
1.806527375,1,1,1,1
1.806588125,1,1,1,0
1.806588375,1,1,1,1
1.806648625,1,1,1,0
1.806648750,1,1,1,1
1.806827125,1,1,1,0
1.806827250,1,1,1,1
1.812024000,1,1,1,0
1.812024125,1,1,1,1
1.812084125,1,1,1,0
1.812084375,1,1,1,1
1.812204250,1,1,1,0
1.812204375,1,1,1,1
1.812386750,1,1,1,0
1.812387000,1,1,1,1
1.812568000,1,1,1,0
1.812568125,1,1,1,1
1.812628250,1,1,1,0
1.812628500,1,1,1,1
1.812749875,1,1,1,0
1.812750125,1,1,1,1
1.813113000,1,1,1,0
1.813113125,1,1,1,1
1.813173500,1,1,1,0
1.813173625,1,1,1,1
1.813234750,1,1,1,0
1.813234875,1,1,1,1
1.813533125,1,1,1,0
1.813533250,1,1,1,1
1.813775625,1,1,1,0
1.813775875,1,1,1,1
1.813836375,1,1,1,0
1.813836500,1,1,1,1
1.813953125,1,1,1,0
1.813953250,1,1,1,1
1.813957125,1,1,1,0
1.813957250,1,1,1,1
1.814018625,1,1,1,0
1.814018750,1,1,1,1
1.814077875,1,1,1,0
1.814078000,1,1,1,1
1.814078250,1,1,1,0
1.814078375,1,1,1,1
1.814138250,1,1,1,0
1.814138375,1,1,1,1
1.814198750,1,1,1,0
1.814198875,1,1,1,1
1.814199125,1,1,1,0
1.814199250,1,1,1,1
1.814259750,1,1,1,0
1.814259875,1,1,1,1
1.814316500,1,1,1,0
1.814316625,1,1,1,1
1.814320500,1,1,1,0
1.814320625,1,1,1,1
1.814321125,1,1,1,0
1.814321250,1,1,1,1
1.814380000,1,1,1,0
1.814380125,1,1,1,1
1.814380375,1,1,1,0
1.814380500,1,1,1,1
1.814436375,1,1,1,0
1.814436500,1,1,1,1
1.814436625,1,1,1,0
1.814436750,1,1,1,1
1.814440375,1,1,1,0
1.814440500,1,1,1,1
1.814441000,1,1,1,0
1.814441125,1,1,1,1
1.814496750,1,1,1,0
1.814496875,1,1,1,1
1.814497000,1,1,1,0
1.814497125,1,1,1,1
1.814500625,1,1,1,0
1.814500875,1,1,1,1
1.814561250,1,1,1,0
1.814561375,1,1,1,1
1.814561875,1,1,1,0
1.814562000,1,1,1,1
1.814617875,1,1,1,0
1.814618000,1,1,1,1
1.814618125,1,1,1,0
1.814618250,1,1,1,1
1.814622125,1,1,1,0
1.814622250,1,1,1,1
1.814678375,1,1,1,0
1.814678500,1,1,1,1
1.814682250,1,1,1,0
1.814682500,1,1,1,1
1.814742875,1,1,1,0
1.814743000,1,1,1,1
1.814743500,1,1,1,0
1.814743625,1,1,1,1
1.814803250,1,1,1,0
1.814803500,1,1,1,1
1.814859875,1,1,1,0
1.814860000,1,1,1,1
1.814860125,1,1,1,0
1.814860250,1,1,1,1
1.814863750,1,1,1,0
1.814863875,1,1,1,1
1.814864125,1,1,1,0
1.814864250,1,1,1,1
1.814920250,1,1,1,0
1.814920375,1,1,1,1
1.814920500,1,1,1,0
1.814920625,1,1,1,1
1.814924125,1,1,1,0
1.814924250,1,1,1,1
1.814924750,1,1,1,0
1.814924875,1,1,1,1
1.814980500,1,1,1,0
1.814980625,1,1,1,1
1.814980750,1,1,1,0
1.814980875,1,1,1,1
1.814984750,1,1,1,0
1.814984875,1,1,1,1
1.815044625,1,1,1,0
1.815044750,1,1,1,1
1.815101250,1,1,1,0
1.815101375,1,1,1,1
1.815101500,1,1,1,0
1.815101625,1,1,1,1
1.815105750,1,1,1,0
1.815105875,1,1,1,1
1.815161750,1,1,1,0
1.815161875,1,1,1,1
1.815166000,1,1,1,0
1.815166125,1,1,1,1
1.815226750,1,1,1,0
1.815226875,1,1,1,1
1.815227125,1,1,1,0
1.815227250,1,1,1,1
1.815283375,1,1,1,0
1.815283500,1,1,1,1
1.815287875,1,1,1,0
1.815288000,1,1,1,1
1.815344375,1,1,1,0
1.815344500,1,1,1,1
1.815348875,1,1,1,0
1.815349000,1,1,1,1
1.815403875,1,1,1,0
1.815404000,1,1,1,1
1.815404125,1,1,1,0
1.815404250,1,1,1,1
1.815407750,1,1,1,0
1.815407875,1,1,1,1
1.815408375,1,1,1,0
1.815408500,1,1,1,1
1.815468500,1,1,1,0
1.815468625,1,1,1,1
1.815529500,1,1,1,0
1.815529625,1,1,1,1
1.815529750,1,1,1,0
1.815529875,1,1,1,1
1.815585250,1,1,1,0
1.815585375,1,1,1,1
1.815589125,1,1,1,0
1.815589250,1,1,1,1
1.815589750,1,1,1,0
1.815589875,1,1,1,1
1.815648250,1,1,1,0
1.815648375,1,1,1,1
1.815708500,1,1,1,0
1.815708625,1,1,1,1
1.815709125,1,1,1,0
1.815709250,1,1,1,1
1.815765125,1,1,1,0
1.815765250,1,1,1,1
1.815765375,1,1,1,0
1.815765500,1,1,1,1
1.815768875,1,1,1,0
1.815769125,1,1,1,1
1.815830500,1,1,1,0
1.815830625,1,1,1,1
1.815830750,1,1,1,0
1.815830875,1,1,1,1
1.815891125,1,1,1,0
1.815891250,1,1,1,1
1.815891750,1,1,1,0
1.815891875,1,1,1,1
1.815946750,1,1,1,0
1.815946875,1,1,1,1
1.815947000,1,1,1,0
1.815947125,1,1,1,1
1.815950625,1,1,1,0
1.815950750,1,1,1,1
1.815951250,1,1,1,0
1.815951375,1,1,1,1
1.816007000,1,1,1,0
1.816007125,1,1,1,1
1.816007250,1,1,1,0
1.816007375,1,1,1,1
1.816010875,1,1,1,0
1.816011000,1,1,1,1
1.816011500,1,1,1,0
1.816011625,1,1,1,1
1.816071250,1,1,1,0
1.816071375,1,1,1,1
1.816071875,1,1,1,0
1.816072000,1,1,1,1
1.816127875,1,1,1,0
1.816128000,1,1,1,1
1.816128125,1,1,1,0
1.816128250,1,1,1,1
1.816131750,1,1,1,0
1.816131875,1,1,1,1
1.816132375,1,1,1,0
1.816132500,1,1,1,1
1.816188875,1,1,1,0
1.816189000,1,1,1,1
1.816189125,1,1,1,0
1.816189250,1,1,1,1
1.816192625,1,1,1,0
1.816192875,1,1,1,1
1.816248250,1,1,1,0
1.816248375,1,1,1,1
1.816252000,1,1,1,0
1.816252250,1,1,1,1
1.816308375,1,1,1,0
1.816308500,1,1,1,1
1.816312125,1,1,1,0
1.816312375,1,1,1,1
1.816372375,1,1,1,0
1.816372625,1,1,1,1
1.816432625,1,1,1,0
1.816432875,1,1,1,1
1.816489250,1,1,1,0
1.816489375,1,1,1,1
1.816493000,1,1,1,0
1.816493125,1,1,1,1
1.816550250,1,1,1,0
1.816550375,1,1,1,1
1.816554000,1,1,1,0
1.816554125,1,1,1,1
1.816613500,1,1,1,0
1.816613750,1,1,1,1
1.816673500,1,1,1,0
1.816673750,1,1,1,1
1.816733625,1,1,1,0
1.816733750,1,1,1,1
1.822616500,1,1,1,0
1.822616750,1,1,1,1
1.823148750,1,1,1,0
1.823148875,1,1,1,1
1.823664625,1,1,1,0
1.823664750,1,1,1,1
1.823668625,1,1,1,0
1.823668875,1,1,1,1
1.823727750,1,1,1,0
1.823727875,1,1,1,1
1.823782125,1,1,1,0
1.823782250,1,1,1,1
1.823844625,1,1,1,0
1.823844875,1,1,1,1
1.823904000,1,1,1,0
1.823904250,1,1,1,1
1.823959500,1,1,1,0
1.823959625,1,1,1,1
1.824019125,1,1,1,0
1.824019250,1,1,1,1
1.824019375,1,1,1,0
1.824019500,1,1,1,1
1.824023125,1,1,1,0
1.824023250,1,1,1,1
1.824023750,1,1,1,0
1.824023875,1,1,1,1
1.824082625,1,1,1,0
1.824082875,1,1,1,1
1.824083375,1,1,1,0
1.824083500,1,1,1,1
1.824142625,1,1,1,0
1.824142750,1,1,1,1
1.824197875,1,1,1,0
1.824198000,1,1,1,1
1.824198125,1,1,1,0
1.824198250,1,1,1,1
1.824201875,1,1,1,0
1.824202000,1,1,1,1
1.824202500,1,1,1,0
1.824202625,1,1,1,1
1.824257500,1,1,1,0
1.824257625,1,1,1,1
1.824257750,1,1,1,0
1.824257875,1,1,1,1
1.824261500,1,1,1,0
1.824261625,1,1,1,1
1.824262125,1,1,1,0
1.824262250,1,1,1,1
1.824321500,1,1,1,0
1.824321625,1,1,1,1
1.824376125,1,1,1,0
1.824376250,1,1,1,1
1.824376375,1,1,1,0
1.824376500,1,1,1,1
1.824380000,1,1,1,0
1.824380125,1,1,1,1
1.824435500,1,1,1,0
1.824435625,1,1,1,1
1.824435750,1,1,1,0
1.824435875,1,1,1,1
1.824439375,1,1,1,0
1.824439625,1,1,1,1
1.824495625,1,1,1,0
1.824495750,1,1,1,1
1.824495875,1,1,1,0
1.824496000,1,1,1,1
1.824499500,1,1,1,0
1.824499625,1,1,1,1
1.824554875,1,1,1,0
1.824555000,1,1,1,1
1.824555125,1,1,1,0
1.824555250,1,1,1,1
1.824558750,1,1,1,0
1.824558875,1,1,1,1
1.824559125,1,1,1,0
1.824559250,1,1,1,1
1.824618875,1,1,1,0
1.824619000,1,1,1,1
1.824619500,1,1,1,0
1.824619625,1,1,1,1
1.824674000,1,1,1,0
1.824674125,1,1,1,1
1.824674250,1,1,1,0
1.824674375,1,1,1,1
1.824677875,1,1,1,0
1.824678000,1,1,1,1
1.824678250,1,1,1,0
1.824678375,1,1,1,1
1.824737000,1,1,1,0
1.824737125,1,1,1,1
1.824737625,1,1,1,0
1.824737750,1,1,1,1
1.824796250,1,1,1,0
1.824796375,1,1,1,1
1.824796875,1,1,1,0
1.824797000,1,1,1,1
1.824856625,1,1,1,0
1.824856750,1,1,1,1
1.824857250,1,1,1,0
1.824857375,1,1,1,1
1.824913875,1,1,1,0
1.824914000,1,1,1,1
1.824917750,1,1,1,0
1.824917875,1,1,1,1
1.824918125,1,1,1,0
1.824918250,1,1,1,1
1.824975000,1,1,1,0
1.824975125,1,1,1,1
1.824975250,1,1,1,0
1.824975375,1,1,1,1
1.824978875,1,1,1,0
1.824979000,1,1,1,1
1.824979500,1,1,1,0
1.824979625,1,1,1,1
1.825038875,1,1,1,0
1.825039000,1,1,1,1
1.825094375,1,1,1,0
1.825094500,1,1,1,1
1.825094625,1,1,1,0
1.825094750,1,1,1,1
1.825098625,1,1,1,0
1.825098750,1,1,1,1
1.825158500,1,1,1,0
1.825158625,1,1,1,1
1.825158875,1,1,1,0
1.825159000,1,1,1,1
1.825219875,1,1,1,0
1.825220000,1,1,1,1
1.825275125,1,1,1,0
1.825275250,1,1,1,1
1.825275375,1,1,1,0
1.825275500,1,1,1,1
1.825279000,1,1,1,0
1.825279125,1,1,1,1
1.825279625,1,1,1,0
1.825279750,1,1,1,1
1.825339750,1,1,1,0
1.825339875,1,1,1,1
1.825340000,1,1,1,0
1.825340125,1,1,1,1
1.825400375,1,1,1,0
1.825400500,1,1,1,1
1.825400750,1,1,1,0
1.825400875,1,1,1,1
1.825461000,1,1,1,0
1.825461125,1,1,1,1
1.825521000,1,1,1,0
1.825521125,1,1,1,1
1.825521375,1,1,1,0
1.825521500,1,1,1,1
1.825582375,1,1,1,0
1.825582500,1,1,1,1
1.825637625,1,1,1,0
1.825637750,1,1,1,1
1.825641500,1,1,1,0
1.825641625,1,1,1,1
1.825642125,1,1,1,0
1.825642250,1,1,1,1
1.825701875,1,1,1,0
1.825702000,1,1,1,1
1.825702250,1,1,1,0
1.825702375,1,1,1,1
1.825759250,1,1,1,0
1.825759375,1,1,1,1
1.825759500,1,1,1,0
1.825759625,1,1,1,1
1.825763125,1,1,1,0
1.825763250,1,1,1,1
1.825763750,1,1,1,0
1.825763875,1,1,1,1
1.825820250,1,1,1,0
1.825820375,1,1,1,1
1.825824125,1,1,1,0
1.825824250,1,1,1,1
1.825824750,1,1,1,0
1.825824875,1,1,1,1
1.825884750,1,1,1,0
1.825884875,1,1,1,1
1.825939750,1,1,1,0
1.825939875,1,1,1,1
1.825940000,1,1,1,0
1.825940125,1,1,1,1
1.825943500,1,1,1,0
1.825943625,1,1,1,1
1.826004000,1,1,1,0
1.826004125,1,1,1,1
1.826004625,1,1,1,0
1.826004750,1,1,1,1
1.826061375,1,1,1,0
1.826061500,1,1,1,1
1.826061625,1,1,1,0
1.826061750,1,1,1,1
1.826065125,1,1,1,0
1.826065375,1,1,1,1
1.826065875,1,1,1,0
1.826066000,1,1,1,1
1.826126750,1,1,1,0
1.826126875,1,1,1,1
1.826187750,1,1,1,0
1.826187875,1,1,1,1
1.826243500,1,1,1,0
1.826243625,1,1,1,1
1.826247250,1,1,1,0
1.826247375,1,1,1,1
1.826306750,1,1,1,0
1.826306875,1,1,1,1
1.826488000,1,1,1,0
1.826488125,1,1,1,1
1.826544250,1,1,1,0
1.826544375,1,1,1,1
1.826670375,1,1,1,0
1.826670500,1,1,1,1
1.826791250,1,1,1,0
1.826791500,1,1,1,1
1.832115750,1,1,1,0
1.832116000,1,1,1,1
1.832234375,1,1,1,0
1.832234625,1,1,1,1
1.832414375,1,1,1,0
1.832414625,1,1,1,1
1.832653500,1,1,1,0
1.832653625,1,1,1,1
1.832712875,1,1,1,0
1.832713125,1,1,1,1
1.832773250,1,1,1,0
1.832773500,1,1,1,1
1.832834500,1,1,1,0
1.832834750,1,1,1,1
1.832954750,1,1,1,0
1.832955000,1,1,1,1
1.833014750,1,1,1,0
1.833015000,1,1,1,1
1.833196250,1,1,1,0
1.833196500,1,1,1,1
1.833257875,1,1,1,0
1.833258000,1,1,1,1
1.833809875,1,1,1,0
1.833810000,1,1,1,1
1.833927625,1,1,1,0
1.833927750,1,1,1,1
1.833931625,1,1,1,0
1.833931750,1,1,1,1
1.833987750,1,1,1,0
1.833987875,1,1,1,1
1.833992125,1,1,1,0
1.833992250,1,1,1,1
1.834047250,1,1,1,0
1.834047375,1,1,1,1
1.834047500,1,1,1,0
1.834047625,1,1,1,1
1.834051875,1,1,1,0
1.834052000,1,1,1,1
1.834108375,1,1,1,0
1.834108500,1,1,1,1
1.834108625,1,1,1,0
1.834108750,1,1,1,1
1.834112375,1,1,1,0
1.834112500,1,1,1,1
1.834113000,1,1,1,0
1.834113125,1,1,1,1
1.834169500,1,1,1,0
1.834169625,1,1,1,1
1.834169750,1,1,1,0
1.834169875,1,1,1,1
1.834173500,1,1,1,0
1.834173625,1,1,1,1
1.834174125,1,1,1,0
1.834174250,1,1,1,1
1.834234125,1,1,1,0
1.834234250,1,1,1,1
1.834290375,1,1,1,0
1.834290500,1,1,1,1
1.834290625,1,1,1,0
1.834290750,1,1,1,1
1.834294250,1,1,1,0
1.834294500,1,1,1,1
1.834355625,1,1,1,0
1.834355750,1,1,1,1
1.834356000,1,1,1,0
1.834356125,1,1,1,1
1.834417000,1,1,1,0
1.834417125,1,1,1,1
1.834417375,1,1,1,0
1.834417500,1,1,1,1
1.834478375,1,1,1,0
1.834478500,1,1,1,1
1.834478750,1,1,1,0
1.834478875,1,1,1,1
1.834539750,1,1,1,0
1.834539875,1,1,1,1
1.834540375,1,1,1,0
1.834540500,1,1,1,1
1.834596875,1,1,1,0
1.834597000,1,1,1,1
1.834597125,1,1,1,0
1.834597250,1,1,1,1
1.834600750,1,1,1,0
1.834600875,1,1,1,1
1.834656375,1,1,1,0
1.834656500,1,1,1,1
1.834656625,1,1,1,0
1.834656750,1,1,1,1
1.834660250,1,1,1,0
1.834660375,1,1,1,1
1.834716750,1,1,1,0
1.834716875,1,1,1,1
1.834717000,1,1,1,0
1.834717125,1,1,1,1
1.834721000,1,1,1,0
1.834721125,1,1,1,1
1.834777750,1,1,1,0
1.834777875,1,1,1,1
1.834778000,1,1,1,0
1.834778125,1,1,1,1
1.834781625,1,1,1,0
1.834781750,1,1,1,1
1.834782250,1,1,1,0
1.834782375,1,1,1,1
1.834842875,1,1,1,0
1.834843000,1,1,1,1
1.834843500,1,1,1,0
1.834843625,1,1,1,1
1.834899500,1,1,1,0
1.834899625,1,1,1,1
1.834899750,1,1,1,0
1.834899875,1,1,1,1
1.834903750,1,1,1,0
1.834903875,1,1,1,1
1.834904000,1,1,1,0
1.834904125,1,1,1,1
1.834960000,1,1,1,0
1.834960125,1,1,1,1
1.834964250,1,1,1,0
1.834964375,1,1,1,1
1.835020250,1,1,1,0
1.835020375,1,1,1,1
1.835020500,1,1,1,0
1.835020625,1,1,1,1
1.835024750,1,1,1,0
1.835024875,1,1,1,1
1.835079375,1,1,1,0
1.835079500,1,1,1,1
1.835083625,1,1,1,0
1.835083750,1,1,1,1
1.835141250,1,1,1,0
1.835141500,1,1,1,1
1.835254625,1,1,1,0
1.835254750,1,1,1,1
1.835312125,1,1,1,0
1.835312250,1,1,1,1
1.836076625,1,1,1,0
1.836076750,1,1,1,1
1.843994625,1,1,1,0
1.843994750,1,1,1,1
1.844117375,1,1,1,0
1.844117500,1,1,1,1
1.844178000,1,1,1,0
1.844178125,1,1,1,1
1.844239125,1,1,1,0
1.844239250,1,1,1,1
1.844419500,1,1,1,0
1.844419625,1,1,1,1
1.844902750,1,1,1,0
1.844902875,1,1,1,1
1.845084625,1,1,1,0
1.845084750,1,1,1,1
1.894087000,1,1,1,0
1.894087125,1,1,1,1
1.994591250,1,1,1,0
1.994591375,1,1,1,1
1.994712750,1,1,1,0
1.994712875,1,1,1,1
1.994774250,1,1,1,0
1.994774375,1,1,1,1
1.994836500,1,1,1,0
1.994836625,1,1,1,1
1.995874625,1,1,1,0
1.995874750,1,1,1,1
2.003994500,1,1,1,0
2.003994625,1,1,1,1
2.004056000,1,1,1,0
2.004056125,1,1,1,1
2.004240750,1,1,1,0
2.004240875,1,1,1,1
2.004363500,1,1,1,0
2.004363625,1,1,1,1
2.005395000,1,1,1,0
2.005395125,1,1,1,1
2.005576000,1,1,1,0
2.005576125,1,1,1,1
2.013885625,1,1,1,0
2.013885750,1,1,1,1
2.015037625,1,1,1,0
2.015037750,1,1,1,1
2.015340375,1,1,1,0
2.015340500,1,1,1,1
2.015764625,1,1,1,0
2.015764750,1,1,1,1
2.023763625,1,1,1,0
2.023763750,1,1,1,1
2.024006125,1,1,1,0
2.024006250,1,1,1,1
2.024247125,1,1,1,0
2.024247250,1,1,1,1
2.024428750,1,1,1,0
2.024428875,1,1,1,1
2.024489250,1,1,1,0
2.024489375,1,1,1,1
2.025098625,1,1,1,0
2.025098750,1,1,1,1
2.025159625,1,1,1,0
2.025159750,1,1,1,1
2.099200000,1,1,1,1
