run,method,node,time_s,offset_us
test-output/pipeline/20260908-175800-tracking,mcpwm:ftm-camera-load,0,0.871262187,-0.8740000000395654
test-output/pipeline/20260908-175800-tracking,mcpwm:ftm-camera-load,0,1.871231312,-0.311999999835777
test-output/pipeline/20260908-175800-tracking,mcpwm:ftm-camera-load,0,2.8712005,-0.7499999998827889
test-output/pipeline/20260908-175800-tracking,mcpwm:ftm-camera-load,0,3.871169625,-0.1880000000120674
test-output/pipeline/20260908-175800-tracking,mcpwm:ftm-camera-load,0,4.871139313,0.3120000000578216
test-output/pipeline/20260908-175800-tracking,mcpwm:ftm-camera-load,0,5.871107,-0.12500000057258376
test-output/pipeline/20260908-175800-tracking,mcpwm:ftm-camera-load,0,6.871076063,1.5619999995664102
test-output/pipeline/20260908-175800-tracking,mcpwm:ftm-camera-load,0,7.87104625,0.061999999800832484
test-output/pipeline/20260908-175800-tracking,mcpwm:ftm-camera-load,0,8.871014375,0.2500000011451675
test-output/pipeline/20260908-175800-tracking,mcpwm:ftm-camera-load,0,9.870984563,0.18699999948523782
test-output/pipeline/20260908-175800-tracking,mcpwm:ftm-camera-load,0,10.87095375,-0.24999999936881068
test-output/pipeline/20260908-175800-tracking,mcpwm:ftm-camera-load,0,11.870922875,-0.06299999988357285
test-output/pipeline/20260908-175800-tracking,mcpwm:ftm-camera-load,0,12.870892,-0.9999999992515995
test-output/pipeline/20260908-175800-tracking,mcpwm:ftm-camera-load,0,13.870861125,0.6250000001983835
test-output/pipeline/20260908-175800-tracking,mcpwm:ftm-camera-load,0,14.87083025,0.2500000011451675
test-output/pipeline/20260908-175800-tracking,mcpwm:ftm-camera-load,0,15.870799438,0.8119999996836214
test-output/pipeline/20260908-175800-tracking,mcpwm:ftm-camera-load,0,16.870767562,1.7499999991343884
test-output/pipeline/20260908-175800-tracking,mcpwm:ftm-camera-load,0,17.870736687,1.4379999981883884
test-output/pipeline/20260908-175800-tracking,mcpwm:ftm-camera-load,0,18.870706812,0.749999998106432
test-output/pipeline/20260908-175800-tracking,mcpwm:ftm-camera-load,0,19.870676125,-0.749999998106432
test-output/pipeline/20260908-175800-tracking,mcpwm:ftm-camera-load,0,20.8706455,-1.4999999997655777
test-output/pipeline/20260908-175800-tracking,mcpwm:ftm-camera-load,0,21.87061425,0.7500000016591457
test-output/pipeline/20260908-175800-tracking,mcpwm:ftm-camera-load,0,22.870583688,-0.6880000000819564
test-output/pipeline/20260908-175800-tracking,mcpwm:ftm-camera-load,0,23.8705515,1.312999998503983
test-output/pipeline/20260908-175800-tracking,mcpwm:ftm-camera-load,0,24.870520625,-0.06200000157718932
test-output/pipeline/20260908-175800-tracking,mcpwm:ftm-camera-load,0,25.87049075,-0.3129999974760267
test-output/pipeline/20260908-175800-tracking,mcpwm:ftm-camera-load,0,26.870458875,1.4379999981883884
test-output/pipeline/20260908-175800-tracking,mcpwm:ftm-camera-load,0,27.870429563,-1.312999998503983
test-output/pipeline/20260908-175800-tracking,mcpwm:ftm-camera-load,0,28.870397125,0.43700000063040534
test-output/pipeline/20260908-175800-tracking,mcpwm:ftm-camera-load,0,29.870367313,-0.24999999936881068
test-output/pipeline/20260908-175800-tracking,mcpwm:ftm-camera-load,0,30.870335437,1.5629999978727938
test-output/pipeline/20260908-175800-tracking,mcpwm:ftm-camera-load,0,31.870305188,-0.18800000134433503
test-output/pipeline/20260908-175800-tracking,mcpwm:ftm-camera-load,0,32.870273688,0.24999999936881068
test-output/pipeline/20260908-175800-tracking,mcpwm:ftm-camera-load,0,33.87024375,0.6249999984220267
test-output/pipeline/20260908-175800-tracking,mcpwm:ftm-camera-load,0,34.870212438,0.8119999961309077
test-output/pipeline/20260908-175800-tracking,mcpwm:ftm-camera-load,0,35.870181125,0.8119999961309077
test-output/pipeline/20260908-175800-tracking,mcpwm:ftm-camera-load,0,36.87015025,0.6880000000819564
test-output/pipeline/20260908-175800-tracking,mcpwm:ftm-camera-load,0,37.870120937,0.43799999360771835
test-output/pipeline/20260908-175800-tracking,mcpwm:ftm-camera-load,0,38.870089562,-0.6239999947865726
test-output/pipeline/20260908-175800-tracking,mcpwm:ftm-camera-load,0,39.870058625,0.437000004183119
test-output/pipeline/20260908-175800-tracking,mcpwm:ftm-camera-load,0,40.870027875,-0.563000000397551
test-output/pipeline/20260908-175800-tracking,mcpwm:ftm-camera-load,0,41.869996,1.2499999968440534
test-output/pipeline/20260908-175800-tracking,mcpwm:ftm-camera-load,0,42.869965188,1.1240000006296214
test-output/pipeline/20260908-175800-tracking,mcpwm:ftm-camera-load,0,43.869934312,1.1250000042650754
test-output/pipeline/20260908-175800-tracking,mcpwm:ftm-camera-load,0,44.8699035,0.0
test-output/pipeline/20260908-175800-tracking,mcpwm:ftm-camera-load,0,45.869873625,-1.311999994868529
test-output/pipeline/20260908-175800-tracking,mcpwm:ftm-camera-load,0,46.869843813,-2.0630000037158425
test-output/pipeline/20260908-175800-tracking,mcpwm:ftm-camera-load,0,47.869812,-0.12499999968440534
test-output/pipeline/20260908-175800-tracking,mcpwm:ftm-camera-load,0,48.869781375,0.6880000000819564
test-output/pipeline/20260908-175800-tracking,mcpwm:ftm-camera-load,0,49.869749938,1.2500000039494807
test-output/pipeline/20260908-175800-tracking,mcpwm:ftm-camera-load,0,50.869719563,0.812000003236335
test-output/pipeline/20260908-175800-tracking,mcpwm:ftm-camera-load,0,51.869689625,-0.9999999974752427
test-output/pipeline/20260908-175800-tracking,mcpwm:ftm-camera-load,0,52.869656937,0.563000000397551
test-output/pipeline/20260908-175800-tracking,mcpwm:ftm-camera-load,0,53.869626125,1.8119999936061504
test-output/pipeline/20260908-175800-tracking,mcpwm:ftm-camera-load,0,54.869596313,0.6869999964465023
test-output/pipeline/20260908-175800-tracking,mcpwm:ftm-camera-load,0,55.869566187,0.18800000134433503
test-output/pipeline/20260908-175800-tracking,mcpwm:ftm-camera-load,0,56.86953375,1.87499999526608
test-output/pipeline/20260908-175800-tracking,mcpwm:ftm-camera-load,0,57.869503937,-0.8739999941553833
test-output/pipeline/20260908-175800-tracking,mcpwm:ftm-camera-load,0,58.869473125,-0.9999999974752427
test-output/pipeline/20260908-175800-tracking,mcpwm:ftm-camera-load,0,59.869441313,1.0619999954997184
test-output/pipeline/20260908-175800-tracking,mcpwm:ftm-camera-load,1,0.871262187,0.0
test-output/pipeline/20260908-175800-tracking,mcpwm:ftm-camera-load,1,1.871231312,1.8750000001510614
test-output/pipeline/20260908-175800-tracking,mcpwm:ftm-camera-load,1,2.8712005,1.5630000000932398
test-output/pipeline/20260908-175800-tracking,mcpwm:ftm-camera-load,1,3.871169625,1.3750000000811724
test-output/pipeline/20260908-175800-tracking,mcpwm:ftm-camera-load,1,4.871139313,0.8740000003726323
test-output/pipeline/20260908-175800-tracking,mcpwm:ftm-camera-load,1,5.871107,0.9369999993680267
test-output/pipeline/20260908-175800-tracking,mcpwm:ftm-camera-load,1,6.871076063,1.0619999999406105
test-output/pipeline/20260908-175800-tracking,mcpwm:ftm-camera-load,1,7.87104625,-0.1880000004561566
test-output/pipeline/20260908-175800-tracking,mcpwm:ftm-camera-load,1,8.871014375,2.687000000278772
test-output/pipeline/20260908-175800-tracking,mcpwm:ftm-camera-load,1,9.870984563,1.4369999998820049
test-output/pipeline/20260908-175800-tracking,mcpwm:ftm-camera-load,1,10.87095375,-0.24999999936881068
test-output/pipeline/20260908-175800-tracking,mcpwm:ftm-camera-load,1,11.870922875,-0.9369999993680267
test-output/pipeline/20260908-175800-tracking,mcpwm:ftm-camera-load,1,12.870892,0.8749999995671942
test-output/pipeline/20260908-175800-tracking,mcpwm:ftm-camera-load,1,13.870861125,0.686999999999216
test-output/pipeline/20260908-175800-tracking,mcpwm:ftm-camera-load,1,14.87083025,1.5000000015419346
test-output/pipeline/20260908-175800-tracking,mcpwm:ftm-camera-load,1,15.870799438,0.18699999948523782
test-output/pipeline/20260908-175800-tracking,mcpwm:ftm-camera-load,1,16.870767562,1.8759999989015341
test-output/pipeline/20260908-175800-tracking,mcpwm:ftm-camera-load,1,17.870736687,1.4999999997655777
test-output/pipeline/20260908-175800-tracking,mcpwm:ftm-camera-load,1,18.870706812,1.5629999978727938
test-output/pipeline/20260908-175800-tracking,mcpwm:ftm-camera-load,1,19.870676125,0.06200000157718932
test-output/pipeline/20260908-175800-tracking,mcpwm:ftm-camera-load,1,20.8706455,0.7500000016591457
test-output/pipeline/20260908-175800-tracking,mcpwm:ftm-camera-load,1,21.87061425,1.0629999991351724
test-output/pipeline/20260908-175800-tracking,mcpwm:ftm-camera-load,1,22.870583688,0.24999999936881068
test-output/pipeline/20260908-175800-tracking,mcpwm:ftm-camera-load,1,23.8705515,1.687999997557199
test-output/pipeline/20260908-175800-tracking,mcpwm:ftm-camera-load,1,24.870520625,1.4999999997655777
test-output/pipeline/20260908-175800-tracking,mcpwm:ftm-camera-load,1,25.87049075,1.3120000019739564
test-output/pipeline/20260908-175800-tracking,mcpwm:ftm-camera-load,1,26.870458875,1.1250000007123617
test-output/pipeline/20260908-175800-tracking,mcpwm:ftm-camera-load,1,27.870429563,1.4370000016583617
test-output/pipeline/20260908-175800-tracking,mcpwm:ftm-camera-load,1,28.870397125,2.750000000162345
test-output/pipeline/20260908-175800-tracking,mcpwm:ftm-camera-load,1,29.870367313,0.5620000003148107
test-output/pipeline/20260908-175800-tracking,mcpwm:ftm-camera-load,1,30.870335437,1.3750000000811724
test-output/pipeline/20260908-175800-tracking,mcpwm:ftm-camera-load,1,31.870305188,-0.06299999810721602
test-output/pipeline/20260908-175800-tracking,mcpwm:ftm-camera-load,1,32.870273688,1.8120000007115777
test-output/pipeline/20260908-175800-tracking,mcpwm:ftm-camera-load,1,33.87024375,1.9379999969260098
test-output/pipeline/20260908-175800-tracking,mcpwm:ftm-camera-load,1,34.870212438,0.8119999961309077
test-output/pipeline/20260908-175800-tracking,mcpwm:ftm-camera-load,1,35.870181125,1.499999996212864
test-output/pipeline/20260908-175800-tracking,mcpwm:ftm-camera-load,1,36.87015025,1.311999994868529
test-output/pipeline/20260908-175800-tracking,mcpwm:ftm-camera-load,1,37.870120937,-1.373999999998432
test-output/pipeline/20260908-175800-tracking,mcpwm:ftm-camera-load,1,38.870089562,0.0
test-output/pipeline/20260908-175800-tracking,mcpwm:ftm-camera-load,1,39.870058625,0.18700000481430834
test-output/pipeline/20260908-175800-tracking,mcpwm:ftm-camera-load,1,40.870027875,0.6249999984220267
test-output/pipeline/20260908-175800-tracking,mcpwm:ftm-camera-load,1,41.869996,0.49999999873762135
test-output/pipeline/20260908-175800-tracking,mcpwm:ftm-camera-load,1,42.869965188,1.311999994868529
test-output/pipeline/20260908-175800-tracking,mcpwm:ftm-camera-load,1,43.869934312,1.8130000043470318
test-output/pipeline/20260908-175800-tracking,mcpwm:ftm-camera-load,1,44.8699035,0.9370000029207404
test-output/pipeline/20260908-175800-tracking,mcpwm:ftm-camera-load,1,45.869873625,0.5000000058430487
test-output/pipeline/20260908-175800-tracking,mcpwm:ftm-camera-load,1,46.869843813,-0.6880000000819564
test-output/pipeline/20260908-175800-tracking,mcpwm:ftm-camera-load,1,47.869812,0.563000000397551
test-output/pipeline/20260908-175800-tracking,mcpwm:ftm-camera-load,1,48.869781375,0.18799999423890768
test-output/pipeline/20260908-175800-tracking,mcpwm:ftm-camera-load,1,49.869749938,1.6870000010271724
test-output/pipeline/20260908-175800-tracking,mcpwm:ftm-camera-load,1,50.869719563,1.0620000026051457
test-output/pipeline/20260908-175800-tracking,mcpwm:ftm-camera-load,1,51.869689625,-1.3749999965284587
test-output/pipeline/20260908-175800-tracking,mcpwm:ftm-camera-load,1,52.869656937,1.8129999972416044
test-output/pipeline/20260908-175800-tracking,mcpwm:ftm-camera-load,1,53.869626125,1.6249999958972694
test-output/pipeline/20260908-175800-tracking,mcpwm:ftm-camera-load,1,54.869596313,0.4989999951021673
test-output/pipeline/20260908-175800-tracking,mcpwm:ftm-camera-load,1,55.869566187,-0.43699999707769166
test-output/pipeline/20260908-175800-tracking,mcpwm:ftm-camera-load,1,56.86953375,1.1869999951841237
test-output/pipeline/20260908-175800-tracking,mcpwm:ftm-camera-load,1,57.869503937,0.31300000102874037
test-output/pipeline/20260908-175800-tracking,mcpwm:ftm-camera-load,1,58.869473125,-0.0630000016599297
test-output/pipeline/20260908-175800-tracking,mcpwm:ftm-camera-load,1,59.869441313,1.8119999936061504
test-output/pipeline/20260908-175800-tracking,mcpwm:ftm-camera-load,3,0.871262187,-0.6249999999763389
test-output/pipeline/20260908-175800-tracking,mcpwm:ftm-camera-load,3,1.871231312,0.4380000000470119
test-output/pipeline/20260908-175800-tracking,mcpwm:ftm-camera-load,3,2.8712005,0.4369999997422269
test-output/pipeline/20260908-175800-tracking,mcpwm:ftm-camera-load,3,3.871169625,1.31300000028034
test-output/pipeline/20260908-175800-tracking,mcpwm:ftm-camera-load,3,4.871139313,-0.06299999988357285
test-output/pipeline/20260908-175800-tracking,mcpwm:ftm-camera-load,3,5.871107,0.4379999998249673
test-output/pipeline/20260908-175800-tracking,mcpwm:ftm-camera-load,3,6.871076063,1.4999999997655777
test-output/pipeline/20260908-175800-tracking,mcpwm:ftm-camera-load,3,7.87104625,0.4369999997422269
test-output/pipeline/20260908-175800-tracking,mcpwm:ftm-camera-load,3,8.871014375,0.4380000007131457
test-output/pipeline/20260908-175800-tracking,mcpwm:ftm-camera-load,3,9.870984563,0.49999999873762135
test-output/pipeline/20260908-175800-tracking,mcpwm:ftm-camera-load,3,10.87095375,0.24999999936881068
test-output/pipeline/20260908-175800-tracking,mcpwm:ftm-camera-load,3,11.870922875,0.24999999936881068
test-output/pipeline/20260908-175800-tracking,mcpwm:ftm-camera-load,3,12.870892,0.1879999995679782
test-output/pipeline/20260908-175800-tracking,mcpwm:ftm-camera-load,3,13.870861125,0.18800000134433503
test-output/pipeline/20260908-175800-tracking,mcpwm:ftm-camera-load,3,14.87083025,-0.8749999995671942
test-output/pipeline/20260908-175800-tracking,mcpwm:ftm-camera-load,3,15.870799438,0.37399999897047564
test-output/pipeline/20260908-175800-tracking,mcpwm:ftm-camera-load,3,16.870767562,1.4379999981883884
test-output/pipeline/20260908-175800-tracking,mcpwm:ftm-camera-load,3,17.870736687,0.3759999991359564
test-output/pipeline/20260908-175800-tracking,mcpwm:ftm-camera-load,3,18.870706812,-1.1250000007123617
test-output/pipeline/20260908-175800-tracking,mcpwm:ftm-camera-load,3,19.870676125,0.6250000019747404
test-output/pipeline/20260908-175800-tracking,mcpwm:ftm-camera-load,3,20.8706455,0.31300000102874037
test-output/pipeline/20260908-175800-tracking,mcpwm:ftm-camera-load,3,21.87061425,1.0629999991351724
test-output/pipeline/20260908-175800-tracking,mcpwm:ftm-camera-load,3,22.870583688,0.24999999936881068
test-output/pipeline/20260908-175800-tracking,mcpwm:ftm-camera-load,3,23.8705515,1.4999999997655777
test-output/pipeline/20260908-175800-tracking,mcpwm:ftm-camera-load,3,24.870520625,1.4999999997655777
test-output/pipeline/20260908-175800-tracking,mcpwm:ftm-camera-load,3,25.87049075,0.4380000007131457
test-output/pipeline/20260908-175800-tracking,mcpwm:ftm-camera-load,3,26.870458875,0.749999998106432
test-output/pipeline/20260908-175800-tracking,mcpwm:ftm-camera-load,3,27.870429563,-1.1879999988195777
test-output/pipeline/20260908-175800-tracking,mcpwm:ftm-camera-load,3,28.870397125,0.312000000946
test-output/pipeline/20260908-175800-tracking,mcpwm:ftm-camera-load,3,29.870367313,-0.7509999981891724
test-output/pipeline/20260908-175800-tracking,mcpwm:ftm-camera-load,3,30.870335437,1.1879999988195777
test-output/pipeline/20260908-175800-tracking,mcpwm:ftm-camera-load,3,31.870305188,1.3750000000811724
test-output/pipeline/20260908-175800-tracking,mcpwm:ftm-camera-load,3,32.870273688,0.18700000481430834
test-output/pipeline/20260908-175800-tracking,mcpwm:ftm-camera-load,3,33.87024375,-0.812000003236335
test-output/pipeline/20260908-175800-tracking,mcpwm:ftm-camera-load,3,34.870212438,0.6239999947865726
test-output/pipeline/20260908-175800-tracking,mcpwm:ftm-camera-load,3,35.870181125,1.0619999954997184
test-output/pipeline/20260908-175800-tracking,mcpwm:ftm-camera-load,3,36.87015025,1.0619999954997184
test-output/pipeline/20260908-175800-tracking,mcpwm:ftm-camera-load,3,37.870120937,-1.562000001342767
test-output/pipeline/20260908-175800-tracking,mcpwm:ftm-camera-load,3,38.870089562,-0.12499999968440534
test-output/pipeline/20260908-175800-tracking,mcpwm:ftm-camera-load,3,39.870058625,0.0
test-output/pipeline/20260908-175800-tracking,mcpwm:ftm-camera-load,3,40.870027875,-0.12499999968440534
test-output/pipeline/20260908-175800-tracking,mcpwm:ftm-camera-load,3,41.869996,-0.12499999968440534
test-output/pipeline/20260908-175800-tracking,mcpwm:ftm-camera-load,3,42.869965188,0.18699999770888098
test-output/pipeline/20260908-175800-tracking,mcpwm:ftm-camera-load,3,43.869934312,0.8129999997663617
test-output/pipeline/20260908-175800-tracking,mcpwm:ftm-camera-load,3,44.8699035,0.749999998106432
test-output/pipeline/20260908-175800-tracking,mcpwm:ftm-camera-load,3,45.869873625,1.00000000458067
test-output/pipeline/20260908-175800-tracking,mcpwm:ftm-camera-load,3,46.869843813,0.43699999707769166
test-output/pipeline/20260908-175800-tracking,mcpwm:ftm-camera-load,3,47.869812,-0.3750000061586434
test-output/pipeline/20260908-175800-tracking,mcpwm:ftm-camera-load,3,48.869781375,0.374999999053216
test-output/pipeline/20260908-175800-tracking,mcpwm:ftm-camera-load,3,49.869749938,0.8750000048962647
test-output/pipeline/20260908-175800-tracking,mcpwm:ftm-camera-load,3,50.869719563,1.0620000026051457
test-output/pipeline/20260908-175800-tracking,mcpwm:ftm-camera-load,3,51.869689625,-0.43699999707769166
test-output/pipeline/20260908-175800-tracking,mcpwm:ftm-camera-load,3,52.869656937,1.3760000001639128
test-output/pipeline/20260908-175800-tracking,mcpwm:ftm-camera-load,3,53.869626125,0.312999993923313
test-output/pipeline/20260908-175800-tracking,mcpwm:ftm-camera-load,3,54.869596313,0.24899999573335663
test-output/pipeline/20260908-175800-tracking,mcpwm:ftm-camera-load,3,55.869566187,-0.8119999961309077
test-output/pipeline/20260908-175800-tracking,mcpwm:ftm-camera-load,3,56.86953375,0.12499999968440534
test-output/pipeline/20260908-175800-tracking,mcpwm:ftm-camera-load,3,57.869503937,-0.936999995815313
test-output/pipeline/20260908-175800-tracking,mcpwm:ftm-camera-load,3,58.869473125,0.061999998024475644
test-output/pipeline/20260908-175800-tracking,mcpwm:ftm-camera-load,3,59.869441313,0.9989999938397887
test-output/timing-methods/20260908-170156/00-esp-ftm,esp:ftm,0,0.185169562,15.375999999983625
test-output/timing-methods/20260908-170156/00-esp-ftm,esp:ftm,0,1.185138125,15.125000000004718
test-output/timing-methods/20260908-170156/00-esp-ftm,esp:ftm,0,2.185117125,6.500000000020378
test-output/timing-methods/20260908-170156/00-esp-ftm,esp:ftm,0,3.185076875,15.125000000004718
test-output/timing-methods/20260908-170156/00-esp-ftm,esp:ftm,0,4.18504125,16.99999999971169
test-output/timing-methods/20260908-170156/00-esp-ftm,esp:ftm,0,5.185010688,15.874999999887507
test-output/timing-methods/20260908-170156/00-esp-ftm,esp:ftm,0,6.184988938,5.998999999867749
test-output/timing-methods/20260908-170156/00-esp-ftm,esp:ftm,0,7.184947562,14.626000000461659
test-output/timing-methods/20260908-170156/00-esp-ftm,esp:ftm,0,8.1849295,-10.875000000964974
test-output/timing-methods/20260908-170156/00-esp-ftm,esp:ftm,0,9.1848835,18.436999999593695
test-output/timing-methods/20260908-170156/00-esp-ftm,esp:ftm,0,10.184853875,15.313000000460875
test-output/timing-methods/20260908-170156/00-esp-ftm,esp:ftm,0,11.184833813,3.750000001190301
test-output/timing-methods/20260908-170156/00-esp-ftm,esp:ftm,0,12.18479075,13.250000000297746
test-output/timing-methods/20260908-170156/00-esp-ftm,esp:ftm,0,13.184876375,-103.18800000064243
test-output/timing-methods/20260908-170156/00-esp-ftm,esp:ftm,0,14.184732063,6.749000000638716
test-output/timing-methods/20260908-170156/00-esp-ftm,esp:ftm,0,15.184697438,13.374999999982151
test-output/timing-methods/20260908-170156/00-esp-ftm,esp:ftm,0,16.184667937,10.313000000650163
test-output/timing-methods/20260908-170156/00-esp-ftm,esp:ftm,0,17.18463075,17.624999998133717
test-output/timing-methods/20260908-170156/00-esp-ftm,esp:ftm,0,18.184599188,20.561999999557656
test-output/timing-methods/20260908-170156/00-esp-ftm,esp:ftm,0,19.18457925,5.7499999996935
test-output/timing-methods/20260908-170156/00-esp-ftm,esp:ftm,0,20.184543812,9.500999997413828
test-output/timing-methods/20260908-170156/00-esp-ftm,esp:ftm,0,21.184504437,2.3129999995319395
test-output/timing-methods/20260908-170156/00-esp-ftm,esp:ftm,0,22.184474875,16.000000002236447
test-output/timing-methods/20260908-170156/00-esp-ftm,esp:ftm,0,23.184444312,15.875999999082069
test-output/timing-methods/20260908-170156/00-esp-ftm,esp:ftm,0,24.184413125,13.313000000181319
test-output/timing-methods/20260908-170156/00-esp-ftm,esp:ftm,1,0.185169562,15.00099999998672
test-output/timing-methods/20260908-170156/00-esp-ftm,esp:ftm,1,1.185138125,10.811999999971178
test-output/timing-methods/20260908-170156/00-esp-ftm,esp:ftm,1,2.185117125,4.687000000114239
test-output/timing-methods/20260908-170156/00-esp-ftm,esp:ftm,1,3.185076875,-6.438000000219546
test-output/timing-methods/20260908-170156/00-esp-ftm,esp:ftm,1,4.18504125,14.874999999747729
test-output/timing-methods/20260908-170156/00-esp-ftm,esp:ftm,1,5.185010688,17.5620000000265
test-output/timing-methods/20260908-170156/00-esp-ftm,esp:ftm,1,6.184988938,4.437000000301339
test-output/timing-methods/20260908-170156/00-esp-ftm,esp:ftm,1,7.184947562,92.6260000007062
test-output/timing-methods/20260908-170156/00-esp-ftm,esp:ftm,1,8.1849295,4.2499999999279225
test-output/timing-methods/20260908-170156/00-esp-ftm,esp:ftm,1,9.1848835,19.37500000082082
test-output/timing-methods/20260908-170156/00-esp-ftm,esp:ftm,1,10.184853875,-2.311999999449199
test-output/timing-methods/20260908-170156/00-esp-ftm,esp:ftm,1,11.184833813,3.2490000005935826
test-output/timing-methods/20260908-170156/00-esp-ftm,esp:ftm,1,12.18479075,12.500000000414957
test-output/timing-methods/20260908-170156/00-esp-ftm,esp:ftm,1,13.184876375,-102.06199999984733
test-output/timing-methods/20260908-170156/00-esp-ftm,esp:ftm,1,14.184732063,-7.000000000090267
test-output/timing-methods/20260908-170156/00-esp-ftm,esp:ftm,1,15.184697438,13.186999998637816
test-output/timing-methods/20260908-170156/00-esp-ftm,esp:ftm,1,16.184667937,9.812999998359828
test-output/timing-methods/20260908-170156/00-esp-ftm,esp:ftm,1,17.18463075,18.125000000424052
test-output/timing-methods/20260908-170156/00-esp-ftm,esp:ftm,1,18.184599188,-0.6259999985047671
test-output/timing-methods/20260908-170156/00-esp-ftm,esp:ftm,1,19.18457925,5.81200000127069
test-output/timing-methods/20260908-170156/00-esp-ftm,esp:ftm,1,20.184543812,5.375999997170311
test-output/timing-methods/20260908-170156/00-esp-ftm,esp:ftm,1,21.184504437,12.812999997890984
test-output/timing-methods/20260908-170156/00-esp-ftm,esp:ftm,1,22.184474875,17.56300000010924
test-output/timing-methods/20260908-170156/00-esp-ftm,esp:ftm,1,23.184444312,-2.1869999997647938
test-output/timing-methods/20260908-170156/00-esp-ftm,esp:ftm,1,24.184413125,12.500000000414957
test-output/timing-methods/20260908-170156/00-esp-ftm,esp:ftm,3,0.185169562,0.5009999999860959
test-output/timing-methods/20260908-170156/00-esp-ftm,esp:ftm,3,1.185138125,14.874999999969774
test-output/timing-methods/20260908-170156/00-esp-ftm,esp:ftm,3,2.185117125,-9.68699999992495
test-output/timing-methods/20260908-170156/00-esp-ftm,esp:ftm,3,3.185076875,-1.6880000002217344
test-output/timing-methods/20260908-170156/00-esp-ftm,esp:ftm,3,4.18504125,0.8749999995671942
test-output/timing-methods/20260908-170156/00-esp-ftm,esp:ftm,3,5.185010688,0.37499999994139444
test-output/timing-methods/20260908-170156/00-esp-ftm,esp:ftm,3,6.184988938,-11.999999999900979
test-output/timing-methods/20260908-170156/00-esp-ftm,esp:ftm,3,7.184947562,2.000000000279556
test-output/timing-methods/20260908-170156/00-esp-ftm,esp:ftm,3,8.1849295,-11.687000000648595
test-output/timing-methods/20260908-170156/00-esp-ftm,esp:ftm,3,9.1848835,-0.8119999996836214
test-output/timing-methods/20260908-170156/00-esp-ftm,esp:ftm,3,10.184853875,-3.313000000559896
test-output/timing-methods/20260908-170156/00-esp-ftm,esp:ftm,3,11.184833813,-13.312999998404962
test-output/timing-methods/20260908-170156/00-esp-ftm,esp:ftm,3,12.18479075,-2.374999999332772
test-output/timing-methods/20260908-170156/00-esp-ftm,esp:ftm,3,13.184876375,-110.0619999991892
test-output/timing-methods/20260908-170156/00-esp-ftm,esp:ftm,3,14.184732063,7.873999999574721
test-output/timing-methods/20260908-170156/00-esp-ftm,esp:ftm,3,15.184697438,-2.4380000009927016
test-output/timing-methods/20260908-170156/00-esp-ftm,esp:ftm,3,16.184667937,0.06299999810721602
test-output/timing-methods/20260908-170156/00-esp-ftm,esp:ftm,3,17.18463075,1.0000000010279564
test-output/timing-methods/20260908-170156/00-esp-ftm,esp:ftm,3,18.184599188,6.249999998431122
test-output/timing-methods/20260908-170156/00-esp-ftm,esp:ftm,3,19.18457925,-10.811999999305044
test-output/timing-methods/20260908-170156/00-esp-ftm,esp:ftm,3,20.184543812,-10.499000001829017
test-output/timing-methods/20260908-170156/00-esp-ftm,esp:ftm,3,21.184504437,-0.24999999936881068
test-output/timing-methods/20260908-170156/00-esp-ftm,esp:ftm,3,22.184474875,-2.750000000162345
test-output/timing-methods/20260908-170156/00-esp-ftm,esp:ftm,3,23.184444312,-0.312000000946
test-output/timing-methods/20260908-170156/00-esp-ftm,esp:ftm,3,24.184413125,-0.3129999974760267
test-output/timing-methods/20260908-170156/00-gpt-frozen,gpt:frozen,0,0.068540562,-0.31200000000231043
test-output/timing-methods/20260908-170156/00-gpt-frozen,gpt:frozen,0,1.068508938,-0.4999999998478444
test-output/timing-methods/20260908-170156/00-gpt-frozen,gpt:frozen,0,2.06847625,0.37500000038548365
test-output/timing-methods/20260908-170156/00-gpt-frozen,gpt:frozen,0,3.068445625,-0.8119999996836214
test-output/timing-methods/20260908-170156/00-gpt-frozen,gpt:frozen,0,4.068413,0.06300000077175127
test-output/timing-methods/20260908-170156/00-gpt-frozen,gpt:frozen,0,5.068382312,-1.0619999999406105
test-output/timing-methods/20260908-170156/00-gpt-frozen,gpt:frozen,0,6.068350687,-0.18699999948523782
test-output/timing-methods/20260908-170156/00-gpt-frozen,gpt:frozen,0,7.068319,-0.31300000014056195
test-output/timing-methods/20260908-170156/00-gpt-frozen,gpt:frozen,0,8.068286375,4.50000000107309
test-output/timing-methods/20260908-170156/00-gpt-frozen,gpt:frozen,0,9.06825575,-0.6250000001983835
test-output/timing-methods/20260908-170156/00-gpt-frozen,gpt:frozen,0,10.068224063,-0.6880000000819564
test-output/timing-methods/20260908-170156/00-gpt-frozen,gpt:frozen,0,11.068192438,-1.8130000007943181
test-output/timing-methods/20260908-170156/00-gpt-frozen,gpt:frozen,0,12.068160813,0.0
test-output/timing-methods/20260908-170156/00-gpt-frozen,gpt:frozen,0,13.068128125,-0.06299999988357285
test-output/timing-methods/20260908-170156/00-gpt-frozen,gpt:frozen,0,14.0680975,-0.2500000011451675
test-output/timing-methods/20260908-170156/00-gpt-frozen,gpt:frozen,0,15.068064812,0.6880000000819564
test-output/timing-methods/20260908-170156/00-gpt-frozen,gpt:frozen,0,16.068034188,-0.43799999716043203
test-output/timing-methods/20260908-170156/00-gpt-frozen,gpt:frozen,0,17.0680025,-0.6249999984220267
test-output/timing-methods/20260908-170156/00-gpt-frozen,gpt:frozen,0,18.067970875,0.24999999936881068
test-output/timing-methods/20260908-170156/00-gpt-frozen,gpt:frozen,0,19.067938188,1.1240000006296214
test-output/timing-methods/20260908-170156/00-gpt-frozen,gpt:frozen,0,20.067907563,0.0
test-output/timing-methods/20260908-170156/00-gpt-frozen,gpt:frozen,0,21.067874875,0.9369999993680267
test-output/timing-methods/20260908-170156/00-gpt-frozen,gpt:frozen,0,22.067844188,-1.1879999988195777
test-output/timing-methods/20260908-170156/00-gpt-frozen,gpt:frozen,0,23.067812562,-0.312000000946
test-output/timing-methods/20260908-170156/00-gpt-frozen,gpt:frozen,0,24.067780875,0.6249999984220267
test-output/timing-methods/20260908-170156/00-gpt-frozen,gpt:frozen,1,0.068540562,-0.5000000000005
test-output/timing-methods/20260908-170156/00-gpt-frozen,gpt:frozen,1,1.068508938,-1.8129999999061397
test-output/timing-methods/20260908-170156/00-gpt-frozen,gpt:frozen,1,2.06847625,-0.12499999968440534
test-output/timing-methods/20260908-170156/00-gpt-frozen,gpt:frozen,1,3.068445625,-0.4369999997422269
test-output/timing-methods/20260908-170156/00-gpt-frozen,gpt:frozen,1,4.068413,0.1880000004561566
test-output/timing-methods/20260908-170156/00-gpt-frozen,gpt:frozen,1,5.068382312,-0.061999999800832484
test-output/timing-methods/20260908-170156/00-gpt-frozen,gpt:frozen,1,6.068350687,0.563000000397551
test-output/timing-methods/20260908-170156/00-gpt-frozen,gpt:frozen,1,7.068319,-0.6880000000819564
test-output/timing-methods/20260908-170156/00-gpt-frozen,gpt:frozen,1,8.068286375,0.9380000012271239
test-output/timing-methods/20260908-170156/00-gpt-frozen,gpt:frozen,1,9.06825575,-1.3750000000811724
test-output/timing-methods/20260908-170156/00-gpt-frozen,gpt:frozen,1,10.068224063,-0.6880000000819564
test-output/timing-methods/20260908-170156/00-gpt-frozen,gpt:frozen,1,11.068192438,-1.0010000011106968
test-output/timing-methods/20260908-170156/00-gpt-frozen,gpt:frozen,1,12.068160813,-0.3760000009123132
test-output/timing-methods/20260908-170156/00-gpt-frozen,gpt:frozen,1,13.068128125,69.37500000070429
test-output/timing-methods/20260908-170156/00-gpt-frozen,gpt:frozen,1,14.0680975,0.0
test-output/timing-methods/20260908-170156/00-gpt-frozen,gpt:frozen,1,15.068064812,-0.2489999992860703
test-output/timing-methods/20260908-170156/00-gpt-frozen,gpt:frozen,1,16.068034188,-0.5629999968448374
test-output/timing-methods/20260908-170156/00-gpt-frozen,gpt:frozen,1,17.0680025,0.12499999968440534
test-output/timing-methods/20260908-170156/00-gpt-frozen,gpt:frozen,1,18.067970875,-0.24999999936881068
test-output/timing-methods/20260908-170156/00-gpt-frozen,gpt:frozen,1,19.067938188,-0.5009999988203617
test-output/timing-methods/20260908-170156/00-gpt-frozen,gpt:frozen,1,20.067907563,-0.8759999978735777
test-output/timing-methods/20260908-170156/00-gpt-frozen,gpt:frozen,1,21.067874875,0.8749999977908374
test-output/timing-methods/20260908-170156/00-gpt-frozen,gpt:frozen,1,22.067844188,-0.43799999716043203
test-output/timing-methods/20260908-170156/00-gpt-frozen,gpt:frozen,1,23.067812562,0.25099999945155105
test-output/timing-methods/20260908-170156/00-gpt-frozen,gpt:frozen,1,24.067780875,-1.0629999991351724
test-output/timing-methods/20260908-170156/00-gpt-frozen,gpt:frozen,3,0.068540562,-0.9369999999925271
test-output/timing-methods/20260908-170156/00-gpt-frozen,gpt:frozen,3,1.068508938,-0.4999999998478444
test-output/timing-methods/20260908-170156/00-gpt-frozen,gpt:frozen,3,2.06847625,0.9380000003389455
test-output/timing-methods/20260908-170156/00-gpt-frozen,gpt:frozen,3,3.068445625,-0.6249999997542943
test-output/timing-methods/20260908-170156/00-gpt-frozen,gpt:frozen,3,4.068413,0.8130000006545401
test-output/timing-methods/20260908-170156/00-gpt-frozen,gpt:frozen,3,5.068382312,-0.7499999998827889
test-output/timing-methods/20260908-170156/00-gpt-frozen,gpt:frozen,3,6.068350687,-0.3120000000578216
test-output/timing-methods/20260908-170156/00-gpt-frozen,gpt:frozen,3,7.068319,-0.8749999995671942
test-output/timing-methods/20260908-170156/00-gpt-frozen,gpt:frozen,3,8.068286375,0.5620000003148107
test-output/timing-methods/20260908-170156/00-gpt-frozen,gpt:frozen,3,9.06825575,0.0
test-output/timing-methods/20260908-170156/00-gpt-frozen,gpt:frozen,3,10.068224063,-211.50100000077998
test-output/timing-methods/20260908-170156/00-gpt-frozen,gpt:frozen,3,11.068192438,-0.12499999968440534
test-output/timing-methods/20260908-170156/00-gpt-frozen,gpt:frozen,3,12.068160813,-0.6880000000819564
test-output/timing-methods/20260908-170156/00-gpt-frozen,gpt:frozen,3,13.068128125,0.7499999998827889
test-output/timing-methods/20260908-170156/00-gpt-frozen,gpt:frozen,3,14.0680975,-0.8119999996836214
test-output/timing-methods/20260908-170156/00-gpt-frozen,gpt:frozen,3,15.068064812,0.6250000001983835
test-output/timing-methods/20260908-170156/00-gpt-frozen,gpt:frozen,3,16.068034188,-0.9379999994507671
test-output/timing-methods/20260908-170156/00-gpt-frozen,gpt:frozen,3,17.0680025,-0.49999999873762135
test-output/timing-methods/20260908-170156/00-gpt-frozen,gpt:frozen,3,18.067970875,-0.06200000157718932
test-output/timing-methods/20260908-170156/00-gpt-frozen,gpt:frozen,3,19.067938188,-0.563000000397551
test-output/timing-methods/20260908-170156/00-gpt-frozen,gpt:frozen,3,20.067907563,-0.18799999779162135
test-output/timing-methods/20260908-170156/00-gpt-frozen,gpt:frozen,3,21.067874875,-0.6880000000819564
test-output/timing-methods/20260908-170156/00-gpt-frozen,gpt:frozen,3,22.067844188,-1.250000000396767
test-output/timing-methods/20260908-170156/00-gpt-frozen,gpt:frozen,3,23.067812562,-0.8119999996836214
test-output/timing-methods/20260908-170156/00-gpt-frozen,gpt:frozen,3,24.067780875,-0.374999999053216
test-output/timing-methods/20260908-170156/00-gpt-ftm,gpt:ftm,0,0.636012,-1.0000000000287557
test-output/timing-methods/20260908-170156/00-gpt-ftm,gpt:ftm,0,1.635980375,-1.1249999998241833
test-output/timing-methods/20260908-170156/00-gpt-ftm,gpt:ftm,0,2.635948813,-0.31300000014056195
test-output/timing-methods/20260908-170156/00-gpt-ftm,gpt:ftm,0,3.635917188,-0.4380000002690565
test-output/timing-methods/20260908-170156/00-gpt-ftm,gpt:ftm,0,4.635885563,-0.563000000397551
test-output/timing-methods/20260908-170156/00-gpt-ftm,gpt:ftm,0,5.635853938,0.3120000000578216
test-output/timing-methods/20260908-170156/00-gpt-ftm,gpt:ftm,0,6.635822313,-0.8130000006545401
test-output/timing-methods/20260908-170156/00-gpt-ftm,gpt:ftm,0,7.63579075,-1.000000000139778
test-output/timing-methods/20260908-170156/00-gpt-ftm,gpt:ftm,0,8.635759125,-1.1250000007123617
test-output/timing-methods/20260908-170156/00-gpt-ftm,gpt:ftm,0,9.6357275,0.7499999998827889
test-output/timing-methods/20260908-170156/00-gpt-ftm,gpt:ftm,0,10.635695875,-0.374999999053216
test-output/timing-methods/20260908-170156/00-gpt-ftm,gpt:ftm,0,11.63566425,-0.563000000397551
test-output/timing-methods/20260908-170156/00-gpt-ftm,gpt:ftm,0,12.635632687,-0.24999999936881068
test-output/timing-methods/20260908-170156/00-gpt-ftm,gpt:ftm,0,13.635601062,-0.8749999995671942
test-output/timing-methods/20260908-170156/00-gpt-ftm,gpt:ftm,0,14.635569437,-0.9999999992515995
test-output/timing-methods/20260908-170156/00-gpt-ftm,gpt:ftm,0,15.635537813,-1.1879999988195777
test-output/timing-methods/20260908-170156/00-gpt-ftm,gpt:ftm,0,16.635506187,-0.312000000946
test-output/timing-methods/20260908-170156/00-gpt-ftm,gpt:ftm,0,17.635474563,-0.5009999988203617
test-output/timing-methods/20260908-170156/00-gpt-ftm,gpt:ftm,0,18.635442937,-0.624000001892
test-output/timing-methods/20260908-170156/00-gpt-ftm,gpt:ftm,0,19.635411313,-0.8129999997663617
test-output/timing-methods/20260908-170156/00-gpt-ftm,gpt:ftm,0,20.635379687,-0.9369999993680267
test-output/timing-methods/20260908-170156/00-gpt-ftm,gpt:ftm,0,21.635348063,-1.1259999972423884
test-output/timing-methods/20260908-170156/00-gpt-ftm,gpt:ftm,0,22.635316437,-0.312000000946
test-output/timing-methods/20260908-170156/00-gpt-ftm,gpt:ftm,0,23.63528475,-0.374999999053216
test-output/timing-methods/20260908-170156/00-gpt-ftm,gpt:ftm,0,24.635253125,-0.5629999968448374
test-output/timing-methods/20260908-170156/00-gpt-ftm,gpt:ftm,1,0.636012,0.0
test-output/timing-methods/20260908-170156/00-gpt-ftm,gpt:ftm,1,1.635980375,-0.311999999835777
test-output/timing-methods/20260908-170156/00-gpt-ftm,gpt:ftm,1,2.635948813,0.31199999961373237
test-output/timing-methods/20260908-170156/00-gpt-ftm,gpt:ftm,1,3.635917188,0.061999999800832484
test-output/timing-methods/20260908-170156/00-gpt-ftm,gpt:ftm,1,4.635885563,-0.2500000002569891
test-output/timing-methods/20260908-170156/00-gpt-ftm,gpt:ftm,1,5.635853938,0.4369999997422269
test-output/timing-methods/20260908-170156/00-gpt-ftm,gpt:ftm,1,6.635822313,0.18699999948523782
test-output/timing-methods/20260908-170156/00-gpt-ftm,gpt:ftm,1,7.63579075,-0.18700000037341624
test-output/timing-methods/20260908-170156/00-gpt-ftm,gpt:ftm,1,8.635759125,-1.4999999997655777
test-output/timing-methods/20260908-170156/00-gpt-ftm,gpt:ftm,1,9.6357275,-0.8119999996836214
test-output/timing-methods/20260908-170156/00-gpt-ftm,gpt:ftm,1,10.635695875,-0.12499999968440534
test-output/timing-methods/20260908-170156/00-gpt-ftm,gpt:ftm,1,11.63566425,-0.4369999988540485
test-output/timing-methods/20260908-170156/00-gpt-ftm,gpt:ftm,1,12.635632687,0.2510000012279079
test-output/timing-methods/20260908-170156/00-gpt-ftm,gpt:ftm,1,13.635601062,-0.061999999800832484
test-output/timing-methods/20260908-170156/00-gpt-ftm,gpt:ftm,1,14.635569437,-1.373999999998432
test-output/timing-methods/20260908-170156/00-gpt-ftm,gpt:ftm,1,15.635537813,0.312000000946
test-output/timing-methods/20260908-170156/00-gpt-ftm,gpt:ftm,1,16.635506187,0.0
test-output/timing-methods/20260908-170156/00-gpt-ftm,gpt:ftm,1,17.635474563,-0.374999999053216
test-output/timing-methods/20260908-170156/00-gpt-ftm,gpt:ftm,1,18.635442937,1.312999998503983
test-output/timing-methods/20260908-170156/00-gpt-ftm,gpt:ftm,1,19.635411313,0.0
test-output/timing-methods/20260908-170156/00-gpt-ftm,gpt:ftm,1,20.635379687,-0.24999999936881068
test-output/timing-methods/20260908-170156/00-gpt-ftm,gpt:ftm,1,21.635348063,-0.6259999985047671
test-output/timing-methods/20260908-170156/00-gpt-ftm,gpt:ftm,1,22.635316437,-0.9369999993680267
test-output/timing-methods/20260908-170156/00-gpt-ftm,gpt:ftm,1,23.63528475,-0.18700000126159466
test-output/timing-methods/20260908-170156/00-gpt-ftm,gpt:ftm,1,24.635253125,0.4380000007131457
test-output/timing-methods/20260908-170156/00-gpt-ftm,gpt:ftm,3,0.636012,-0.37500000005241674
test-output/timing-methods/20260908-170156/00-gpt-ftm,gpt:ftm,3,1.635980375,0.06300000010561746
test-output/timing-methods/20260908-170156/00-gpt-ftm,gpt:ftm,3,2.635948813,-0.5629999999534618
test-output/timing-methods/20260908-170156/00-gpt-ftm,gpt:ftm,3,3.635917188,-0.06299999988357285
test-output/timing-methods/20260908-170156/00-gpt-ftm,gpt:ftm,3,4.635885563,-0.6250000001983835
test-output/timing-methods/20260908-170156/00-gpt-ftm,gpt:ftm,3,5.635853938,-0.12600000065532413
test-output/timing-methods/20260908-170156/00-gpt-ftm,gpt:ftm,3,6.635822313,-0.6880000000819564
test-output/timing-methods/20260908-170156/00-gpt-ftm,gpt:ftm,3,7.63579075,-0.2500000002569891
test-output/timing-methods/20260908-170156/00-gpt-ftm,gpt:ftm,3,8.635759125,0.18699999948523782
test-output/timing-methods/20260908-170156/00-gpt-ftm,gpt:ftm,3,9.6357275,-0.374999999053216
test-output/timing-methods/20260908-170156/00-gpt-ftm,gpt:ftm,3,10.635695875,0.061999999800832484
test-output/timing-methods/20260908-170156/00-gpt-ftm,gpt:ftm,3,11.63566425,-0.4369999988540485
test-output/timing-methods/20260908-170156/00-gpt-ftm,gpt:ftm,3,12.635632687,-0.061999999800832484
test-output/timing-methods/20260908-170156/00-gpt-ftm,gpt:ftm,3,13.635601062,0.3760000009123132
test-output/timing-methods/20260908-170156/00-gpt-ftm,gpt:ftm,3,14.635569437,-0.18699999948523782
test-output/timing-methods/20260908-170156/00-gpt-ftm,gpt:ftm,3,15.635537813,0.312000000946
test-output/timing-methods/20260908-170156/00-gpt-ftm,gpt:ftm,3,16.635506187,-0.312000000946
test-output/timing-methods/20260908-170156/00-gpt-ftm,gpt:ftm,3,17.635474563,0.18700000126159466
test-output/timing-methods/20260908-170156/00-gpt-ftm,gpt:ftm,3,18.635442937,-1.3750000000811724
test-output/timing-methods/20260908-170156/00-gpt-ftm,gpt:ftm,3,19.635411313,0.0
test-output/timing-methods/20260908-170156/00-gpt-ftm,gpt:ftm,3,20.635379687,-0.5620000003148107
test-output/timing-methods/20260908-170156/00-gpt-ftm,gpt:ftm,3,21.635348063,-0.06299999810721602
test-output/timing-methods/20260908-170156/00-gpt-ftm,gpt:ftm,3,22.635316437,-0.686999999999216
test-output/timing-methods/20260908-170156/00-gpt-ftm,gpt:ftm,3,23.63528475,-0.24999999936881068
test-output/timing-methods/20260908-170156/00-gpt-ftm,gpt:ftm,3,24.635253125,-0.749999998106432
test-output/timing-methods/20260908-170156/00-gpt-tsf,gpt:tsf,0,0.490716,-22.124999999983963
test-output/timing-methods/20260908-170156/00-gpt-tsf,gpt:tsf,0,1.490704312,-4.18700000004435
test-output/timing-methods/20260908-170156/00-gpt-tsf,gpt:tsf,0,2.490729625,-18.250000000108457
test-output/timing-methods/20260908-170156/00-gpt-tsf,gpt:tsf,0,3.490741,-13.436999999782984
test-output/timing-methods/20260908-170156/00-gpt-tsf,gpt:tsf,0,4.490740312,-7.498999999633327
test-output/timing-methods/20260908-170156/00-gpt-tsf,gpt:tsf,0,5.490749625,-1.563000000537329
test-output/timing-methods/20260908-170156/00-gpt-tsf,gpt:tsf,0,6.490768938,-8.62600000051117
test-output/timing-methods/20260908-170156/00-gpt-tsf,gpt:tsf,0,7.49078525,-14.750000000063324
test-output/timing-methods/20260908-170156/00-gpt-tsf,gpt:tsf,0,8.490793625,-9.874999999937017
test-output/timing-methods/20260908-170156/00-gpt-tsf,gpt:tsf,0,9.490806938,-3.9380000007582794
test-output/timing-methods/20260908-170156/00-gpt-tsf,gpt:tsf,0,10.49081525,-10.063000001281353
test-output/timing-methods/20260908-170156/00-gpt-tsf,gpt:tsf,0,11.490831563,-13.12600000069608
test-output/timing-methods/20260908-170156/00-gpt-tsf,gpt:tsf,0,12.490838875,-4.18800000012709
test-output/timing-methods/20260908-170156/00-gpt-tsf,gpt:tsf,0,13.49085325,-9.313000001398564
test-output/timing-methods/20260908-170156/00-gpt-tsf,gpt:tsf,0,14.490860562,-8.436999999972272
test-output/timing-methods/20260908-170156/00-gpt-tsf,gpt:tsf,0,15.490866875,-0.5000000005139782
test-output/timing-methods/20260908-170156/00-gpt-tsf,gpt:tsf,0,16.490887188,-4.562999997403949
test-output/timing-methods/20260908-170156/00-gpt-tsf,gpt:tsf,0,17.4909025,-15.624999999630518
test-output/timing-methods/20260908-170156/00-gpt-tsf,gpt:tsf,0,18.490912812,-12.749999999783768
test-output/timing-methods/20260908-170156/00-gpt-tsf,gpt:tsf,0,19.490919125,-5.81300000135343
test-output/timing-methods/20260908-170156/00-gpt-tsf,gpt:tsf,0,20.490937438,-13.937999998603345
test-output/timing-methods/20260908-170156/00-gpt-tsf,gpt:tsf,0,21.49093775,-4.000000000559112
test-output/timing-methods/20260908-170156/00-gpt-tsf,gpt:tsf,0,22.490955062,2.937999997953966
test-output/timing-methods/20260908-170156/00-gpt-tsf,gpt:tsf,0,23.49096125,-3.063000001191085
test-output/timing-methods/20260908-170156/00-gpt-tsf,gpt:tsf,0,24.490984687,-12.249000000963406
test-output/timing-methods/20260908-170156/00-gpt-tsf,gpt:tsf,1,0.490716,-32.18799999998856
test-output/timing-methods/20260908-170156/00-gpt-tsf,gpt:tsf,1,1.490704312,-10.437000000029784
test-output/timing-methods/20260908-170156/00-gpt-tsf,gpt:tsf,1,2.490729625,-18.750000000178346
test-output/timing-methods/20260908-170156/00-gpt-tsf,gpt:tsf,1,3.490741,-14.063000000064108
test-output/timing-methods/20260908-170156/00-gpt-tsf,gpt:tsf,1,4.490740312,-12.186999999386217
test-output/timing-methods/20260908-170156/00-gpt-tsf,gpt:tsf,1,5.490749625,-4.624999999869317
test-output/timing-methods/20260908-170156/00-gpt-tsf,gpt:tsf,1,6.490768938,-11.938000000100146
test-output/timing-methods/20260908-170156/00-gpt-tsf,gpt:tsf,1,7.49078525,-14.186999999665773
test-output/timing-methods/20260908-170156/00-gpt-tsf,gpt:tsf,1,8.490793625,-12.56300000029853
test-output/timing-methods/20260908-170156/00-gpt-tsf,gpt:tsf,1,9.490806938,-17.81300000125441
test-output/timing-methods/20260908-170156/00-gpt-tsf,gpt:tsf,1,10.49081525,-14.12499999986494
test-output/timing-methods/20260908-170156/00-gpt-tsf,gpt:tsf,1,11.490831563,-14.376000001092848
test-output/timing-methods/20260908-170156/00-gpt-tsf,gpt:tsf,1,12.490838875,-10.874999999188617
test-output/timing-methods/20260908-170156/00-gpt-tsf,gpt:tsf,1,13.49085325,-15.000000001208491
test-output/timing-methods/20260908-170156/00-gpt-tsf,gpt:tsf,1,14.490860562,-12.311999999070622
test-output/timing-methods/20260908-170156/00-gpt-tsf,gpt:tsf,1,15.490866875,-8.561999999656678
test-output/timing-methods/20260908-170156/00-gpt-tsf,gpt:tsf,1,16.490887188,-7.875999997963845
test-output/timing-methods/20260908-170156/00-gpt-tsf,gpt:tsf,1,17.4909025,-18.125000000424052
test-output/timing-methods/20260908-170156/00-gpt-tsf,gpt:tsf,1,18.490912812,-16.375000001289663
test-output/timing-methods/20260908-170156/00-gpt-tsf,gpt:tsf,1,19.490919125,-14.688000000262491
test-output/timing-methods/20260908-170156/00-gpt-tsf,gpt:tsf,1,20.490937438,-14.937999999631302
test-output/timing-methods/20260908-170156/00-gpt-tsf,gpt:tsf,1,21.49093775,-10.249999998990234
test-output/timing-methods/20260908-170156/00-gpt-tsf,gpt:tsf,1,22.490955062,-15.499999999946112
test-output/timing-methods/20260908-170156/00-gpt-tsf,gpt:tsf,1,23.49096125,-10.688000003256093
test-output/timing-methods/20260908-170156/00-gpt-tsf,gpt:tsf,1,24.490984687,-16.062000000260923
test-output/timing-methods/20260908-170156/00-gpt-tsf,gpt:tsf,3,0.490716,-35.124999999969205
test-output/timing-methods/20260908-170156/00-gpt-tsf,gpt:tsf,3,1.490704312,-7.687000000089483
test-output/timing-methods/20260908-170156/00-gpt-tsf,gpt:tsf,3,2.490729625,-8.188000000242113
test-output/timing-methods/20260908-170156/00-gpt-tsf,gpt:tsf,3,3.490741,-16.811999999699623
test-output/timing-methods/20260908-170156/00-gpt-tsf,gpt:tsf,3,4.490740312,-12.3119999999588
test-output/timing-methods/20260908-170156/00-gpt-tsf,gpt:tsf,3,5.490749625,-1.8750000005951506
test-output/timing-methods/20260908-170156/00-gpt-tsf,gpt:tsf,3,6.490768938,-12.376000000813292
test-output/timing-methods/20260908-170156/00-gpt-tsf,gpt:tsf,3,7.49078525,-16.936999999828117
test-output/timing-methods/20260908-170156/00-gpt-tsf,gpt:tsf,3,8.490793625,-13.499999999666557
test-output/timing-methods/20260908-170156/00-gpt-tsf,gpt:tsf,3,9.490806938,-11.999999999900979
test-output/timing-methods/20260908-170156/00-gpt-tsf,gpt:tsf,3,10.49081525,-17.5620000000265
test-output/timing-methods/20260908-170156/00-gpt-tsf,gpt:tsf,3,11.490831563,-16.063000000343663
test-output/timing-methods/20260908-170156/00-gpt-tsf,gpt:tsf,3,12.490838875,-12.625000000099362
test-output/timing-methods/20260908-170156/00-gpt-tsf,gpt:tsf,3,13.49085325,-11.187000000134617
test-output/timing-methods/20260908-170156/00-gpt-tsf,gpt:tsf,3,14.490860562,-12.686999999900195
test-output/timing-methods/20260908-170156/00-gpt-tsf,gpt:tsf,3,15.490866875,-1.250000000396767
test-output/timing-methods/20260908-170156/00-gpt-tsf,gpt:tsf,3,16.490887188,-11.749999998755811
test-output/timing-methods/20260908-170156/00-gpt-tsf,gpt:tsf,3,17.4909025,-21.312000001216802
test-output/timing-methods/20260908-170156/00-gpt-tsf,gpt:tsf,3,18.490912812,-11.812000000333
test-output/timing-methods/20260908-170156/00-gpt-tsf,gpt:tsf,3,19.490919125,-12.375000000730552
test-output/timing-methods/20260908-170156/00-gpt-tsf,gpt:tsf,3,20.490937438,-15.875999999082069
test-output/timing-methods/20260908-170156/00-gpt-tsf,gpt:tsf,3,21.49093775,-8.37500000017144
test-output/timing-methods/20260908-170156/00-gpt-tsf,gpt:tsf,3,22.490955062,-9.937000001514207
test-output/timing-methods/20260908-170156/00-gpt-tsf,gpt:tsf,3,23.49096125,-8.312000002064224
test-output/timing-methods/20260908-170156/00-gpt-tsf,gpt:tsf,3,24.490984687,-19.87499999955844
test-output/timing-methods/20260908-170156/00-task-ftm,task:ftm,0,0.142676875,-0.6879999999986897
test-output/timing-methods/20260908-170156/00-task-ftm,task:ftm,0,1.142645,0.1880000000120674
test-output/timing-methods/20260908-170156/00-task-ftm,task:ftm,0,2.14261375,0.9379999998948563
test-output/timing-methods/20260908-170156/00-task-ftm,task:ftm,0,3.142582375,-0.6880000000819564
test-output/timing-methods/20260908-170156/00-task-ftm,task:ftm,0,4.142550625,-0.6250000001983835
test-output/timing-methods/20260908-170156/00-task-ftm,task:ftm,0,5.142519125,-0.8749999995671942
test-output/timing-methods/20260908-170156/00-task-ftm,task:ftm,0,6.142487688,-0.31300000014056195
test-output/timing-methods/20260908-170156/00-task-ftm,task:ftm,0,7.142455812,1.876000000677891
test-output/timing-methods/20260908-170156/00-task-ftm,task:ftm,0,8.142424688,0.0
test-output/timing-methods/20260908-170156/00-task-ftm,task:ftm,0,9.142393125,0.1879999995679782
test-output/timing-methods/20260908-170156/00-task-ftm,task:ftm,0,10.14236175,-0.1879999995679782
test-output/timing-methods/20260908-170156/00-task-ftm,task:ftm,0,11.14233025,0.9369999993680267
test-output/timing-methods/20260908-170156/00-task-ftm,task:ftm,0,12.14229875,0.6880000000819564
test-output/timing-methods/20260908-170156/00-task-ftm,task:ftm,0,13.1422675,0.49999999873762135
test-output/timing-methods/20260908-170156/00-task-ftm,task:ftm,0,14.142235812,1.31300000028034
test-output/timing-methods/20260908-170156/00-task-ftm,task:ftm,0,15.142204313,-0.18800000134433503
test-output/timing-methods/20260908-170156/00-task-ftm,task:ftm,0,16.142172813,-0.3129999974760267
test-output/timing-methods/20260908-170156/00-task-ftm,task:ftm,0,17.142141313,-0.3759999991359564
test-output/timing-methods/20260908-170156/00-task-ftm,task:ftm,0,18.142109812,0.7509999981891724
test-output/timing-methods/20260908-170156/00-task-ftm,task:ftm,0,19.142078313,-0.374999999053216
test-output/timing-methods/20260908-170156/00-task-ftm,task:ftm,0,20.142046875,-0.749999998106432
test-output/timing-methods/20260908-170156/00-task-ftm,task:ftm,0,21.14201525,-0.49999999873762135
test-output/timing-methods/20260908-170156/00-task-ftm,task:ftm,0,22.141984063,0.24900000283878398
test-output/timing-methods/20260908-170156/00-task-ftm,task:ftm,0,23.141952187,-0.12499999968440534
test-output/timing-methods/20260908-170156/00-task-ftm,task:ftm,0,24.14192075,0.0
test-output/timing-methods/20260908-170156/00-task-ftm,task:ftm,1,0.142676875,0.06199999999512151
test-output/timing-methods/20260908-170156/00-task-ftm,task:ftm,1,1.142645,1.062000000162655
test-output/timing-methods/20260908-170156/00-task-ftm,task:ftm,1,2.14261375,-0.6250000001983835
test-output/timing-methods/20260908-170156/00-task-ftm,task:ftm,1,3.142582375,0.2500000002569891
test-output/timing-methods/20260908-170156/00-task-ftm,task:ftm,1,4.142550625,-1.1249999998241833
test-output/timing-methods/20260908-170156/00-task-ftm,task:ftm,1,5.142519125,0.37499999994139444
test-output/timing-methods/20260908-170156/00-task-ftm,task:ftm,1,6.142487688,-0.6250000001983835
test-output/timing-methods/20260908-170156/00-task-ftm,task:ftm,1,7.142455812,0.6880000000819564
test-output/timing-methods/20260908-170156/00-task-ftm,task:ftm,1,8.142424688,0.9989999991688592
test-output/timing-methods/20260908-170156/00-task-ftm,task:ftm,1,9.142393125,0.31299999925238353
test-output/timing-methods/20260908-170156/00-task-ftm,task:ftm,1,10.14236175,-0.374999999053216
test-output/timing-methods/20260908-170156/00-task-ftm,task:ftm,1,11.14233025,-0.18800000134433503
test-output/timing-methods/20260908-170156/00-task-ftm,task:ftm,1,12.14229875,0.8119999996836214
test-output/timing-methods/20260908-170156/00-task-ftm,task:ftm,1,13.1422675,5.374999998863927
test-output/timing-methods/20260908-170156/00-task-ftm,task:ftm,1,14.142235812,2.750000000162345
test-output/timing-methods/20260908-170156/00-task-ftm,task:ftm,1,15.142204313,0.498999998654881
test-output/timing-methods/20260908-170156/00-task-ftm,task:ftm,1,16.142172813,5.000000001587068
test-output/timing-methods/20260908-170156/00-task-ftm,task:ftm,1,17.142141313,1.3750000000811724
test-output/timing-methods/20260908-170156/00-task-ftm,task:ftm,1,18.142109812,0.24999999936881068
test-output/timing-methods/20260908-170156/00-task-ftm,task:ftm,1,19.142078313,-0.12499999968440534
test-output/timing-methods/20260908-170156/00-task-ftm,task:ftm,1,20.142046875,-0.18799999779162135
test-output/timing-methods/20260908-170156/00-task-ftm,task:ftm,1,21.14201525,1.0629999991351724
test-output/timing-methods/20260908-170156/00-task-ftm,task:ftm,1,22.141984063,-0.24999999936881068
test-output/timing-methods/20260908-170156/00-task-ftm,task:ftm,1,23.141952187,-0.12499999968440534
test-output/timing-methods/20260908-170156/00-task-ftm,task:ftm,1,24.14192075,-1.3750000000811724
test-output/timing-methods/20260908-170156/00-task-ftm,task:ftm,3,0.142676875,-0.12500000001747225
test-output/timing-methods/20260908-170156/00-task-ftm,task:ftm,3,1.142645,0.7500000001048335
test-output/timing-methods/20260908-170156/00-task-ftm,task:ftm,3,2.14261375,-0.2500000002569891
test-output/timing-methods/20260908-170156/00-task-ftm,task:ftm,3,3.142582375,-0.2499999998128999
test-output/timing-methods/20260908-170156/00-task-ftm,task:ftm,3,4.142550625,-0.3120000000578216
test-output/timing-methods/20260908-170156/00-task-ftm,task:ftm,3,5.142519125,0.1880000004561566
test-output/timing-methods/20260908-170156/00-task-ftm,task:ftm,3,6.142487688,0.18699999948523782
test-output/timing-methods/20260908-170156/00-task-ftm,task:ftm,3,7.142455812,0.7499999998827889
test-output/timing-methods/20260908-170156/00-task-ftm,task:ftm,3,8.142424688,0.061999999800832484
test-output/timing-methods/20260908-170156/00-task-ftm,task:ftm,3,9.142393125,0.6250000001983835
test-output/timing-methods/20260908-170156/00-task-ftm,task:ftm,3,10.14236175,-0.6879999983055995
test-output/timing-methods/20260908-170156/00-task-ftm,task:ftm,3,11.14233025,-0.2500000011451675
test-output/timing-methods/20260908-170156/00-task-ftm,task:ftm,3,12.14229875,0.7499999998827889
test-output/timing-methods/20260908-170156/00-task-ftm,task:ftm,3,13.1422675,-1.5630000014255074
test-output/timing-methods/20260908-170156/00-task-ftm,task:ftm,3,14.142235812,0.8760000014262914
test-output/timing-methods/20260908-170156/00-task-ftm,task:ftm,3,15.142204313,-0.3760000009123132
test-output/timing-methods/20260908-170156/00-task-ftm,task:ftm,3,16.142172813,0.12400000315437865
test-output/timing-methods/20260908-170156/00-task-ftm,task:ftm,3,17.142141313,-0.25099999945155105
test-output/timing-methods/20260908-170156/00-task-ftm,task:ftm,3,18.142109812,0.24999999936881068
test-output/timing-methods/20260908-170156/00-task-ftm,task:ftm,3,19.142078313,-0.12499999968440534
test-output/timing-methods/20260908-170156/00-task-ftm,task:ftm,3,20.142046875,0.31300000102874037
test-output/timing-methods/20260908-170156/00-task-ftm,task:ftm,3,21.14201525,0.06200000157718932
test-output/timing-methods/20260908-170156/00-task-ftm,task:ftm,3,22.141984063,0.24900000283878398
test-output/timing-methods/20260908-170156/00-task-ftm,task:ftm,3,23.141952187,-0.624000001892
test-output/timing-methods/20260908-170156/00-task-ftm,task:ftm,3,24.14192075,-0.18700000126159466
test-output/timing-methods/20260908-171055/00-gptpair-ftm,gptpair:ftm,0,0.0069465,-1.0620000000004584
test-output/timing-methods/20260908-171055/00-gptpair-ftm,gptpair:ftm,0,1.006913875,0.500000000069889
test-output/timing-methods/20260908-171055/00-gptpair-ftm,gptpair:ftm,0,2.006882188,0.12500000012849455
test-output/timing-methods/20260908-171055/00-gptpair-ftm,gptpair:ftm,0,3.006850562,0.6880000000819564
test-output/timing-methods/20260908-171055/00-gptpair-ftm,gptpair:ftm,0,4.006818875,0.3120000000578216
test-output/timing-methods/20260908-171055/00-gptpair-ftm,gptpair:ftm,0,5.00678725,-0.12500000057258376
test-output/timing-methods/20260908-171055/00-gptpair-ftm,gptpair:ftm,0,6.006755625,0.4379999998249673
test-output/timing-methods/20260908-171055/00-gptpair-ftm,gptpair:ftm,0,7.006722938,1.0619999999406105
test-output/timing-methods/20260908-171055/00-gptpair-ftm,gptpair:ftm,0,8.006692313,0.6250000001983835
test-output/timing-methods/20260908-171055/00-gptpair-ftm,gptpair:ftm,0,9.006659625,1.1870000005131942
test-output/timing-methods/20260908-171055/00-gptpair-ftm,gptpair:ftm,0,10.006628938,0.8119999996836214
test-output/timing-methods/20260908-171055/00-gptpair-ftm,gptpair:ftm,0,11.006597313,0.37399999897047564
test-output/timing-methods/20260908-171055/00-gptpair-ftm,gptpair:ftm,0,12.006565625,0.0
test-output/timing-methods/20260908-171055/00-gptpair-ftm,gptpair:ftm,0,13.006535,-0.49999999873762135
test-output/timing-methods/20260908-171055/00-gptpair-ftm,gptpair:ftm,0,14.006502313,0.12499999968440534
test-output/timing-methods/20260908-171055/00-gptpair-ftm,gptpair:ftm,0,15.006470625,0.6880000000819564
test-output/timing-methods/20260908-171055/00-gptpair-ftm,gptpair:ftm,0,16.006438938,0.312000000946
test-output/timing-methods/20260908-171055/00-gptpair-ftm,gptpair:ftm,0,17.00640725,-0.12499999968440534
test-output/timing-methods/20260908-171055/00-gptpair-ftm,gptpair:ftm,0,18.006374625,1.4370000016583617
test-output/timing-methods/20260908-171055/00-gptpair-ftm,gptpair:ftm,0,19.006343937,0.0
test-output/timing-methods/20260908-171055/00-gptpair-ftm,gptpair:ftm,0,20.00631225,0.6249999984220267
test-output/timing-methods/20260908-171055/00-gptpair-ftm,gptpair:ftm,0,21.006281562,-1.8120000007115777
test-output/timing-methods/20260908-171055/00-gptpair-ftm,gptpair:ftm,0,22.006247875,0.7500000016591457
test-output/timing-methods/20260908-171055/00-gptpair-ftm,gptpair:ftm,0,23.006216188,0.374999999053216
test-output/timing-methods/20260908-171055/00-gptpair-ftm,gptpair:ftm,0,24.006185438,0.0
test-output/timing-methods/20260908-171055/00-gptpair-ftm,gptpair:ftm,1,0.0069465,-1.7500000000000155
test-output/timing-methods/20260908-171055/00-gptpair-ftm,gptpair:ftm,1,1.006913875,-0.06299999988357285
test-output/timing-methods/20260908-171055/00-gptpair-ftm,gptpair:ftm,1,2.006882188,0.6240000001156432
test-output/timing-methods/20260908-171055/00-gptpair-ftm,gptpair:ftm,1,3.006850562,-0.7489999998000485
test-output/timing-methods/20260908-171055/00-gptpair-ftm,gptpair:ftm,1,4.006818875,-0.06299999988357285
test-output/timing-methods/20260908-171055/00-gptpair-ftm,gptpair:ftm,1,5.00678725,0.5619999994266323
test-output/timing-methods/20260908-171055/00-gptpair-ftm,gptpair:ftm,1,6.006755625,-0.7499999998827889
test-output/timing-methods/20260908-171055/00-gptpair-ftm,gptpair:ftm,1,7.006722938,1.9369999995078047
test-output/timing-methods/20260908-171055/00-gptpair-ftm,gptpair:ftm,1,8.006692313,-1.4379999999647453
test-output/timing-methods/20260908-171055/00-gptpair-ftm,gptpair:ftm,1,9.006659625,1.250000000396767
test-output/timing-methods/20260908-171055/00-gptpair-ftm,gptpair:ftm,1,10.006628938,-0.06299999988357285
test-output/timing-methods/20260908-171055/00-gptpair-ftm,gptpair:ftm,1,11.006597313,0.5620000003148107
test-output/timing-methods/20260908-171055/00-gptpair-ftm,gptpair:ftm,1,12.006565625,-0.7499999998827889
test-output/timing-methods/20260908-171055/00-gptpair-ftm,gptpair:ftm,1,13.006535,-0.12499999968440534
test-output/timing-methods/20260908-171055/00-gptpair-ftm,gptpair:ftm,1,14.006502313,0.5620000003148107
test-output/timing-methods/20260908-171055/00-gptpair-ftm,gptpair:ftm,1,15.006470625,-0.8119999996836214
test-output/timing-methods/20260908-171055/00-gptpair-ftm,gptpair:ftm,1,16.006438938,-1.1259999972423884
test-output/timing-methods/20260908-171055/00-gptpair-ftm,gptpair:ftm,1,17.00640725,-0.43799999716043203
test-output/timing-methods/20260908-171055/00-gptpair-ftm,gptpair:ftm,1,18.006374625,0.18700000126159466
test-output/timing-methods/20260908-171055/00-gptpair-ftm,gptpair:ftm,1,19.006343937,-1.1869999987368374
test-output/timing-methods/20260908-171055/00-gptpair-ftm,gptpair:ftm,1,20.00631225,-1.4999999997655777
test-output/timing-methods/20260908-171055/00-gptpair-ftm,gptpair:ftm,1,21.006281562,-1.874000002288767
test-output/timing-methods/20260908-171055/00-gptpair-ftm,gptpair:ftm,1,22.006247875,-0.18700000126159466
test-output/timing-methods/20260908-171055/00-gptpair-ftm,gptpair:ftm,1,23.006216188,1.4370000016583617
test-output/timing-methods/20260908-171055/00-gptpair-ftm,gptpair:ftm,1,24.006185438,-0.8129999997663617
test-output/timing-methods/20260908-171055/00-gptpair-ftm,gptpair:ftm,3,0.0069465,-1.5000000000006328
test-output/timing-methods/20260908-171055/00-gptpair-ftm,gptpair:ftm,3,1.006913875,0.12500000012849455
test-output/timing-methods/20260908-171055/00-gptpair-ftm,gptpair:ftm,3,2.006882188,-0.1880000000120674
test-output/timing-methods/20260908-171055/00-gptpair-ftm,gptpair:ftm,3,3.006850562,-0.623999999671554
test-output/timing-methods/20260908-171055/00-gptpair-ftm,gptpair:ftm,3,4.006818875,0.06300000077175127
test-output/timing-methods/20260908-171055/00-gptpair-ftm,gptpair:ftm,3,5.00678725,-0.3120000000578216
test-output/timing-methods/20260908-171055/00-gptpair-ftm,gptpair:ftm,3,6.006755625,-0.686999999999216
test-output/timing-methods/20260908-171055/00-gptpair-ftm,gptpair:ftm,3,7.006722938,1.000000000139778
test-output/timing-methods/20260908-171055/00-gptpair-ftm,gptpair:ftm,3,8.006692313,-0.3760000009123132
test-output/timing-methods/20260908-171055/00-gptpair-ftm,gptpair:ftm,3,9.006659625,0.2500000011451675
test-output/timing-methods/20260908-171055/00-gptpair-ftm,gptpair:ftm,3,10.006628938,-0.06299999988357285
test-output/timing-methods/20260908-171055/00-gptpair-ftm,gptpair:ftm,3,11.006597313,-0.4380000007131457
test-output/timing-methods/20260908-171055/00-gptpair-ftm,gptpair:ftm,3,12.006565625,0.18699999948523782
test-output/timing-methods/20260908-171055/00-gptpair-ftm,gptpair:ftm,3,13.006535,-0.1879999995679782
test-output/timing-methods/20260908-171055/00-gptpair-ftm,gptpair:ftm,3,14.006502313,-1.5629999996491506
test-output/timing-methods/20260908-171055/00-gptpair-ftm,gptpair:ftm,3,15.006470625,0.12499999968440534
test-output/timing-methods/20260908-171055/00-gptpair-ftm,gptpair:ftm,3,16.006438938,-0.24999999936881068
test-output/timing-methods/20260908-171055/00-gptpair-ftm,gptpair:ftm,3,17.00640725,-0.6249999984220267
test-output/timing-methods/20260908-171055/00-gptpair-ftm,gptpair:ftm,3,18.006374625,1.0000000010279564
test-output/timing-methods/20260908-171055/00-gptpair-ftm,gptpair:ftm,3,19.006343937,-0.374999999053216
test-output/timing-methods/20260908-171055/00-gptpair-ftm,gptpair:ftm,3,20.00631225,-0.7500000016591457
test-output/timing-methods/20260908-171055/00-gptpair-ftm,gptpair:ftm,3,21.006281562,-1.0620000026051457
test-output/timing-methods/20260908-171055/00-gptpair-ftm,gptpair:ftm,3,22.006247875,1.4999999997655777
test-output/timing-methods/20260908-171055/00-gptpair-ftm,gptpair:ftm,3,23.006216188,1.1869999987368374
test-output/timing-methods/20260908-171055/00-gptpair-ftm,gptpair:ftm,3,24.006185438,-1.1250000007123617
test-output/timing-methods/20260908-171055/00-high-ftm,high:ftm,0,0.736893438,0.18700000004034933
test-output/timing-methods/20260908-171055/00-high-ftm,high:ftm,0,1.736862,-0.4999999998478444
test-output/timing-methods/20260908-171055/00-high-ftm,high:ftm,0,2.736830438,-0.4380000002690565
test-output/timing-methods/20260908-171055/00-high-ftm,high:ftm,0,3.736798875,-0.12499999968440534
test-output/timing-methods/20260908-171055/00-high-ftm,high:ftm,0,4.736767125,0.4369999997422269
test-output/timing-methods/20260908-171055/00-high-ftm,high:ftm,0,5.7367355,-0.061999999800832484
test-output/timing-methods/20260908-171055/00-high-ftm,high:ftm,0,6.736704188,-0.8750000004553726
test-output/timing-methods/20260908-171055/00-high-ftm,high:ftm,0,7.73667175,0.6250000001983835
test-output/timing-methods/20260908-171055/00-high-ftm,high:ftm,0,8.736640438,-0.06299999988357285
test-output/timing-methods/20260908-171055/00-high-ftm,high:ftm,0,9.736608937,0.9379999994507671
test-output/timing-methods/20260908-171055/00-high-ftm,high:ftm,0,10.736577312,0.1879999995679782
test-output/timing-methods/20260908-171055/00-high-ftm,high:ftm,0,11.73654625,-0.6250000001983835
test-output/timing-methods/20260908-171055/00-high-ftm,high:ftm,0,12.736514687,0.0
test-output/timing-methods/20260908-171055/00-high-ftm,high:ftm,0,13.736483125,-0.24999999936881068
test-output/timing-methods/20260908-171055/00-high-ftm,high:ftm,0,14.7364515,0.37500000082957285
test-output/timing-methods/20260908-171055/00-high-ftm,high:ftm,0,15.736419937,-0.18700000126159466
test-output/timing-methods/20260908-171055/00-high-ftm,high:ftm,0,16.736388313,-0.6880000000819564
test-output/timing-methods/20260908-171055/00-high-ftm,high:ftm,0,17.736356562,-0.24999999936881068
test-output/timing-methods/20260908-171055/00-high-ftm,high:ftm,0,18.736325125,-0.06200000157718932
test-output/timing-methods/20260908-171055/00-high-ftm,high:ftm,0,19.7362935,19.12500000145201
test-output/timing-methods/20260908-171055/00-high-ftm,high:ftm,0,20.736261875,8.874999998909061
test-output/timing-methods/20260908-171055/00-high-ftm,high:ftm,0,21.736230062,-1.8120000007115777
test-output/timing-methods/20260908-171055/00-high-ftm,high:ftm,0,22.736198625,-0.49999999873762135
test-output/timing-methods/20260908-171055/00-high-ftm,high:ftm,0,23.736166188,0.624000001892
test-output/timing-methods/20260908-171055/00-high-ftm,high:ftm,0,24.736135375,-0.12499999968440534
test-output/timing-methods/20260908-171055/00-high-ftm,high:ftm,1,0.736893438,0.6250000000873612
test-output/timing-methods/20260908-171055/00-high-ftm,high:ftm,1,1.736862,-0.061999999800832484
test-output/timing-methods/20260908-171055/00-high-ftm,high:ftm,1,2.736830438,-0.37499999994139444
test-output/timing-methods/20260908-171055/00-high-ftm,high:ftm,1,3.736798875,-0.6249999997542943
test-output/timing-methods/20260908-171055/00-high-ftm,high:ftm,1,4.736767125,0.37499999994139444
test-output/timing-methods/20260908-171055/00-high-ftm,high:ftm,1,5.7367355,-0.12499999968440534
test-output/timing-methods/20260908-171055/00-high-ftm,high:ftm,1,6.736704188,-1.4999999997655777
test-output/timing-methods/20260908-171055/00-high-ftm,high:ftm,1,7.73667175,-0.6250000001983835
test-output/timing-methods/20260908-171055/00-high-ftm,high:ftm,1,8.736640438,0.0
test-output/timing-methods/20260908-171055/00-high-ftm,high:ftm,1,9.736608937,-0.12399999960166497
test-output/timing-methods/20260908-171055/00-high-ftm,high:ftm,1,10.736577312,-0.31199999916964316
test-output/timing-methods/20260908-171055/00-high-ftm,high:ftm,1,11.73654625,0.9999999992515995
test-output/timing-methods/20260908-171055/00-high-ftm,high:ftm,1,12.736514687,0.7499999998827889
test-output/timing-methods/20260908-171055/00-high-ftm,high:ftm,1,13.736483125,4.50000000107309
test-output/timing-methods/20260908-171055/00-high-ftm,high:ftm,1,14.7364515,2.563000000677107
test-output/timing-methods/20260908-171055/00-high-ftm,high:ftm,1,15.736419937,-2.0620000000803884
test-output/timing-methods/20260908-171055/00-high-ftm,high:ftm,1,16.736388313,-0.8129999997663617
test-output/timing-methods/20260908-171055/00-high-ftm,high:ftm,1,17.736356562,-0.06200000157718932
test-output/timing-methods/20260908-171055/00-high-ftm,high:ftm,1,18.736325125,-0.49999999873762135
test-output/timing-methods/20260908-171055/00-high-ftm,high:ftm,1,19.7362935,0.06200000157718932
test-output/timing-methods/20260908-171055/00-high-ftm,high:ftm,1,20.736261875,0.0
test-output/timing-methods/20260908-171055/00-high-ftm,high:ftm,1,21.736230062,-0.312000000946
test-output/timing-methods/20260908-171055/00-high-ftm,high:ftm,1,22.736198625,0.12499999968440534
test-output/timing-methods/20260908-171055/00-high-ftm,high:ftm,1,23.736166188,-0.24999999936881068
test-output/timing-methods/20260908-171055/00-high-ftm,high:ftm,1,24.736135375,-0.49999999873762135
test-output/timing-methods/20260908-171055/00-high-ftm,high:ftm,3,0.736893438,-0.25100000000666256
test-output/timing-methods/20260908-171055/00-high-ftm,high:ftm,3,1.736862,-0.7499999998827889
test-output/timing-methods/20260908-171055/00-high-ftm,high:ftm,3,2.736830438,-0.06300000032766206
test-output/timing-methods/20260908-171055/00-high-ftm,high:ftm,3,3.736798875,-0.2499999998128999
test-output/timing-methods/20260908-171055/00-high-ftm,high:ftm,3,4.736767125,-1.0619999999406105
test-output/timing-methods/20260908-171055/00-high-ftm,high:ftm,3,5.7367355,-0.31300000014056195
test-output/timing-methods/20260908-171055/00-high-ftm,high:ftm,3,6.736704188,-0.6880000000819564
test-output/timing-methods/20260908-171055/00-high-ftm,high:ftm,3,7.73667175,0.0
test-output/timing-methods/20260908-171055/00-high-ftm,high:ftm,3,8.736640438,0.686999999999216
test-output/timing-methods/20260908-171055/00-high-ftm,high:ftm,3,9.736608937,0.1879999995679782
test-output/timing-methods/20260908-171055/00-high-ftm,high:ftm,3,10.736577312,0.06299999988357285
test-output/timing-methods/20260908-171055/00-high-ftm,high:ftm,3,11.73654625,0.24999999936881068
test-output/timing-methods/20260908-171055/00-high-ftm,high:ftm,3,12.736514687,-0.31199999916964316
test-output/timing-methods/20260908-171055/00-high-ftm,high:ftm,3,13.736483125,-0.9369999993680267
test-output/timing-methods/20260908-171055/00-high-ftm,high:ftm,3,14.7364515,-0.24999999936881068
test-output/timing-methods/20260908-171055/00-high-ftm,high:ftm,3,15.736419937,-0.43700000063040534
test-output/timing-methods/20260908-171055/00-high-ftm,high:ftm,3,16.736388313,-0.563000000397551
test-output/timing-methods/20260908-171055/00-high-ftm,high:ftm,3,17.736356562,-0.312000000946
test-output/timing-methods/20260908-171055/00-high-ftm,high:ftm,3,18.736325125,-0.875000001343551
test-output/timing-methods/20260908-171055/00-high-ftm,high:ftm,3,19.7362935,-1.061999999052432
test-output/timing-methods/20260908-171055/00-high-ftm,high:ftm,3,20.736261875,-0.312000000946
test-output/timing-methods/20260908-171055/00-high-ftm,high:ftm,3,21.736230062,-0.312000000946
test-output/timing-methods/20260908-171055/00-high-ftm,high:ftm,3,22.736198625,-0.6249999984220267
test-output/timing-methods/20260908-171055/00-high-ftm,high:ftm,3,23.736166188,0.875000001343551
test-output/timing-methods/20260908-171055/00-high-ftm,high:ftm,3,24.736135375,-0.12499999968440534
test-output/timing-methods/20260908-171055/00-mcpwm-ftm,mcpwm:ftm,0,0.029141312,-0.311999999998841
test-output/timing-methods/20260908-171055/00-mcpwm-ftm,mcpwm:ftm,0,1.029109625,-0.7500000001048335
test-output/timing-methods/20260908-171055/00-mcpwm-ftm,mcpwm:ftm,0,2.029077937,-1.1869999996250158
test-output/timing-methods/20260908-171055/00-mcpwm-ftm,mcpwm:ftm,0,3.029046188,-0.5629999999534618
test-output/timing-methods/20260908-171055/00-mcpwm-ftm,mcpwm:ftm,0,4.0290145,-1.000000000139778
test-output/timing-methods/20260908-171055/00-mcpwm-ftm,mcpwm:ftm,0,5.028982125,0.2500000002569891
test-output/timing-methods/20260908-171055/00-mcpwm-ftm,mcpwm:ftm,0,6.028951063,-1.8129999999061397
test-output/timing-methods/20260908-171055/00-mcpwm-ftm,mcpwm:ftm,0,7.028918875,-0.7499999998827889
test-output/timing-methods/20260908-171055/00-mcpwm-ftm,mcpwm:ftm,0,8.028887188,-1.1880000005959346
test-output/timing-methods/20260908-171055/00-mcpwm-ftm,mcpwm:ftm,0,9.028855937,-1.061999999052432
test-output/timing-methods/20260908-171055/00-mcpwm-ftm,mcpwm:ftm,0,10.02882425,-1.4999999997655777
test-output/timing-methods/20260908-171055/00-mcpwm-ftm,mcpwm:ftm,0,11.0287925,-0.8749999995671942
test-output/timing-methods/20260908-171055/00-mcpwm-ftm,mcpwm:ftm,0,12.028760812,-0.31199999916964316
test-output/timing-methods/20260908-171055/00-mcpwm-ftm,mcpwm:ftm,0,13.028729063,-0.6880000000819564
test-output/timing-methods/20260908-171055/00-mcpwm-ftm,mcpwm:ftm,0,14.028697375,-1.1880000005959346
test-output/timing-methods/20260908-171055/00-mcpwm-ftm,mcpwm:ftm,0,15.028665625,-0.5620000003148107
test-output/timing-methods/20260908-171055/00-mcpwm-ftm,mcpwm:ftm,0,16.028633938,-1.000999997557983
test-output/timing-methods/20260908-171055/00-mcpwm-ftm,mcpwm:ftm,0,17.028602187,-1.3750000000811724
test-output/timing-methods/20260908-171055/00-mcpwm-ftm,mcpwm:ftm,0,18.0285705,-0.8129999997663617
test-output/timing-methods/20260908-171055/00-mcpwm-ftm,mcpwm:ftm,0,19.02853875,-1.250000000396767
test-output/timing-methods/20260908-171055/00-mcpwm-ftm,mcpwm:ftm,0,20.028507,-0.6250000019747404
test-output/timing-methods/20260908-171055/00-mcpwm-ftm,mcpwm:ftm,0,21.02847525,-1.0000000010279564
test-output/timing-methods/20260908-171055/00-mcpwm-ftm,mcpwm:ftm,0,22.028443563,-0.5009999988203617
test-output/timing-methods/20260908-171055/00-mcpwm-ftm,mcpwm:ftm,0,23.028411812,-1.874000002288767
test-output/timing-methods/20260908-171055/00-mcpwm-ftm,mcpwm:ftm,0,24.028380062,-2.311999999449199
test-output/timing-methods/20260908-171055/00-mcpwm-ftm,mcpwm:ftm,1,0.029141312,-0.18699999999871597
test-output/timing-methods/20260908-171055/00-mcpwm-ftm,mcpwm:ftm,1,1.029109625,-1.5630000000932398
test-output/timing-methods/20260908-171055/00-mcpwm-ftm,mcpwm:ftm,1,2.029077937,-0.8750000000112834
test-output/timing-methods/20260908-171055/00-mcpwm-ftm,mcpwm:ftm,1,3.029046188,-1.1880000001518454
test-output/timing-methods/20260908-171055/00-mcpwm-ftm,mcpwm:ftm,1,4.0290145,-0.5619999994266323
test-output/timing-methods/20260908-171055/00-mcpwm-ftm,mcpwm:ftm,1,5.028982125,-0.24999999936881068
test-output/timing-methods/20260908-171055/00-mcpwm-ftm,mcpwm:ftm,1,6.028951063,-1.2510000004795074
test-output/timing-methods/20260908-171055/00-mcpwm-ftm,mcpwm:ftm,1,7.028918875,-1.1249999998241833
test-output/timing-methods/20260908-171055/00-mcpwm-ftm,mcpwm:ftm,1,8.028887188,0.498999998654881
test-output/timing-methods/20260908-171055/00-mcpwm-ftm,mcpwm:ftm,1,9.028855937,-1.3120000001975995
test-output/timing-methods/20260908-171055/00-mcpwm-ftm,mcpwm:ftm,1,10.02882425,-0.6880000000819564
test-output/timing-methods/20260908-171055/00-mcpwm-ftm,mcpwm:ftm,1,11.0287925,-0.9999999992515995
test-output/timing-methods/20260908-171055/00-mcpwm-ftm,mcpwm:ftm,1,12.028760812,-1.4369999998820049
test-output/timing-methods/20260908-171055/00-mcpwm-ftm,mcpwm:ftm,1,13.028729063,-0.7499999998827889
test-output/timing-methods/20260908-171055/00-mcpwm-ftm,mcpwm:ftm,1,14.028697375,-1.1250000007123617
test-output/timing-methods/20260908-171055/00-mcpwm-ftm,mcpwm:ftm,1,15.028665625,-0.5000000005139782
test-output/timing-methods/20260908-171055/00-mcpwm-ftm,mcpwm:ftm,1,16.028633938,-0.8129999997663617
test-output/timing-methods/20260908-171055/00-mcpwm-ftm,mcpwm:ftm,1,17.028602187,-0.18700000126159466
test-output/timing-methods/20260908-171055/00-mcpwm-ftm,mcpwm:ftm,1,18.0285705,-1.562000001342767
test-output/timing-methods/20260908-171055/00-mcpwm-ftm,mcpwm:ftm,1,19.02853875,-1.8749999988187938
test-output/timing-methods/20260908-171055/00-mcpwm-ftm,mcpwm:ftm,1,20.028507,-1.250000000396767
test-output/timing-methods/20260908-171055/00-mcpwm-ftm,mcpwm:ftm,1,21.02847525,-0.5620000003148107
test-output/timing-methods/20260908-171055/00-mcpwm-ftm,mcpwm:ftm,1,22.028443563,-0.9379999994507671
test-output/timing-methods/20260908-171055/00-mcpwm-ftm,mcpwm:ftm,1,23.028411812,-0.312000000946
test-output/timing-methods/20260908-171055/00-mcpwm-ftm,mcpwm:ftm,1,24.028380062,-1.6870000010271724
test-output/timing-methods/20260908-171055/00-mcpwm-ftm,mcpwm:ftm,3,0.029141312,-0.686999999999216
test-output/timing-methods/20260908-171055/00-mcpwm-ftm,mcpwm:ftm,3,1.029109625,-1.0619999999406105
test-output/timing-methods/20260908-171055/00-mcpwm-ftm,mcpwm:ftm,3,2.029077937,-0.7499999998827889
test-output/timing-methods/20260908-171055/00-mcpwm-ftm,mcpwm:ftm,3,3.029046188,-0.8130000002104509
test-output/timing-methods/20260908-171055/00-mcpwm-ftm,mcpwm:ftm,3,4.0290145,-1.1869999996250158
test-output/timing-methods/20260908-171055/00-mcpwm-ftm,mcpwm:ftm,3,5.028982125,0.0620000006890109
test-output/timing-methods/20260908-171055/00-mcpwm-ftm,mcpwm:ftm,3,6.028951063,-1.9380000004787235
test-output/timing-methods/20260908-171055/00-mcpwm-ftm,mcpwm:ftm,3,7.028918875,-0.8749999995671942
test-output/timing-methods/20260908-171055/00-mcpwm-ftm,mcpwm:ftm,3,8.028887188,-0.2510000012279079
test-output/timing-methods/20260908-171055/00-mcpwm-ftm,mcpwm:ftm,3,9.028855937,-1.061999999052432
test-output/timing-methods/20260908-171055/00-mcpwm-ftm,mcpwm:ftm,3,10.02882425,-1.4999999997655777
test-output/timing-methods/20260908-171055/00-mcpwm-ftm,mcpwm:ftm,3,11.0287925,-0.8749999995671942
test-output/timing-methods/20260908-171055/00-mcpwm-ftm,mcpwm:ftm,3,12.028760812,-1.250000000396767
test-output/timing-methods/20260908-171055/00-mcpwm-ftm,mcpwm:ftm,3,13.028729063,-0.6260000002811239
test-output/timing-methods/20260908-171055/00-mcpwm-ftm,mcpwm:ftm,3,14.028697375,-0.9999999992515995
test-output/timing-methods/20260908-171055/00-mcpwm-ftm,mcpwm:ftm,3,15.028665625,-2.375000001109129
test-output/timing-methods/20260908-171055/00-mcpwm-ftm,mcpwm:ftm,3,16.028633938,-0.8129999997663617
test-output/timing-methods/20260908-171055/00-mcpwm-ftm,mcpwm:ftm,3,17.028602187,-1.187000002289551
test-output/timing-methods/20260908-171055/00-mcpwm-ftm,mcpwm:ftm,3,18.0285705,-1.562000001342767
test-output/timing-methods/20260908-171055/00-mcpwm-ftm,mcpwm:ftm,3,19.02853875,-0.9369999993680267
test-output/timing-methods/20260908-171055/00-mcpwm-ftm,mcpwm:ftm,3,20.028507,-0.31300000102874037
test-output/timing-methods/20260908-171055/00-mcpwm-ftm,mcpwm:ftm,3,21.02847525,-0.686999999999216
test-output/timing-methods/20260908-171055/00-mcpwm-ftm,mcpwm:ftm,3,22.028443563,-1.1250000007123617
test-output/timing-methods/20260908-171055/00-mcpwm-ftm,mcpwm:ftm,3,23.028411812,-1.499000003235551
test-output/timing-methods/20260908-171055/00-mcpwm-ftm,mcpwm:ftm,3,24.028380062,-0.8740000012608107
test-output/timing-methods/20260908-171055/01-gptpair-ftm,gptpair:ftm,0,0.592488563,0.24900000006322642
test-output/timing-methods/20260908-171055/01-gptpair-ftm,gptpair:ftm,0,1.59245775,-0.061999999800832484
test-output/timing-methods/20260908-171055/01-gptpair-ftm,gptpair:ftm,0,2.592426,-0.4380000002690565
test-output/timing-methods/20260908-171055/01-gptpair-ftm,gptpair:ftm,0,3.59239425,-0.8750000000112834
test-output/timing-methods/20260908-171055/01-gptpair-ftm,gptpair:ftm,0,4.5923625,-0.2500000002569891
test-output/timing-methods/20260908-171055/01-gptpair-ftm,gptpair:ftm,0,5.592330687,-0.6239999992274647
test-output/timing-methods/20260908-171055/01-gptpair-ftm,gptpair:ftm,0,6.592297937,1.000000000139778
test-output/timing-methods/20260908-171055/01-gptpair-ftm,gptpair:ftm,0,7.592267125,-1.31300000028034
test-output/timing-methods/20260908-171055/01-gptpair-ftm,gptpair:ftm,0,8.592235375,-0.7499999998827889
test-output/timing-methods/20260908-171055/01-gptpair-ftm,gptpair:ftm,0,9.592203625,-0.12499999968440534
test-output/timing-methods/20260908-171055/01-gptpair-ftm,gptpair:ftm,0,10.592171875,-1.4999999997655777
test-output/timing-methods/20260908-171055/01-gptpair-ftm,gptpair:ftm,0,11.592140063,0.18699999948523782
test-output/timing-methods/20260908-171055/01-gptpair-ftm,gptpair:ftm,0,12.592108313,-0.18800000134433503
test-output/timing-methods/20260908-171055/01-gptpair-ftm,gptpair:ftm,0,13.592076563,-0.6249999984220267
test-output/timing-methods/20260908-171055/01-gptpair-ftm,gptpair:ftm,0,14.59204475,-0.9369999993680267
test-output/timing-methods/20260908-171055/01-gptpair-ftm,gptpair:ftm,0,15.592013,-0.31199999916964316
test-output/timing-methods/20260908-171055/01-gptpair-ftm,gptpair:ftm,0,16.591981188,-0.6880000000819564
test-output/timing-methods/20260908-171055/01-gptpair-ftm,gptpair:ftm,0,17.591949437,-0.06200000157718932
test-output/timing-methods/20260908-171055/01-gptpair-ftm,gptpair:ftm,0,18.591917688,-1.4379999981883884
test-output/timing-methods/20260908-171055/01-gptpair-ftm,gptpair:ftm,0,19.59188725,-1.1879999988195777
test-output/timing-methods/20260908-171055/01-gptpair-ftm,gptpair:ftm,0,20.591854125,-0.18700000126159466
test-output/timing-methods/20260908-171055/01-gptpair-ftm,gptpair:ftm,0,21.591822312,-0.49900000220759466
test-output/timing-methods/20260908-171055/01-gptpair-ftm,gptpair:ftm,0,22.5917905,-0.8749999977908374
test-output/timing-methods/20260908-171055/01-gptpair-ftm,gptpair:ftm,0,23.59175875,-1.250000000396767
test-output/timing-methods/20260908-171055/01-gptpair-ftm,gptpair:ftm,0,24.591726937,-0.624000001892
test-output/timing-methods/20260908-171055/01-gptpair-ftm,gptpair:ftm,1,0.592488563,0.0
test-output/timing-methods/20260908-171055/01-gptpair-ftm,gptpair:ftm,1,1.59245775,-1.2499999999526779
test-output/timing-methods/20260908-171055/01-gptpair-ftm,gptpair:ftm,1,2.592426,0.37499999994139444
test-output/timing-methods/20260908-171055/01-gptpair-ftm,gptpair:ftm,1,3.59239425,-0.9999999996956888
test-output/timing-methods/20260908-171055/01-gptpair-ftm,gptpair:ftm,1,4.5923625,-0.37499999994139444
test-output/timing-methods/20260908-171055/01-gptpair-ftm,gptpair:ftm,1,5.592330687,-0.686999999999216
test-output/timing-methods/20260908-171055/01-gptpair-ftm,gptpair:ftm,1,6.592297937,0.9380000003389455
test-output/timing-methods/20260908-171055/01-gptpair-ftm,gptpair:ftm,1,7.592267125,-0.3120000000578216
test-output/timing-methods/20260908-171055/01-gptpair-ftm,gptpair:ftm,1,8.592235375,-0.6880000000819564
test-output/timing-methods/20260908-171055/01-gptpair-ftm,gptpair:ftm,1,9.592203625,-1.061999999052432
test-output/timing-methods/20260908-171055/01-gptpair-ftm,gptpair:ftm,1,10.592171875,-0.4380000007131457
test-output/timing-methods/20260908-171055/01-gptpair-ftm,gptpair:ftm,1,11.592140063,-0.6880000000819564
test-output/timing-methods/20260908-171055/01-gptpair-ftm,gptpair:ftm,1,12.592108313,-1.0630000009115292
test-output/timing-methods/20260908-171055/01-gptpair-ftm,gptpair:ftm,1,13.592076563,0.5620000003148107
test-output/timing-methods/20260908-171055/01-gptpair-ftm,gptpair:ftm,1,14.59204475,0.2500000011451675
test-output/timing-methods/20260908-171055/01-gptpair-ftm,gptpair:ftm,1,15.592013,-0.12499999968440534
test-output/timing-methods/20260908-171055/01-gptpair-ftm,gptpair:ftm,1,16.591981188,-0.43799999716043203
test-output/timing-methods/20260908-171055/01-gptpair-ftm,gptpair:ftm,1,17.591949437,0.25099999945155105
test-output/timing-methods/20260908-171055/01-gptpair-ftm,gptpair:ftm,1,18.591917688,-0.12499999968440534
test-output/timing-methods/20260908-171055/01-gptpair-ftm,gptpair:ftm,1,19.59188725,-1.8120000007115777
test-output/timing-methods/20260908-171055/01-gptpair-ftm,gptpair:ftm,1,20.591854125,-1.8130000007943181
test-output/timing-methods/20260908-171055/01-gptpair-ftm,gptpair:ftm,1,21.591822312,-1.1250000007123617
test-output/timing-methods/20260908-171055/01-gptpair-ftm,gptpair:ftm,1,22.5917905,-0.43799999716043203
test-output/timing-methods/20260908-171055/01-gptpair-ftm,gptpair:ftm,1,23.59175875,0.18700000126159466
test-output/timing-methods/20260908-171055/01-gptpair-ftm,gptpair:ftm,1,24.591726937,-2.1240000016575777
test-output/timing-methods/20260908-171055/01-gptpair-ftm,gptpair:ftm,3,0.592488563,0.37400000008069867
test-output/timing-methods/20260908-171055/01-gptpair-ftm,gptpair:ftm,3,1.59245775,0.06200000002287709
test-output/timing-methods/20260908-171055/01-gptpair-ftm,gptpair:ftm,3,2.592426,-0.37499999994139444
test-output/timing-methods/20260908-171055/01-gptpair-ftm,gptpair:ftm,3,3.59239425,-0.7499999998827889
test-output/timing-methods/20260908-171055/01-gptpair-ftm,gptpair:ftm,3,4.5923625,-0.12499999968440534
test-output/timing-methods/20260908-171055/01-gptpair-ftm,gptpair:ftm,3,5.592330687,-1.4369999998820049
test-output/timing-methods/20260908-171055/01-gptpair-ftm,gptpair:ftm,3,6.592297937,1.1259999999069237
test-output/timing-methods/20260908-171055/01-gptpair-ftm,gptpair:ftm,3,7.592267125,-0.1880000004561566
test-output/timing-methods/20260908-171055/01-gptpair-ftm,gptpair:ftm,3,8.592235375,-0.563000000397551
test-output/timing-methods/20260908-171055/01-gptpair-ftm,gptpair:ftm,3,9.592203625,0.0
test-output/timing-methods/20260908-171055/01-gptpair-ftm,gptpair:ftm,3,10.592171875,-0.37500000082957285
test-output/timing-methods/20260908-171055/01-gptpair-ftm,gptpair:ftm,3,11.592140063,-0.6880000000819564
test-output/timing-methods/20260908-171055/01-gptpair-ftm,gptpair:ftm,3,12.592108313,-0.06299999988357285
test-output/timing-methods/20260908-171055/01-gptpair-ftm,gptpair:ftm,3,13.592076563,-0.43799999893678887
test-output/timing-methods/20260908-171055/01-gptpair-ftm,gptpair:ftm,3,14.59204475,-0.8129999997663617
test-output/timing-methods/20260908-171055/01-gptpair-ftm,gptpair:ftm,3,15.592013,-0.18699999948523782
test-output/timing-methods/20260908-171055/01-gptpair-ftm,gptpair:ftm,3,16.591981188,-0.49999999873762135
test-output/timing-methods/20260908-171055/01-gptpair-ftm,gptpair:ftm,3,17.591949437,0.1259999997671457
test-output/timing-methods/20260908-171055/01-gptpair-ftm,gptpair:ftm,3,18.591917688,-0.3129999974760267
test-output/timing-methods/20260908-171055/01-gptpair-ftm,gptpair:ftm,3,19.59188725,-1.999999998503199
test-output/timing-methods/20260908-171055/01-gptpair-ftm,gptpair:ftm,3,20.591854125,0.0
test-output/timing-methods/20260908-171055/01-gptpair-ftm,gptpair:ftm,3,21.591822312,-0.3740000025231893
test-output/timing-methods/20260908-171055/01-gptpair-ftm,gptpair:ftm,3,22.5917905,-0.686999999999216
test-output/timing-methods/20260908-171055/01-gptpair-ftm,gptpair:ftm,3,23.59175875,-0.06200000157718932
test-output/timing-methods/20260908-171055/01-gptpair-ftm,gptpair:ftm,3,24.591726937,-0.43700000063040534
test-output/timing-methods/20260908-171055/01-high-ftm,high:ftm,0,0.643855313,-0.5009999999305847
test-output/timing-methods/20260908-171055/01-high-ftm,high:ftm,0,1.643822687,0.3760000000241348
test-output/timing-methods/20260908-171055/01-high-ftm,high:ftm,0,2.643792125,-1.0619999999406105
test-output/timing-methods/20260908-171055/01-high-ftm,high:ftm,0,3.643759563,0.061999999800832484
test-output/timing-methods/20260908-171055/01-high-ftm,high:ftm,0,4.643746812,0.25100000033972947
test-output/timing-methods/20260908-171055/01-high-ftm,high:ftm,0,5.643696875,-0.37499999994139444
test-output/timing-methods/20260908-171055/01-high-ftm,high:ftm,0,6.643664812,0.25100000033972947
test-output/timing-methods/20260908-171055/01-high-ftm,high:ftm,0,7.643633063,-0.25100000033972947
test-output/timing-methods/20260908-171055/01-high-ftm,high:ftm,0,8.643601563,-0.7499999998827889
test-output/timing-methods/20260908-171055/01-high-ftm,high:ftm,0,9.643569625,0.6250000001983835
test-output/timing-methods/20260908-171055/01-high-ftm,high:ftm,0,10.643538062,-0.12499999968440534
test-output/timing-methods/20260908-171055/01-high-ftm,high:ftm,0,11.643506375,-0.12499999968440534
test-output/timing-methods/20260908-171055/01-high-ftm,high:ftm,0,12.643474562,-1.4989999996828374
test-output/timing-methods/20260908-171055/01-high-ftm,high:ftm,0,13.643442563,-0.9380000012271239
test-output/timing-methods/20260908-171055/01-high-ftm,high:ftm,0,14.64341,1.0630000009115292
test-output/timing-methods/20260908-171055/01-high-ftm,high:ftm,0,15.643379313,-0.2510000012279079
test-output/timing-methods/20260908-171055/01-high-ftm,high:ftm,0,16.643347563,0.06200000157718932
test-output/timing-methods/20260908-171055/01-high-ftm,high:ftm,0,17.643315562,-0.18700000126159466
test-output/timing-methods/20260908-171055/01-high-ftm,high:ftm,0,18.643283813,-0.7500000016591457
test-output/timing-methods/20260908-171055/01-high-ftm,high:ftm,0,19.643252063,0.43700000063040534
test-output/timing-methods/20260908-171055/01-high-ftm,high:ftm,0,20.6432205,-0.18800000134433503
test-output/timing-methods/20260908-171055/01-high-ftm,high:ftm,0,21.643188813,-0.49999999873762135
test-output/timing-methods/20260908-171055/01-high-ftm,high:ftm,0,22.643156625,0.43700000063040534
test-output/timing-methods/20260908-171055/01-high-ftm,high:ftm,0,23.643125,-1.1250000007123617
test-output/timing-methods/20260908-171055/01-high-ftm,high:ftm,0,24.643093187,0.49999999873762135
test-output/timing-methods/20260908-171055/01-high-ftm,high:ftm,1,0.643855313,-0.7509999999655292
test-output/timing-methods/20260908-171055/01-high-ftm,high:ftm,1,1.643822687,-0.18699999992932703
test-output/timing-methods/20260908-171055/01-high-ftm,high:ftm,1,2.643792125,-1.3750000000811724
test-output/timing-methods/20260908-171055/01-high-ftm,high:ftm,1,3.643759563,-0.06300000032766206
test-output/timing-methods/20260908-171055/01-high-ftm,high:ftm,1,4.643746812,0.37499999994139444
test-output/timing-methods/20260908-171055/01-high-ftm,high:ftm,1,5.643696875,-0.06299999988357285
test-output/timing-methods/20260908-171055/01-high-ftm,high:ftm,1,6.643664812,-1.8119999998233993
test-output/timing-methods/20260908-171055/01-high-ftm,high:ftm,1,7.643633063,2.561999999706188
test-output/timing-methods/20260908-171055/01-high-ftm,high:ftm,1,8.643601563,-1.5009999998483181
test-output/timing-methods/20260908-171055/01-high-ftm,high:ftm,1,9.643569625,-0.8129999997663617
test-output/timing-methods/20260908-171055/01-high-ftm,high:ftm,1,10.643538062,0.12600000154350255
test-output/timing-methods/20260908-171055/01-high-ftm,high:ftm,1,11.643506375,-0.8129999997663617
test-output/timing-methods/20260908-171055/01-high-ftm,high:ftm,1,12.643474562,-0.18699999948523782
test-output/timing-methods/20260908-171055/01-high-ftm,high:ftm,1,13.643442563,0.24999999936881068
test-output/timing-methods/20260908-171055/01-high-ftm,high:ftm,1,14.64341,-0.06299999988357285
test-output/timing-methods/20260908-171055/01-high-ftm,high:ftm,1,15.643379313,-0.31300000102874037
test-output/timing-methods/20260908-171055/01-high-ftm,high:ftm,1,16.643347563,-1.4999999997655777
test-output/timing-methods/20260908-171055/01-high-ftm,high:ftm,1,17.643315562,-0.686999999999216
test-output/timing-methods/20260908-171055/01-high-ftm,high:ftm,1,18.643283813,0.374999999053216
test-output/timing-methods/20260908-171055/01-high-ftm,high:ftm,1,19.643252063,0.06200000157718932
test-output/timing-methods/20260908-171055/01-high-ftm,high:ftm,1,20.6432205,-1.3120000019739564
test-output/timing-methods/20260908-171055/01-high-ftm,high:ftm,1,21.643188813,-0.8759999978735777
test-output/timing-methods/20260908-171055/01-high-ftm,high:ftm,1,22.643156625,-1.1879999988195777
test-output/timing-methods/20260908-171055/01-high-ftm,high:ftm,1,23.643125,-1.187000002289551
test-output/timing-methods/20260908-171055/01-high-ftm,high:ftm,1,24.643093187,0.5629999968448374
test-output/timing-methods/20260908-171055/01-high-ftm,high:ftm,3,0.643855313,-0.5629999999534618
test-output/timing-methods/20260908-171055/01-high-ftm,high:ftm,3,1.643822687,0.9380000001169009
test-output/timing-methods/20260908-171055/01-high-ftm,high:ftm,3,2.643792125,-0.062000000244921694
test-output/timing-methods/20260908-171055/01-high-ftm,high:ftm,3,3.643759563,0.12400000004575418
test-output/timing-methods/20260908-171055/01-high-ftm,high:ftm,3,4.643746812,-3.874999999986528
test-output/timing-methods/20260908-171055/01-high-ftm,high:ftm,3,5.643696875,-0.18699999948523782
test-output/timing-methods/20260908-171055/01-high-ftm,high:ftm,3,6.643664812,0.7499999998827889
test-output/timing-methods/20260908-171055/01-high-ftm,high:ftm,3,7.643633063,-0.1880000004561566
test-output/timing-methods/20260908-171055/01-high-ftm,high:ftm,3,8.643601563,-0.8130000015427186
test-output/timing-methods/20260908-171055/01-high-ftm,high:ftm,3,9.643569625,0.18700000126159466
test-output/timing-methods/20260908-171055/01-high-ftm,high:ftm,3,10.643538062,-0.37399999897047564
test-output/timing-methods/20260908-171055/01-high-ftm,high:ftm,3,11.643506375,-0.6880000000819564
test-output/timing-methods/20260908-171055/01-high-ftm,high:ftm,3,12.643474562,0.06299999988357285
test-output/timing-methods/20260908-171055/01-high-ftm,high:ftm,3,13.643442563,-0.7499999998827889
test-output/timing-methods/20260908-171055/01-high-ftm,high:ftm,3,14.64341,0.686999999999216
test-output/timing-methods/20260908-171055/01-high-ftm,high:ftm,3,15.643379313,-0.4380000007131457
test-output/timing-methods/20260908-171055/01-high-ftm,high:ftm,3,16.643347563,-0.6259999985047671
test-output/timing-methods/20260908-171055/01-high-ftm,high:ftm,3,17.643315562,0.12499999968440534
test-output/timing-methods/20260908-171055/01-high-ftm,high:ftm,3,18.643283813,0.0
test-output/timing-methods/20260908-171055/01-high-ftm,high:ftm,3,19.643252063,0.49900000220759466
test-output/timing-methods/20260908-171055/01-high-ftm,high:ftm,3,20.6432205,-0.7500000016591457
test-output/timing-methods/20260908-171055/01-high-ftm,high:ftm,3,21.643188813,-0.9379999994507671
test-output/timing-methods/20260908-171055/01-high-ftm,high:ftm,3,22.643156625,0.06200000157718932
test-output/timing-methods/20260908-171055/01-high-ftm,high:ftm,3,23.643125,-0.31300000102874037
test-output/timing-methods/20260908-171055/01-high-ftm,high:ftm,3,24.643093187,-0.49900000220759466
test-output/timing-methods/20260908-171055/01-mcpwm-ftm,mcpwm:ftm,0,0.590562313,-0.8749999999002611
test-output/timing-methods/20260908-171055/01-mcpwm-ftm,mcpwm:ftm,0,1.5905305,-1.1880000001518454
test-output/timing-methods/20260908-171055/01-mcpwm-ftm,mcpwm:ftm,0,2.59049875,-0.6250000001983835
test-output/timing-methods/20260908-171055/01-mcpwm-ftm,mcpwm:ftm,0,3.590466938,-0.9379999998948563
test-output/timing-methods/20260908-171055/01-mcpwm-ftm,mcpwm:ftm,0,4.590435125,-2.3129999995319395
test-output/timing-methods/20260908-171055/01-mcpwm-ftm,mcpwm:ftm,0,5.590403375,-0.686999999999216
test-output/timing-methods/20260908-171055/01-mcpwm-ftm,mcpwm:ftm,0,6.590371562,-1.0619999999406105
test-output/timing-methods/20260908-171055/01-mcpwm-ftm,mcpwm:ftm,0,7.590339812,-0.4369999997422269
test-output/timing-methods/20260908-171055/01-mcpwm-ftm,mcpwm:ftm,0,8.590308,-0.8119999996836214
test-output/timing-methods/20260908-171055/01-mcpwm-ftm,mcpwm:ftm,0,9.590275375,-0.31299999925238353
test-output/timing-methods/20260908-171055/01-mcpwm-ftm,mcpwm:ftm,0,10.590244438,-0.5629999986211942
test-output/timing-methods/20260908-171055/01-mcpwm-ftm,mcpwm:ftm,0,11.590212625,-0.8749999995671942
test-output/timing-methods/20260908-171055/01-mcpwm-ftm,mcpwm:ftm,0,12.590180875,-2.311999999449199
test-output/timing-methods/20260908-171055/01-mcpwm-ftm,mcpwm:ftm,0,13.590148625,-1.1869999987368374
test-output/timing-methods/20260908-171055/01-mcpwm-ftm,mcpwm:ftm,0,14.59011725,-2.000000000279556
test-output/timing-methods/20260908-171055/01-mcpwm-ftm,mcpwm:ftm,0,15.590084625,-0.49999999873762135
test-output/timing-methods/20260908-171055/01-mcpwm-ftm,mcpwm:ftm,0,16.590053687,-0.7490000015764053
test-output/timing-methods/20260908-171055/01-mcpwm-ftm,mcpwm:ftm,0,17.590021875,-1.0620000026051457
test-output/timing-methods/20260908-171055/01-mcpwm-ftm,mcpwm:ftm,0,18.589990125,-0.49999999873762135
test-output/timing-methods/20260908-171055/01-mcpwm-ftm,mcpwm:ftm,0,19.589958312,-0.8119999996836214
test-output/timing-methods/20260908-171055/01-mcpwm-ftm,mcpwm:ftm,0,20.5899265,-1.187000002289551
test-output/timing-methods/20260908-171055/01-mcpwm-ftm,mcpwm:ftm,0,21.589894687,-0.49900000220759466
test-output/timing-methods/20260908-171055/01-mcpwm-ftm,mcpwm:ftm,0,22.589862687,-0.686999999999216
test-output/timing-methods/20260908-171055/01-mcpwm-ftm,mcpwm:ftm,0,23.589831125,-2.2500000014247235
test-output/timing-methods/20260908-171055/01-mcpwm-ftm,mcpwm:ftm,0,24.589799312,-0.624000001892
test-output/timing-methods/20260908-171055/01-mcpwm-ftm,mcpwm:ftm,1,0.590562313,-1.1259999999069237
test-output/timing-methods/20260908-171055/01-mcpwm-ftm,mcpwm:ftm,1,1.5905305,-1.4379999999647453
test-output/timing-methods/20260908-171055/01-mcpwm-ftm,mcpwm:ftm,1,2.59049875,-1.8120000002674885
test-output/timing-methods/20260908-171055/01-mcpwm-ftm,mcpwm:ftm,1,3.590466938,-1.1250000002682725
test-output/timing-methods/20260908-171055/01-mcpwm-ftm,mcpwm:ftm,1,4.590435125,-0.4369999997422269
test-output/timing-methods/20260908-171055/01-mcpwm-ftm,mcpwm:ftm,1,5.590403375,-1.8119999998233993
test-output/timing-methods/20260908-171055/01-mcpwm-ftm,mcpwm:ftm,1,6.590371562,-0.061999999800832484
test-output/timing-methods/20260908-171055/01-mcpwm-ftm,mcpwm:ftm,1,7.590339812,-1.4369999998820049
test-output/timing-methods/20260908-171055/01-mcpwm-ftm,mcpwm:ftm,1,8.590308,-0.7499999998827889
test-output/timing-methods/20260908-171055/01-mcpwm-ftm,mcpwm:ftm,1,9.590275375,-0.24999999936881068
test-output/timing-methods/20260908-171055/01-mcpwm-ftm,mcpwm:ftm,1,10.590244438,-1.4379999999647453
test-output/timing-methods/20260908-171055/01-mcpwm-ftm,mcpwm:ftm,1,11.590212625,-1.7499999991343884
test-output/timing-methods/20260908-171055/01-mcpwm-ftm,mcpwm:ftm,1,12.590180875,-0.12499999968440534
test-output/timing-methods/20260908-171055/01-mcpwm-ftm,mcpwm:ftm,1,13.590148625,0.0
test-output/timing-methods/20260908-171055/01-mcpwm-ftm,mcpwm:ftm,1,14.59011725,-1.7500000009107453
test-output/timing-methods/20260908-171055/01-mcpwm-ftm,mcpwm:ftm,1,15.590084625,0.7499999998827889
test-output/timing-methods/20260908-171055/01-mcpwm-ftm,mcpwm:ftm,1,16.590053687,-1.4370000016583617
test-output/timing-methods/20260908-171055/01-mcpwm-ftm,mcpwm:ftm,1,17.590021875,-0.7500000016591457
test-output/timing-methods/20260908-171055/01-mcpwm-ftm,mcpwm:ftm,1,18.589990125,-1.1250000007123617
test-output/timing-methods/20260908-171055/01-mcpwm-ftm,mcpwm:ftm,1,19.589958312,-1.4370000016583617
test-output/timing-methods/20260908-171055/01-mcpwm-ftm,mcpwm:ftm,1,20.5899265,-0.7500000016591457
test-output/timing-methods/20260908-171055/01-mcpwm-ftm,mcpwm:ftm,1,21.589894687,-0.06200000157718932
test-output/timing-methods/20260908-171055/01-mcpwm-ftm,mcpwm:ftm,1,22.589862687,0.18800000134433503
test-output/timing-methods/20260908-171055/01-mcpwm-ftm,mcpwm:ftm,1,23.589831125,-0.7500000016591457
test-output/timing-methods/20260908-171055/01-mcpwm-ftm,mcpwm:ftm,1,24.589799312,-0.06200000157718932
test-output/timing-methods/20260908-171055/01-mcpwm-ftm,mcpwm:ftm,3,0.590562313,-0.7499999999938112
test-output/timing-methods/20260908-171055/01-mcpwm-ftm,mcpwm:ftm,3,1.5905305,-1.062000000162655
test-output/timing-methods/20260908-171055/01-mcpwm-ftm,mcpwm:ftm,3,2.59049875,-1.4369999998820049
test-output/timing-methods/20260908-171055/01-mcpwm-ftm,mcpwm:ftm,3,3.590466938,-0.8130000002104509
test-output/timing-methods/20260908-171055/01-mcpwm-ftm,mcpwm:ftm,3,4.590435125,-1.1249999998241833
test-output/timing-methods/20260908-171055/01-mcpwm-ftm,mcpwm:ftm,3,5.590403375,-1.4999999997655777
test-output/timing-methods/20260908-171055/01-mcpwm-ftm,mcpwm:ftm,3,6.590371562,-1.8119999998233993
test-output/timing-methods/20260908-171055/01-mcpwm-ftm,mcpwm:ftm,3,7.590339812,-1.2489999994258483
test-output/timing-methods/20260908-171055/01-mcpwm-ftm,mcpwm:ftm,3,8.590308,-1.5619999995664102
test-output/timing-methods/20260908-171055/01-mcpwm-ftm,mcpwm:ftm,3,9.590275375,-0.06299999988357285
test-output/timing-methods/20260908-171055/01-mcpwm-ftm,mcpwm:ftm,3,10.590244438,-2.250999999731107
test-output/timing-methods/20260908-171055/01-mcpwm-ftm,mcpwm:ftm,3,11.590212625,-0.6250000001983835
test-output/timing-methods/20260908-171055/01-mcpwm-ftm,mcpwm:ftm,3,12.590180875,-2.000000000279556
test-output/timing-methods/20260908-171055/01-mcpwm-ftm,mcpwm:ftm,3,13.590148625,-0.8749999995671942
test-output/timing-methods/20260908-171055/01-mcpwm-ftm,mcpwm:ftm,3,14.59011725,-0.6250000001983835
test-output/timing-methods/20260908-171055/01-mcpwm-ftm,mcpwm:ftm,3,15.590084625,-0.1879999995679782
test-output/timing-methods/20260908-171055/01-mcpwm-ftm,mcpwm:ftm,3,16.590053687,-1.3750000000811724
test-output/timing-methods/20260908-171055/01-mcpwm-ftm,mcpwm:ftm,3,17.590021875,-0.6880000000819564
test-output/timing-methods/20260908-171055/01-mcpwm-ftm,mcpwm:ftm,3,18.589990125,-1.1250000007123617
test-output/timing-methods/20260908-171055/01-mcpwm-ftm,mcpwm:ftm,3,19.589958312,-1.4370000016583617
test-output/timing-methods/20260908-171055/01-mcpwm-ftm,mcpwm:ftm,3,20.5899265,-0.7500000016591457
test-output/timing-methods/20260908-171055/01-mcpwm-ftm,mcpwm:ftm,3,21.589894687,-1.1250000007123617
test-output/timing-methods/20260908-171055/01-mcpwm-ftm,mcpwm:ftm,3,22.589862687,-1.250000000396767
test-output/timing-methods/20260908-171055/01-mcpwm-ftm,mcpwm:ftm,3,23.589831125,-0.875000001343551
test-output/timing-methods/20260908-171055/01-mcpwm-ftm,mcpwm:ftm,3,24.589799312,-1.1869999987368374
test-output/timing-methods/20260908-171431/00-gptpair-ftm,gptpair:ftm,0,0.790700437,474962.6880000001
test-output/timing-methods/20260908-171431/00-gptpair-ftm,gptpair:ftm,0,1.790669562,474961.3760000002
test-output/timing-methods/20260908-171431/00-gptpair-ftm,gptpair:ftm,0,2.790637438,474961.31200000003
test-output/timing-methods/20260908-171431/00-gptpair-ftm,gptpair:ftm,0,3.790605687,474960.87600000034
test-output/timing-methods/20260908-171431/00-gptpair-ftm,gptpair:ftm,0,4.79057375,474961.6249999997
test-output/timing-methods/20260908-171431/00-gptpair-ftm,gptpair:ftm,0,5.790541875,474961.31300000055
test-output/timing-methods/20260908-171431/00-gptpair-ftm,gptpair:ftm,0,6.790509937,474960.06299999927
test-output/timing-methods/20260908-171431/00-gptpair-ftm,gptpair:ftm,0,7.790478,474961.8130000002
test-output/timing-methods/20260908-171431/00-gptpair-ftm,gptpair:ftm,0,8.790446062,474961.5630000008
test-output/timing-methods/20260908-171431/00-gptpair-ftm,gptpair:ftm,0,9.790414125,474961.31199999957
test-output/timing-methods/20260908-171431/00-gptpair-ftm,gptpair:ftm,0,10.790382188,474961.0620000002
test-output/timing-methods/20260908-171431/00-gptpair-ftm,gptpair:ftm,0,11.790350312,474961.7500000003
test-output/timing-methods/20260908-171431/00-gptpair-ftm,gptpair:ftm,0,12.790318375,474960.4999999999
test-output/timing-methods/20260908-171431/00-gptpair-ftm,gptpair:ftm,0,13.790286438,474961.31199999957
test-output/timing-methods/20260908-171431/00-gptpair-ftm,gptpair:ftm,0,14.7902545,474960.0630000011
test-output/timing-methods/20260908-171431/00-gptpair-ftm,gptpair:ftm,0,15.790222563,474961.8120000001
test-output/timing-methods/20260908-171431/00-gptpair-ftm,gptpair:ftm,0,16.790190625,474961.56299999723
test-output/timing-methods/20260908-171431/00-gptpair-ftm,gptpair:ftm,0,17.790173437,474946.5629999996
test-output/timing-methods/20260908-171431/00-gptpair-ftm,gptpair:ftm,0,18.79012675,474961.062000002
test-output/timing-methods/20260908-171431/00-gptpair-ftm,gptpair:ftm,0,19.790094812,474961.8130000002
test-output/timing-methods/20260908-171431/00-gptpair-ftm,gptpair:ftm,0,20.790062875,474961.56200000073
test-output/timing-methods/20260908-171431/00-gptpair-ftm,gptpair:ftm,0,21.790030937,474961.31299999787
test-output/timing-methods/20260908-171431/00-gptpair-ftm,gptpair:ftm,0,22.789999,474960.06299999746
test-output/timing-methods/20260908-171431/00-gptpair-ftm,gptpair:ftm,0,23.789967063,474961.749000002
test-output/timing-methods/20260908-171431/00-gptpair-ftm,gptpair:ftm,0,24.7899505,474946.18700000044
test-output/timing-methods/20260908-171431/00-gptpair-ftm,gptpair:ftm,0,25.789903125,474970.5000000013
test-output/timing-methods/20260908-171431/00-gptpair-ftm,gptpair:ftm,0,26.789871188,474960.06200000097
test-output/timing-methods/20260908-171431/00-gptpair-ftm,gptpair:ftm,0,27.78983925,474961.8120000001
test-output/timing-methods/20260908-171431/00-gptpair-ftm,gptpair:ftm,0,28.78980625,474962.5629999983
test-output/timing-methods/20260908-171431/00-gptpair-ftm,gptpair:ftm,0,29.789775313,474960.3120000003
test-output/timing-methods/20260908-171431/00-gptpair-ftm,gptpair:ftm,0,30.789743375,474961.0629999985
test-output/timing-methods/20260908-171431/00-gptpair-ftm,gptpair:ftm,0,31.789711375,474961.81300000375
test-output/timing-methods/20260908-171431/00-gptpair-ftm,gptpair:ftm,0,32.789679437,474961.5630000008
test-output/timing-methods/20260908-171431/00-gptpair-ftm,gptpair:ftm,0,33.789647438,474960.3120000003
test-output/timing-methods/20260908-171431/00-gptpair-ftm,gptpair:ftm,0,34.7896155,474960.0000000029
test-output/timing-methods/20260908-171431/00-gptpair-ftm,gptpair:ftm,0,35.789582563,474962.7489999995
test-output/timing-methods/20260908-171431/00-gptpair-ftm,gptpair:ftm,0,36.789551563,474960.4999999946
test-output/timing-methods/20260908-171431/00-gptpair-ftm,gptpair:ftm,0,37.789519562,474961.24999999977
test-output/timing-methods/20260908-171431/00-gptpair-ftm,gptpair:ftm,0,38.789486625,474961.93799999985
test-output/timing-methods/20260908-171431/00-gptpair-ftm,gptpair:ftm,0,39.789454625,474961.6880000005
test-output/timing-methods/20260908-171431/00-gptpair-ftm,gptpair:ftm,0,40.789423625,474960.43700000003
test-output/timing-methods/20260908-171431/00-gptpair-ftm,gptpair:ftm,0,41.789391688,474960.1249999955
test-output/timing-methods/20260908-171431/00-gptpair-ftm,gptpair:ftm,0,42.789359688,474961.8750000053
test-output/timing-methods/20260908-171431/00-gptpair-ftm,gptpair:ftm,0,43.789327687,474960.62500000134
test-output/timing-methods/20260908-171431/00-gptpair-ftm,gptpair:ftm,0,44.78929475,474962.3129999989
test-output/timing-methods/20260908-171431/00-gptpair-ftm,gptpair:ftm,0,45.78926375,474960.9999999933
test-output/timing-methods/20260908-171431/00-gptpair-ftm,gptpair:ftm,0,46.78923175,474961.74999999854
test-output/timing-methods/20260908-171431/00-gptpair-ftm,gptpair:ftm,0,47.78919975,474961.4999999991
test-output/timing-methods/20260908-171431/00-gptpair-ftm,gptpair:ftm,0,48.78916775,474960.1870000006
test-output/timing-methods/20260908-171431/00-gptpair-ftm,gptpair:ftm,0,49.789135812,474960.8130000027
test-output/timing-methods/20260908-171431/00-gptpair-ftm,gptpair:ftm,0,50.789103813,474975.24999999994
test-output/timing-methods/20260908-171431/00-gptpair-ftm,gptpair:ftm,0,51.789071812,474961.24999999977
test-output/timing-methods/20260908-171431/00-gptpair-ftm,gptpair:ftm,0,52.789038813,474962.000000005
test-output/timing-methods/20260908-171431/00-gptpair-ftm,gptpair:ftm,0,53.789007813,474960.6869999994
test-output/timing-methods/20260908-171431/00-gptpair-ftm,gptpair:ftm,0,54.788975812,474961.43800000113
test-output/timing-methods/20260908-171431/00-gptpair-ftm,gptpair:ftm,0,55.788943813,474960.12399999896
test-output/timing-methods/20260908-171431/00-gptpair-ftm,gptpair:ftm,0,56.788910812,474961.8130000002
test-output/timing-methods/20260908-171431/00-gptpair-ftm,gptpair:ftm,0,57.788878813,474962.49900000007
test-output/timing-methods/20260908-171431/00-gptpair-ftm,gptpair:ftm,0,58.788847813,474961.24999999977
test-output/timing-methods/20260908-171431/00-gptpair-ftm,gptpair:ftm,1,0.790700437,474961.563
test-output/timing-methods/20260908-171431/00-gptpair-ftm,gptpair:ftm,1,1.790669562,474960.1880000001
test-output/timing-methods/20260908-171431/00-gptpair-ftm,gptpair:ftm,1,2.790637438,474961.06199999974
test-output/timing-methods/20260908-171431/00-gptpair-ftm,gptpair:ftm,1,3.790605687,474961.6250000002
test-output/timing-methods/20260908-171431/00-gptpair-ftm,gptpair:ftm,1,4.79057375,474961.31199999957
test-output/timing-methods/20260908-171431/00-gptpair-ftm,gptpair:ftm,1,5.790541875,474961.0000000004
test-output/timing-methods/20260908-171431/00-gptpair-ftm,gptpair:ftm,1,6.790509937,474959.6879999993
test-output/timing-methods/20260908-171431/00-gptpair-ftm,gptpair:ftm,1,7.790478,474961.3749999995
test-output/timing-methods/20260908-171431/00-gptpair-ftm,gptpair:ftm,1,8.790446062,474960.0630000011
test-output/timing-methods/20260908-171431/00-gptpair-ftm,gptpair:ftm,1,9.790414125,474960.74999999924
test-output/timing-methods/20260908-171431/00-gptpair-ftm,gptpair:ftm,1,10.790382188,474961.3749999995
test-output/timing-methods/20260908-171431/00-gptpair-ftm,gptpair:ftm,1,11.790350312,474961.1250000001
test-output/timing-methods/20260908-171431/00-gptpair-ftm,gptpair:ftm,1,12.790318375,474960.81200000085
test-output/timing-methods/20260908-171431/00-gptpair-ftm,gptpair:ftm,1,13.790286438,474961.4989999991
test-output/timing-methods/20260908-171431/00-gptpair-ftm,gptpair:ftm,1,14.7902545,474961.24999999977
test-output/timing-methods/20260908-171431/00-gptpair-ftm,gptpair:ftm,1,15.790222563,474960.9990000003
test-output/timing-methods/20260908-171431/00-gptpair-ftm,gptpair:ftm,1,16.790190625,474961.62499999884
test-output/timing-methods/20260908-171431/00-gptpair-ftm,gptpair:ftm,1,17.790173437,474946.5629999996
test-output/timing-methods/20260908-171431/00-gptpair-ftm,gptpair:ftm,1,18.79012675,474961.0000000004
test-output/timing-methods/20260908-171431/00-gptpair-ftm,gptpair:ftm,1,19.790094812,474960.8750000007
test-output/timing-methods/20260908-171431/00-gptpair-ftm,gptpair:ftm,1,20.790062875,474961.3749999995
test-output/timing-methods/20260908-171431/00-gptpair-ftm,gptpair:ftm,1,21.790030937,474961.0629999985
test-output/timing-methods/20260908-171431/00-gptpair-ftm,gptpair:ftm,1,22.789999,474960.6869999994
test-output/timing-methods/20260908-171431/00-gptpair-ftm,gptpair:ftm,1,23.789967063,474960.37400000193
test-output/timing-methods/20260908-171431/00-gptpair-ftm,gptpair:ftm,1,24.7899505,474944.6870000007
test-output/timing-methods/20260908-171431/00-gptpair-ftm,gptpair:ftm,1,25.789903125,474960.8120000026
test-output/timing-methods/20260908-171431/00-gptpair-ftm,gptpair:ftm,1,26.789871188,474961.437000001
test-output/timing-methods/20260908-171431/00-gptpair-ftm,gptpair:ftm,1,27.78983925,474961.1250000001
test-output/timing-methods/20260908-171431/00-gptpair-ftm,gptpair:ftm,1,28.78980625,474961.8749999982
test-output/timing-methods/20260908-171431/00-gptpair-ftm,gptpair:ftm,1,29.789775313,474961.56200000073
test-output/timing-methods/20260908-171431/00-gptpair-ftm,gptpair:ftm,1,30.789743375,474960.1870000006
test-output/timing-methods/20260908-171431/00-gptpair-ftm,gptpair:ftm,1,31.789711375,474960.9370000023
test-output/timing-methods/20260908-171431/00-gptpair-ftm,gptpair:ftm,1,32.789679437,474961.5630000008
test-output/timing-methods/20260908-171431/00-gptpair-ftm,gptpair:ftm,1,33.789647438,474961.24999999977
test-output/timing-methods/20260908-171431/00-gptpair-ftm,gptpair:ftm,1,34.7896155,474960.93700000586
test-output/timing-methods/20260908-171431/00-gptpair-ftm,gptpair:ftm,1,35.789582563,474962.5619999946
test-output/timing-methods/20260908-171431/00-gptpair-ftm,gptpair:ftm,1,36.789551563,474961.3119999978
test-output/timing-methods/20260908-171431/00-gptpair-ftm,gptpair:ftm,1,37.789519562,474961.0000000004
test-output/timing-methods/20260908-171431/00-gptpair-ftm,gptpair:ftm,1,38.789486625,474961.62499999884
test-output/timing-methods/20260908-171431/00-gptpair-ftm,gptpair:ftm,1,39.789454625,474961.3749999995
test-output/timing-methods/20260908-171431/00-gptpair-ftm,gptpair:ftm,1,40.789423625,474961.06200000556
test-output/timing-methods/20260908-171431/00-gptpair-ftm,gptpair:ftm,1,41.789391688,474960.6869999994
test-output/timing-methods/20260908-171431/00-gptpair-ftm,gptpair:ftm,1,42.789359688,474961.3749999995
test-output/timing-methods/20260908-171431/00-gptpair-ftm,gptpair:ftm,1,43.789327687,474961.06300000206
test-output/timing-methods/20260908-171431/00-gptpair-ftm,gptpair:ftm,1,44.78929475,474961.6879999934
test-output/timing-methods/20260908-171431/00-gptpair-ftm,gptpair:ftm,1,45.78926375,474961.3749999995
test-output/timing-methods/20260908-171431/00-gptpair-ftm,gptpair:ftm,1,46.78923175,474961.1250000001
test-output/timing-methods/20260908-171431/00-gptpair-ftm,gptpair:ftm,1,47.78919975,474960.75000000105
test-output/timing-methods/20260908-171431/00-gptpair-ftm,gptpair:ftm,1,48.78916775,474961.4370000046
test-output/timing-methods/20260908-171431/00-gptpair-ftm,gptpair:ftm,1,49.789135812,474961.06300000206
test-output/timing-methods/20260908-171431/00-gptpair-ftm,gptpair:ftm,1,50.789103813,474960.75000000105
test-output/timing-methods/20260908-171431/00-gptpair-ftm,gptpair:ftm,1,51.789071812,474961.437999994
test-output/timing-methods/20260908-171431/00-gptpair-ftm,gptpair:ftm,1,52.789038813,474962.12500000466
test-output/timing-methods/20260908-171431/00-gptpair-ftm,gptpair:ftm,1,53.789007813,474960.81199999904
test-output/timing-methods/20260908-171431/00-gptpair-ftm,gptpair:ftm,1,54.788975812,474961.5000000062
test-output/timing-methods/20260908-171431/00-gptpair-ftm,gptpair:ftm,1,55.788943813,474961.1250000001
test-output/timing-methods/20260908-171431/00-gptpair-ftm,gptpair:ftm,1,56.788910812,474961.8130000002
test-output/timing-methods/20260908-171431/00-gptpair-ftm,gptpair:ftm,1,57.788878813,474962.49900000007
test-output/timing-methods/20260908-171431/00-gptpair-ftm,gptpair:ftm,1,58.788847813,474962.9370000008
test-output/timing-methods/20260908-171431/00-gptpair-ftm,gptpair:ftm,3,0.790700437,474961.8130000001
test-output/timing-methods/20260908-171431/00-gptpair-ftm,gptpair:ftm,3,1.790669562,474960.43799999985
test-output/timing-methods/20260908-171431/00-gptpair-ftm,gptpair:ftm,3,2.790637438,474961.31200000003
test-output/timing-methods/20260908-171431/00-gptpair-ftm,gptpair:ftm,3,3.790605687,474960.7509999998
test-output/timing-methods/20260908-171431/00-gptpair-ftm,gptpair:ftm,3,4.79057375,474960.813
test-output/timing-methods/20260908-171431/00-gptpair-ftm,gptpair:ftm,3,5.790541875,474960.12499999994
test-output/timing-methods/20260908-171431/00-gptpair-ftm,gptpair:ftm,3,6.790509937,474960.813
test-output/timing-methods/20260908-171431/00-gptpair-ftm,gptpair:ftm,3,7.790478,474960.4999999999
test-output/timing-methods/20260908-171431/00-gptpair-ftm,gptpair:ftm,3,8.790446062,474961.18800000177
test-output/timing-methods/20260908-171431/00-gptpair-ftm,gptpair:ftm,3,9.790414125,474960.8750000007
test-output/timing-methods/20260908-171431/00-gptpair-ftm,gptpair:ftm,3,10.790382188,474959.5619999987
test-output/timing-methods/20260908-171431/00-gptpair-ftm,gptpair:ftm,3,11.790350312,474961.18799999997
test-output/timing-methods/20260908-171431/00-gptpair-ftm,gptpair:ftm,3,12.790318375,474960.8750000007
test-output/timing-methods/20260908-171431/00-gptpair-ftm,gptpair:ftm,3,13.790286438,474959.4989999988
test-output/timing-methods/20260908-171431/00-gptpair-ftm,gptpair:ftm,3,14.7902545,474961.1869999999
test-output/timing-methods/20260908-171431/00-gptpair-ftm,gptpair:ftm,3,15.790222563,474959.93700000126
test-output/timing-methods/20260908-171431/00-gptpair-ftm,gptpair:ftm,3,16.790190625,474960.5619999997
test-output/timing-methods/20260908-171431/00-gptpair-ftm,gptpair:ftm,3,17.790173437,474946.5000000015
test-output/timing-methods/20260908-171431/00-gptpair-ftm,gptpair:ftm,3,18.79012675,474960.9370000023
test-output/timing-methods/20260908-171431/00-gptpair-ftm,gptpair:ftm,3,19.790094812,474959.6260000004
test-output/timing-methods/20260908-171431/00-gptpair-ftm,gptpair:ftm,3,20.790062875,474960.3120000003
test-output/timing-methods/20260908-171431/00-gptpair-ftm,gptpair:ftm,3,21.790030937,474959.99999999936
test-output/timing-methods/20260908-171431/00-gptpair-ftm,gptpair:ftm,3,22.789999,474959.68699999835
test-output/timing-methods/20260908-171431/00-gptpair-ftm,gptpair:ftm,3,23.789967063,474961.3749999995
test-output/timing-methods/20260908-171431/00-gptpair-ftm,gptpair:ftm,3,24.7899505,474945.6250000002
test-output/timing-methods/20260908-171431/00-gptpair-ftm,gptpair:ftm,3,25.789903125,474974.43800000026
test-output/timing-methods/20260908-171431/00-gptpair-ftm,gptpair:ftm,3,26.789871188,474960.43700000003
test-output/timing-methods/20260908-171431/00-gptpair-ftm,gptpair:ftm,3,27.78983925,474961.1250000001
test-output/timing-methods/20260908-171431/00-gptpair-ftm,gptpair:ftm,3,28.78980625,474961.8749999982
test-output/timing-methods/20260908-171431/00-gptpair-ftm,gptpair:ftm,3,29.789775313,474960.4990000016
test-output/timing-methods/20260908-171431/00-gptpair-ftm,gptpair:ftm,3,30.789743375,474961.1879999982
test-output/timing-methods/20260908-171431/00-gptpair-ftm,gptpair:ftm,3,31.789711375,474960.9370000023
test-output/timing-methods/20260908-171431/00-gptpair-ftm,gptpair:ftm,3,32.789679437,474960.56300000334
test-output/timing-methods/20260908-171431/00-gptpair-ftm,gptpair:ftm,3,33.789647438,474961.3119999978
test-output/timing-methods/20260908-171431/00-gptpair-ftm,gptpair:ftm,3,34.7896155,474960.0000000029
test-output/timing-methods/20260908-171431/00-gptpair-ftm,gptpair:ftm,3,35.789582563,474961.68699999683
test-output/timing-methods/20260908-171431/00-gptpair-ftm,gptpair:ftm,3,36.789551563,474960.3739999984
test-output/timing-methods/20260908-171431/00-gptpair-ftm,gptpair:ftm,3,37.789519562,474961.1250000001
test-output/timing-methods/20260908-171431/00-gptpair-ftm,gptpair:ftm,3,38.789486625,474960.8129999956
test-output/timing-methods/20260908-171431/00-gptpair-ftm,gptpair:ftm,3,39.789454625,474961.4999999991
test-output/timing-methods/20260908-171431/00-gptpair-ftm,gptpair:ftm,3,40.789423625,474961.24999999977
test-output/timing-methods/20260908-171431/00-gptpair-ftm,gptpair:ftm,3,41.789391688,474960.8750000007
test-output/timing-methods/20260908-171431/00-gptpair-ftm,gptpair:ftm,3,42.789359688,474960.62400000484
test-output/timing-methods/20260908-171431/00-gptpair-ftm,gptpair:ftm,3,43.789327687,474961.3750000066
test-output/timing-methods/20260908-171431/00-gptpair-ftm,gptpair:ftm,3,44.78929475,474961.9999999979
test-output/timing-methods/20260908-171431/00-gptpair-ftm,gptpair:ftm,3,45.78926375,474960.74999999395
test-output/timing-methods/20260908-171431/00-gptpair-ftm,gptpair:ftm,3,46.78923175,474960.43800000363
test-output/timing-methods/20260908-171431/00-gptpair-ftm,gptpair:ftm,3,47.78919975,474960.1870000006
test-output/timing-methods/20260908-171431/00-gptpair-ftm,gptpair:ftm,3,48.78916775,474960.93700000586
test-output/timing-methods/20260908-171431/00-gptpair-ftm,gptpair:ftm,3,49.789135812,474960.56300000334
test-output/timing-methods/20260908-171431/00-gptpair-ftm,gptpair:ftm,3,50.789103813,474961.3120000049
test-output/timing-methods/20260908-171431/00-gptpair-ftm,gptpair:ftm,3,51.789071812,474961.0000000004
test-output/timing-methods/20260908-171431/00-gptpair-ftm,gptpair:ftm,3,52.789038813,474960.7490000045
test-output/timing-methods/20260908-171431/00-gptpair-ftm,gptpair:ftm,3,53.789007813,474961.5620000043
test-output/timing-methods/20260908-171431/00-gptpair-ftm,gptpair:ftm,3,54.788975812,474961.18800000177
test-output/timing-methods/20260908-171431/00-gptpair-ftm,gptpair:ftm,3,55.788943813,474960.8749999936
test-output/timing-methods/20260908-171431/00-gptpair-ftm,gptpair:ftm,3,56.788910812,474960.626000005
test-output/timing-methods/20260908-171431/00-gptpair-ftm,gptpair:ftm,3,57.788878813,474962.31200000236
test-output/timing-methods/20260908-171431/00-gptpair-ftm,gptpair:ftm,3,58.788847813,474961.0000000004
test-output/timing-methods/20260908-171431/00-high-ftm,high:ftm,0,0.88313375,474961.06299999985
test-output/timing-methods/20260908-171431/00-high-ftm,high:ftm,0,1.883101875,474960.5630000002
test-output/timing-methods/20260908-171431/00-high-ftm,high:ftm,0,2.88307025,474960.18800000026
test-output/timing-methods/20260908-171431/00-high-ftm,high:ftm,0,3.883038187,474961.4379999998
test-output/timing-methods/20260908-171431/00-high-ftm,high:ftm,0,4.883006563,474960.74900000007
test-output/timing-methods/20260908-171431/00-high-ftm,high:ftm,0,5.882974687,474960.24999999965
test-output/timing-methods/20260908-171431/00-high-ftm,high:ftm,0,6.882942625,474960.3120000003
test-output/timing-methods/20260908-171431/00-high-ftm,high:ftm,0,7.88291075,474960.7500000002
test-output/timing-methods/20260908-171431/00-high-ftm,high:ftm,0,8.882878937,474960.0630000011
test-output/timing-methods/20260908-171431/00-high-ftm,high:ftm,0,9.882847062,474960.37500000023
test-output/timing-methods/20260908-171431/00-high-ftm,high:ftm,0,10.882815188,474961.9989999996
test-output/timing-methods/20260908-171431/00-high-ftm,high:ftm,0,11.8827835,474960.31300000043
test-output/timing-methods/20260908-171431/00-high-ftm,high:ftm,0,12.882751688,474959.8749999997
test-output/timing-methods/20260908-171431/00-high-ftm,high:ftm,0,13.882719625,474962.4380000004
test-output/timing-methods/20260908-171431/00-high-ftm,high:ftm,0,14.88268775,474961.3749999995
test-output/timing-methods/20260908-171431/00-high-ftm,high:ftm,0,15.882656063,474960.49899999984
test-output/timing-methods/20260908-171431/00-high-ftm,high:ftm,0,16.88262425,474959.8120000016
test-output/timing-methods/20260908-171431/00-high-ftm,high:ftm,0,17.882592125,474960.5000000017
test-output/timing-methods/20260908-171431/00-high-ftm,high:ftm,0,18.8825605,474960.68799999944
test-output/timing-methods/20260908-171431/00-high-ftm,high:ftm,0,19.882528375,474959.8120000016
test-output/timing-methods/20260908-171431/00-high-ftm,high:ftm,0,20.882516875,474950.8750000011
test-output/timing-methods/20260908-171431/00-high-ftm,high:ftm,0,21.882464625,474960.49999999814
test-output/timing-methods/20260908-171431/00-high-ftm,high:ftm,0,22.88243275,474960.2499999988
test-output/timing-methods/20260908-171431/00-high-ftm,high:ftm,0,23.882401125,474960.2499999988
test-output/timing-methods/20260908-171431/00-high-ftm,high:ftm,0,24.882369125,474961.62499999884
test-output/timing-methods/20260908-171431/00-high-ftm,high:ftm,0,25.882337125,474960.31300000043
test-output/timing-methods/20260908-171431/00-high-ftm,high:ftm,0,26.882305125,474961.0000000004
test-output/timing-methods/20260908-171431/00-high-ftm,high:ftm,0,27.882273375,474960.43700000003
test-output/timing-methods/20260908-171431/00-high-ftm,high:ftm,0,28.882241687,474960.6259999979
test-output/timing-methods/20260908-171431/00-high-ftm,high:ftm,0,29.88220875,474961.4999999991
test-output/timing-methods/20260908-171431/00-high-ftm,high:ftm,0,30.882177688,474961.062000002
test-output/timing-methods/20260908-171431/00-high-ftm,high:ftm,0,31.882146062,474960.1880000007
test-output/timing-methods/20260908-171431/00-high-ftm,high:ftm,0,32.882113938,474961.68699999683
test-output/timing-methods/20260908-171431/00-high-ftm,high:ftm,0,33.882082313,474970.12499999866
test-output/timing-methods/20260908-171431/00-high-ftm,high:ftm,0,34.882050187,474960.7510000047
test-output/timing-methods/20260908-171431/00-high-ftm,high:ftm,0,35.882017625,474961.3749999995
test-output/timing-methods/20260908-171431/00-high-ftm,high:ftm,0,36.881986375,474959.93700000126
test-output/timing-methods/20260908-171431/00-high-ftm,high:ftm,0,37.881954687,474960.37600000564
test-output/timing-methods/20260908-171431/00-high-ftm,high:ftm,0,38.881922625,474960.06200000097
test-output/timing-methods/20260908-171431/00-high-ftm,high:ftm,0,39.881890687,474960.56299999624
test-output/timing-methods/20260908-171431/00-high-ftm,high:ftm,0,40.881858937,474960.8130000027
test-output/timing-methods/20260908-171431/00-high-ftm,high:ftm,0,41.881826875,474960.3120000003
test-output/timing-methods/20260908-171431/00-high-ftm,high:ftm,0,42.88179525,474959.87499999616
test-output/timing-methods/20260908-171431/00-high-ftm,high:ftm,0,43.881762875,474960.56300000334
test-output/timing-methods/20260908-171431/00-high-ftm,high:ftm,0,44.881731313,474961.68699999683
test-output/timing-methods/20260908-171431/00-high-ftm,high:ftm,0,45.8816995,474960.93699999875
test-output/timing-methods/20260908-171431/00-high-ftm,high:ftm,0,46.881667625,474959.6250000039
test-output/timing-methods/20260908-171431/00-high-ftm,high:ftm,0,47.881635688,474962.0619999959
test-output/timing-methods/20260908-171431/00-high-ftm,high:ftm,0,48.881603813,474961.3749999995
test-output/timing-methods/20260908-171431/00-high-ftm,high:ftm,0,49.881571875,474960.93699999875
test-output/timing-methods/20260908-171431/00-high-ftm,high:ftm,0,50.88153975,474961.8130000002
test-output/timing-methods/20260908-171431/00-high-ftm,high:ftm,0,51.881507875,474960.3120000003
test-output/timing-methods/20260908-171431/00-high-ftm,high:ftm,0,52.881476187,474961.3750000066
test-output/timing-methods/20260908-171431/00-high-ftm,high:ftm,0,53.881444063,474961.3749999995
test-output/timing-methods/20260908-171431/00-high-ftm,high:ftm,0,54.881412375,474960.5000000017
test-output/timing-methods/20260908-171431/00-high-ftm,high:ftm,0,55.881380312,474961.1250000001
test-output/timing-methods/20260908-171431/00-high-ftm,high:ftm,0,56.881348563,474959.6869999948
test-output/timing-methods/20260908-171431/00-high-ftm,high:ftm,0,57.881316625,474961.6880000005
test-output/timing-methods/20260908-171431/00-high-ftm,high:ftm,0,58.8812845,474961.8749999982
test-output/timing-methods/20260908-171431/00-high-ftm,high:ftm,1,0.88313375,474967.56299999985
test-output/timing-methods/20260908-171431/00-high-ftm,high:ftm,1,1.883101875,474960.99999999994
test-output/timing-methods/20260908-171431/00-high-ftm,high:ftm,1,2.88307025,474975.50000000023
test-output/timing-methods/20260908-171431/00-high-ftm,high:ftm,1,3.883038187,474979.4379999996
test-output/timing-methods/20260908-171431/00-high-ftm,high:ftm,1,4.883006563,474960.5619999997
test-output/timing-methods/20260908-171431/00-high-ftm,high:ftm,1,5.882974687,474961.18799999997
test-output/timing-methods/20260908-171431/00-high-ftm,high:ftm,1,6.882942625,474961.1250000001
test-output/timing-methods/20260908-171431/00-high-ftm,high:ftm,1,7.88291075,474960.9369999996
test-output/timing-methods/20260908-171431/00-high-ftm,high:ftm,1,8.882878937,474959.75
test-output/timing-methods/20260908-171431/00-high-ftm,high:ftm,1,9.882847062,474960.6249999996
test-output/timing-methods/20260908-171431/00-high-ftm,high:ftm,1,10.882815188,474960.12399999896
test-output/timing-methods/20260908-171431/00-high-ftm,high:ftm,1,11.8827835,474960.5629999998
test-output/timing-methods/20260908-171431/00-high-ftm,high:ftm,1,12.882751688,474961.99999999965
test-output/timing-methods/20260908-171431/00-high-ftm,high:ftm,1,13.882719625,474961.0630000003
test-output/timing-methods/20260908-171431/00-high-ftm,high:ftm,1,14.88268775,474961.0630000003
test-output/timing-methods/20260908-171431/00-high-ftm,high:ftm,1,15.882656063,474960.3740000001
test-output/timing-methods/20260908-171431/00-high-ftm,high:ftm,1,16.88262425,474960.9370000023
test-output/timing-methods/20260908-171431/00-high-ftm,high:ftm,1,17.882592125,474960.9370000023
test-output/timing-methods/20260908-171431/00-high-ftm,high:ftm,1,18.8825605,474960.43700000003
test-output/timing-methods/20260908-171431/00-high-ftm,high:ftm,1,19.882528375,474961.4999999991
test-output/timing-methods/20260908-171431/00-high-ftm,high:ftm,1,20.882516875,474940.8749999979
test-output/timing-methods/20260908-171431/00-high-ftm,high:ftm,1,21.882464625,474961.0000000004
test-output/timing-methods/20260908-171431/00-high-ftm,high:ftm,1,22.88243275,474961.7500000021
test-output/timing-methods/20260908-171431/00-high-ftm,high:ftm,1,23.882401125,474959.99999999936
test-output/timing-methods/20260908-171431/00-high-ftm,high:ftm,1,24.882369125,474960.06200000097
test-output/timing-methods/20260908-171431/00-high-ftm,high:ftm,1,25.882337125,474960.5629999998
test-output/timing-methods/20260908-171431/00-high-ftm,high:ftm,1,26.882305125,474962.1870000027
test-output/timing-methods/20260908-171431/00-high-ftm,high:ftm,1,27.882273375,474960.8750000007
test-output/timing-methods/20260908-171431/00-high-ftm,high:ftm,1,28.882241687,474960.4380000001
test-output/timing-methods/20260908-171431/00-high-ftm,high:ftm,1,29.88220875,474962.3129999989
test-output/timing-methods/20260908-171431/00-high-ftm,high:ftm,1,30.882177688,474960.1870000006
test-output/timing-methods/20260908-171431/00-high-ftm,high:ftm,1,31.882146062,474960.50100000174
test-output/timing-methods/20260908-171431/00-high-ftm,high:ftm,1,32.882113938,474960.6869999994
test-output/timing-methods/20260908-171431/00-high-ftm,high:ftm,1,33.882082313,474961.68700000393
test-output/timing-methods/20260908-171431/00-high-ftm,high:ftm,1,34.882050187,474959.9380000049
test-output/timing-methods/20260908-171431/00-high-ftm,high:ftm,1,35.882017625,474961.18799999467
test-output/timing-methods/20260908-171431/00-high-ftm,high:ftm,1,36.881986375,474962.000000005
test-output/timing-methods/20260908-171431/00-high-ftm,high:ftm,1,37.881954687,474960.0630000046
test-output/timing-methods/20260908-171431/00-high-ftm,high:ftm,1,38.881922625,474960.62500000134
test-output/timing-methods/20260908-171431/00-high-ftm,high:ftm,1,39.881890687,474960.62500000134
test-output/timing-methods/20260908-171431/00-high-ftm,high:ftm,1,40.881858937,474961.6880000005
test-output/timing-methods/20260908-171431/00-high-ftm,high:ftm,1,41.881826875,474961.62499999884
test-output/timing-methods/20260908-171431/00-high-ftm,high:ftm,1,42.88179525,474976.12499999773
test-output/timing-methods/20260908-171431/00-high-ftm,high:ftm,1,43.881762875,474962.1870000027
test-output/timing-methods/20260908-171431/00-high-ftm,high:ftm,1,44.881731313,474963.4999999941
test-output/timing-methods/20260908-171431/00-high-ftm,high:ftm,1,45.8816995,474962.1879999992
test-output/timing-methods/20260908-171431/00-high-ftm,high:ftm,1,46.881667625,474965.938000004
test-output/timing-methods/20260908-171431/00-high-ftm,high:ftm,1,47.881635688,474984.12399999524
test-output/timing-methods/20260908-171431/00-high-ftm,high:ftm,1,48.881603813,474959.6250000039
test-output/timing-methods/20260908-171431/00-high-ftm,high:ftm,1,49.881571875,474961.3749999995
test-output/timing-methods/20260908-171431/00-high-ftm,high:ftm,1,50.88153975,474960.43700000003
test-output/timing-methods/20260908-171431/00-high-ftm,high:ftm,1,51.881507875,474960.81200000615
test-output/timing-methods/20260908-171431/00-high-ftm,high:ftm,1,52.881476187,474961.43800000113
test-output/timing-methods/20260908-171431/00-high-ftm,high:ftm,1,53.881444063,474961.99899999425
test-output/timing-methods/20260908-171431/00-high-ftm,high:ftm,1,54.881412375,474960.8750000007
test-output/timing-methods/20260908-171431/00-high-ftm,high:ftm,1,55.881380312,474959.9380000049
test-output/timing-methods/20260908-171431/00-high-ftm,high:ftm,1,56.881348563,474960.1869999935
test-output/timing-methods/20260908-171431/00-high-ftm,high:ftm,1,57.881316625,474961.62500000594
test-output/timing-methods/20260908-171431/00-high-ftm,high:ftm,1,58.8812845,474960.75000000105
test-output/timing-methods/20260908-171431/00-high-ftm,high:ftm,3,0.88313375,474961.1869999999
test-output/timing-methods/20260908-171431/00-high-ftm,high:ftm,3,1.883101875,474961.43800000026
test-output/timing-methods/20260908-171431/00-high-ftm,high:ftm,3,2.88307025,474960.625
test-output/timing-methods/20260908-171431/00-high-ftm,high:ftm,3,3.883038187,474960.6879999999
test-output/timing-methods/20260908-171431/00-high-ftm,high:ftm,3,4.883006563,474961.1249999992
test-output/timing-methods/20260908-171431/00-high-ftm,high:ftm,3,5.882974687,474961.0010000005
test-output/timing-methods/20260908-171431/00-high-ftm,high:ftm,3,6.882942625,474961.43800000026
test-output/timing-methods/20260908-171431/00-high-ftm,high:ftm,3,7.88291075,474961.31300000055
test-output/timing-methods/20260908-171431/00-high-ftm,high:ftm,3,8.882878937,474961.0630000003
test-output/timing-methods/20260908-171431/00-high-ftm,high:ftm,3,9.882847062,474961.7510000004
test-output/timing-methods/20260908-171431/00-high-ftm,high:ftm,3,10.882815188,474961.62400000053
test-output/timing-methods/20260908-171431/00-high-ftm,high:ftm,3,11.8827835,474961.24999999977
test-output/timing-methods/20260908-171431/00-high-ftm,high:ftm,3,12.882751688,474961.4989999991
test-output/timing-methods/20260908-171431/00-high-ftm,high:ftm,3,13.882719625,474961.0630000003
test-output/timing-methods/20260908-171431/00-high-ftm,high:ftm,3,14.88268775,474960.93699999875
test-output/timing-methods/20260908-171431/00-high-ftm,high:ftm,3,15.882656063,474961.8739999999
test-output/timing-methods/20260908-171431/00-high-ftm,high:ftm,3,16.88262425,474960.81299999915
test-output/timing-methods/20260908-171431/00-high-ftm,high:ftm,3,17.882592125,474960.8750000007
test-output/timing-methods/20260908-171431/00-high-ftm,high:ftm,3,18.8825605,474961.4999999991
test-output/timing-methods/20260908-171431/00-high-ftm,high:ftm,3,19.882528375,474960.93799999886
test-output/timing-methods/20260908-171431/00-high-ftm,high:ftm,3,20.882516875,474940.4370000008
test-output/timing-methods/20260908-171431/00-high-ftm,high:ftm,3,21.882464625,474961.9369999998
test-output/timing-methods/20260908-171431/00-high-ftm,high:ftm,3,22.88243275,474960.8750000007
test-output/timing-methods/20260908-171431/00-high-ftm,high:ftm,3,23.882401125,474960.87499999715
test-output/timing-methods/20260908-171431/00-high-ftm,high:ftm,3,24.882369125,474961.3120000014
test-output/timing-methods/20260908-171431/00-high-ftm,high:ftm,3,25.882337125,474961.6880000005
test-output/timing-methods/20260908-171431/00-high-ftm,high:ftm,3,26.882305125,474960.75000000105
test-output/timing-methods/20260908-171431/00-high-ftm,high:ftm,3,27.882273375,474960.8750000007
test-output/timing-methods/20260908-171431/00-high-ftm,high:ftm,3,28.882241687,474961.0629999985
test-output/timing-methods/20260908-171431/00-high-ftm,high:ftm,3,29.88220875,474961.8120000001
test-output/timing-methods/20260908-171431/00-high-ftm,high:ftm,3,30.882177688,474961.6870000004
test-output/timing-methods/20260908-171431/00-high-ftm,high:ftm,3,31.882146062,474961.2499999962
test-output/timing-methods/20260908-171431/00-high-ftm,high:ftm,3,32.882113938,474960.8749999936
test-output/timing-methods/20260908-171431/00-high-ftm,high:ftm,3,33.882082313,474979.9370000005
test-output/timing-methods/20260908-171431/00-high-ftm,high:ftm,3,34.882050187,474961.43800000113
test-output/timing-methods/20260908-171431/00-high-ftm,high:ftm,3,35.882017625,474962.3129999989
test-output/timing-methods/20260908-171431/00-high-ftm,high:ftm,3,36.881986375,474960.2500000023
test-output/timing-methods/20260908-171431/00-high-ftm,high:ftm,3,37.881954687,474961.1250000001
test-output/timing-methods/20260908-171431/00-high-ftm,high:ftm,3,38.881922625,474961.3749999995
test-output/timing-methods/20260908-171431/00-high-ftm,high:ftm,3,39.881890687,474961.43800000113
test-output/timing-methods/20260908-171431/00-high-ftm,high:ftm,3,40.881858937,474960.688000003
test-output/timing-methods/20260908-171431/00-high-ftm,high:ftm,3,41.881826875,474961.5630000008
test-output/timing-methods/20260908-171431/00-high-ftm,high:ftm,3,42.88179525,474961.1250000001
test-output/timing-methods/20260908-171431/00-high-ftm,high:ftm,3,43.881762875,474961.0000000004
test-output/timing-methods/20260908-171431/00-high-ftm,high:ftm,3,44.881731313,474961.3749999995
test-output/timing-methods/20260908-171431/00-high-ftm,high:ftm,3,45.8816995,474961.1250000001
test-output/timing-methods/20260908-171431/00-high-ftm,high:ftm,3,46.881667625,474960.5000000017
test-output/timing-methods/20260908-171431/00-high-ftm,high:ftm,3,47.881635688,474961.1869999981
test-output/timing-methods/20260908-171431/00-high-ftm,high:ftm,3,48.881603813,474960.7490000045
test-output/timing-methods/20260908-171431/00-high-ftm,high:ftm,3,49.881571875,474960.8750000007
test-output/timing-methods/20260908-171431/00-high-ftm,high:ftm,3,50.88153975,474961.8130000002
test-output/timing-methods/20260908-171431/00-high-ftm,high:ftm,3,51.881507875,474961.1870000052
test-output/timing-methods/20260908-171431/00-high-ftm,high:ftm,3,52.881476187,474960.8130000027
test-output/timing-methods/20260908-171431/00-high-ftm,high:ftm,3,53.881444063,474965.1239999935
test-output/timing-methods/20260908-171431/00-high-ftm,high:ftm,3,54.881412375,474961.3130000014
test-output/timing-methods/20260908-171431/00-high-ftm,high:ftm,3,55.881380312,474961.3130000014
test-output/timing-methods/20260908-171431/00-high-ftm,high:ftm,3,56.881348563,474961.81199999654
test-output/timing-methods/20260908-171431/00-high-ftm,high:ftm,3,57.881316625,474961.25000000687
test-output/timing-methods/20260908-171431/00-high-ftm,high:ftm,3,58.8812845,474961.3119999978
test-output/timing-methods/20260908-171431/00-mcpwm-ftm,mcpwm:ftm,0,0.000128,465227.81299999997
test-output/timing-methods/20260908-171431/00-mcpwm-ftm,mcpwm:ftm,0,0.990362625,474959.87500000006
test-output/timing-methods/20260908-171431/00-mcpwm-ftm,mcpwm:ftm,0,1.990330625,474959.562
test-output/timing-methods/20260908-171431/00-mcpwm-ftm,mcpwm:ftm,0,2.990298688,474959.24999999994
test-output/timing-methods/20260908-171431/00-mcpwm-ftm,mcpwm:ftm,0,3.990266688,474960.9369999996
test-output/timing-methods/20260908-171431/00-mcpwm-ftm,mcpwm:ftm,0,4.990234688,474960.6239999995
test-output/timing-methods/20260908-171431/00-mcpwm-ftm,mcpwm:ftm,0,5.990202688,474960.37500000023
test-output/timing-methods/20260908-171431/00-mcpwm-ftm,mcpwm:ftm,0,6.990169375,474963.12500000035
test-output/timing-methods/20260908-171431/00-mcpwm-ftm,mcpwm:ftm,0,7.99013875,474960.75000000105
test-output/timing-methods/20260908-171431/00-mcpwm-ftm,mcpwm:ftm,0,8.99010675,474959.436999999
test-output/timing-methods/20260908-171431/00-mcpwm-ftm,mcpwm:ftm,0,9.9900735,474962.37500000047
test-output/timing-methods/20260908-171431/00-mcpwm-ftm,mcpwm:ftm,0,10.990042813,474959.8119999998
test-output/timing-methods/20260908-171431/00-mcpwm-ftm,mcpwm:ftm,0,11.990010812,474959.50100000075
test-output/timing-methods/20260908-171431/00-mcpwm-ftm,mcpwm:ftm,0,12.989978813,474960.2489999987
test-output/timing-methods/20260908-171431/00-mcpwm-ftm,mcpwm:ftm,0,13.989946875,474960.8750000007
test-output/timing-methods/20260908-171431/00-mcpwm-ftm,mcpwm:ftm,0,14.989914875,474960.5619999997
test-output/timing-methods/20260908-171431/00-mcpwm-ftm,mcpwm:ftm,0,15.989882875,474959.3129999994
test-output/timing-methods/20260908-171431/00-mcpwm-ftm,mcpwm:ftm,0,16.989850938,474959.93700000126
test-output/timing-methods/20260908-171431/00-mcpwm-ftm,mcpwm:ftm,0,17.989818563,474961.06199999846
test-output/timing-methods/20260908-171431/00-mcpwm-ftm,mcpwm:ftm,0,18.989786937,474960.3749999984
test-output/timing-methods/20260908-171431/00-mcpwm-ftm,mcpwm:ftm,0,19.989755,474960.0000000029
test-output/timing-methods/20260908-171431/00-mcpwm-ftm,mcpwm:ftm,0,20.989723,474960.7499999975
test-output/timing-methods/20260908-171431/00-mcpwm-ftm,mcpwm:ftm,0,21.989691,474960.4380000001
test-output/timing-methods/20260908-171431/00-mcpwm-ftm,mcpwm:ftm,0,22.989659062,474961.0629999985
test-output/timing-methods/20260908-171431/00-mcpwm-ftm,mcpwm:ftm,0,23.989627062,474960.75000000105
test-output/timing-methods/20260908-171431/00-mcpwm-ftm,mcpwm:ftm,0,24.989595063,474959.49900000053
test-output/timing-methods/20260908-171431/00-mcpwm-ftm,mcpwm:ftm,0,25.989563063,474961.18700000166
test-output/timing-methods/20260908-171431/00-mcpwm-ftm,mcpwm:ftm,0,26.989531125,474960.81299999915
test-output/timing-methods/20260908-171431/00-mcpwm-ftm,mcpwm:ftm,0,27.989499125,474960.5000000017
test-output/timing-methods/20260908-171431/00-mcpwm-ftm,mcpwm:ftm,0,28.989467125,474961.1879999982
test-output/timing-methods/20260908-171431/00-mcpwm-ftm,mcpwm:ftm,0,29.989435187,474960.81299999915
test-output/timing-methods/20260908-171431/00-mcpwm-ftm,mcpwm:ftm,0,30.989403187,474959.50000000064
test-output/timing-methods/20260908-171431/00-mcpwm-ftm,mcpwm:ftm,0,31.989371188,474961.1869999981
test-output/timing-methods/20260908-171431/00-mcpwm-ftm,mcpwm:ftm,0,32.989339188,474960.8750000007
test-output/timing-methods/20260908-171431/00-mcpwm-ftm,mcpwm:ftm,0,33.989307188,474959.5000000042
test-output/timing-methods/20260908-171431/00-mcpwm-ftm,mcpwm:ftm,0,34.98927525,474961.1250000001
test-output/timing-methods/20260908-171431/00-mcpwm-ftm,mcpwm:ftm,0,35.98924325,474960.8129999956
test-output/timing-methods/20260908-171431/00-mcpwm-ftm,mcpwm:ftm,0,36.98921125,474960.5000000017
test-output/timing-methods/20260908-171431/00-mcpwm-ftm,mcpwm:ftm,0,37.98917925,474961.3119999978
test-output/timing-methods/20260908-171431/00-mcpwm-ftm,mcpwm:ftm,0,38.989146375,474960.6869999994
test-output/timing-methods/20260908-171431/00-mcpwm-ftm,mcpwm:ftm,0,39.989114312,474961.43800000113
test-output/timing-methods/20260908-171431/00-mcpwm-ftm,mcpwm:ftm,0,40.989083313,474960.06200000097
test-output/timing-methods/20260908-171431/00-mcpwm-ftm,mcpwm:ftm,0,41.989051313,474960.7490000045
test-output/timing-methods/20260908-171431/00-mcpwm-ftm,mcpwm:ftm,0,42.989019312,474960.43799999653
test-output/timing-methods/20260908-171431/00-mcpwm-ftm,mcpwm:ftm,0,43.988986688,474961.68700000393
test-output/timing-methods/20260908-171431/00-mcpwm-ftm,mcpwm:ftm,0,44.988954312,474961.75000000565
test-output/timing-methods/20260908-171431/00-mcpwm-ftm,mcpwm:ftm,0,45.988923312,474960.37600000564
test-output/timing-methods/20260908-171431/00-mcpwm-ftm,mcpwm:ftm,0,46.988891375,474959.9999999958
test-output/timing-methods/20260908-171431/00-mcpwm-ftm,mcpwm:ftm,0,47.988859375,474960.62500000134
test-output/timing-methods/20260908-171431/00-mcpwm-ftm,mcpwm:ftm,0,48.988827375,474960.3129999969
test-output/timing-methods/20260908-171431/00-mcpwm-ftm,mcpwm:ftm,0,49.988795375,474959.93700000126
test-output/timing-methods/20260908-171431/00-mcpwm-ftm,mcpwm:ftm,0,50.988763375,474960.5619999997
test-output/timing-methods/20260908-171431/00-mcpwm-ftm,mcpwm:ftm,0,51.988731375,474960.2500000023
test-output/timing-methods/20260908-171431/00-mcpwm-ftm,mcpwm:ftm,0,52.988699375,474960.8749999936
test-output/timing-methods/20260908-171431/00-mcpwm-ftm,mcpwm:ftm,0,53.988667375,474959.56299999874
test-output/timing-methods/20260908-171431/00-mcpwm-ftm,mcpwm:ftm,0,54.988635375,474960.1870000006
test-output/timing-methods/20260908-171431/00-mcpwm-ftm,mcpwm:ftm,0,55.988602375,474961.81200000364
test-output/timing-methods/20260908-171431/00-mcpwm-ftm,mcpwm:ftm,0,56.988571375,474960.43700000003
test-output/timing-methods/20260908-171431/00-mcpwm-ftm,mcpwm:ftm,0,57.988539375,474961.1250000001
test-output/timing-methods/20260908-171431/00-mcpwm-ftm,mcpwm:ftm,0,58.988507437,474960.6879999959
test-output/timing-methods/20260908-171431/00-mcpwm-ftm,mcpwm:ftm,1,0.000128,465228.125
test-output/timing-methods/20260908-171431/00-mcpwm-ftm,mcpwm:ftm,1,0.990362625,474961.18799999985
test-output/timing-methods/20260908-171431/00-mcpwm-ftm,mcpwm:ftm,1,1.990330625,474960.812
test-output/timing-methods/20260908-171431/00-mcpwm-ftm,mcpwm:ftm,1,2.990298688,474961.4369999997
test-output/timing-methods/20260908-171431/00-mcpwm-ftm,mcpwm:ftm,1,3.990266688,474961.1250000001
test-output/timing-methods/20260908-171431/00-mcpwm-ftm,mcpwm:ftm,1,4.990234688,474960.812
test-output/timing-methods/20260908-171431/00-mcpwm-ftm,mcpwm:ftm,1,5.990202688,474961.50000000006
test-output/timing-methods/20260908-171431/00-mcpwm-ftm,mcpwm:ftm,1,6.990169375,474962.4380000004
test-output/timing-methods/20260908-171431/00-mcpwm-ftm,mcpwm:ftm,1,7.99013875,474960.75000000105
test-output/timing-methods/20260908-171431/00-mcpwm-ftm,mcpwm:ftm,1,8.99010675,474961.4369999993
test-output/timing-methods/20260908-171431/00-mcpwm-ftm,mcpwm:ftm,1,9.9900735,474962.37500000047
test-output/timing-methods/20260908-171431/00-mcpwm-ftm,mcpwm:ftm,1,10.990042813,474960.7489999992
test-output/timing-methods/20260908-171431/00-mcpwm-ftm,mcpwm:ftm,1,11.990010812,474961.43800000113
test-output/timing-methods/20260908-171431/00-mcpwm-ftm,mcpwm:ftm,1,12.989978813,474961.0620000002
test-output/timing-methods/20260908-171431/00-mcpwm-ftm,mcpwm:ftm,1,13.989946875,474959.68700000015
test-output/timing-methods/20260908-171431/00-mcpwm-ftm,mcpwm:ftm,1,14.989914875,474961.3749999995
test-output/timing-methods/20260908-171431/00-mcpwm-ftm,mcpwm:ftm,1,15.989882875,474961.062000002
test-output/timing-methods/20260908-171431/00-mcpwm-ftm,mcpwm:ftm,1,16.989850938,474960.6869999994
test-output/timing-methods/20260908-171431/00-mcpwm-ftm,mcpwm:ftm,1,17.989818563,474961.74999999854
test-output/timing-methods/20260908-171431/00-mcpwm-ftm,mcpwm:ftm,1,18.989786937,474961.0629999985
test-output/timing-methods/20260908-171431/00-mcpwm-ftm,mcpwm:ftm,1,19.989755,474960.68799999944
test-output/timing-methods/20260908-171431/00-mcpwm-ftm,mcpwm:ftm,1,20.989723,474961.31299999787
test-output/timing-methods/20260908-171431/00-mcpwm-ftm,mcpwm:ftm,1,21.989691,474959.99999999936
test-output/timing-methods/20260908-171431/00-mcpwm-ftm,mcpwm:ftm,1,22.989659062,474960.6259999979
test-output/timing-methods/20260908-171431/00-mcpwm-ftm,mcpwm:ftm,1,23.989627062,474961.3130000014
test-output/timing-methods/20260908-171431/00-mcpwm-ftm,mcpwm:ftm,1,24.989595063,474960.6240000013
test-output/timing-methods/20260908-171431/00-mcpwm-ftm,mcpwm:ftm,1,25.989563063,474961.6240000023
test-output/timing-methods/20260908-171431/00-mcpwm-ftm,mcpwm:ftm,1,26.989531125,474961.24999999977
test-output/timing-methods/20260908-171431/00-mcpwm-ftm,mcpwm:ftm,1,27.989499125,474959.93800000136
test-output/timing-methods/20260908-171431/00-mcpwm-ftm,mcpwm:ftm,1,28.989467125,474960.6249999978
test-output/timing-methods/20260908-171431/00-mcpwm-ftm,mcpwm:ftm,1,29.989435187,474961.1879999982
test-output/timing-methods/20260908-171431/00-mcpwm-ftm,mcpwm:ftm,1,30.989403187,474960.8750000007
test-output/timing-methods/20260908-171431/00-mcpwm-ftm,mcpwm:ftm,1,31.989371188,474961.5619999972
test-output/timing-methods/20260908-171431/00-mcpwm-ftm,mcpwm:ftm,1,32.989339188,474961.1869999981
test-output/timing-methods/20260908-171431/00-mcpwm-ftm,mcpwm:ftm,1,33.989307188,474960.8740000042
test-output/timing-methods/20260908-171431/00-mcpwm-ftm,mcpwm:ftm,1,34.98927525,474961.4370000046
test-output/timing-methods/20260908-171431/00-mcpwm-ftm,mcpwm:ftm,1,35.98924325,474961.1250000001
test-output/timing-methods/20260908-171431/00-mcpwm-ftm,mcpwm:ftm,1,36.98921125,474960.81200000615
test-output/timing-methods/20260908-171431/00-mcpwm-ftm,mcpwm:ftm,1,37.98917925,474961.4369999975
test-output/timing-methods/20260908-171431/00-mcpwm-ftm,mcpwm:ftm,1,38.989146375,474962.000000005
test-output/timing-methods/20260908-171431/00-mcpwm-ftm,mcpwm:ftm,1,39.989114312,474961.6880000005
test-output/timing-methods/20260908-171431/00-mcpwm-ftm,mcpwm:ftm,1,40.989083313,474961.3739999958
test-output/timing-methods/20260908-171431/00-mcpwm-ftm,mcpwm:ftm,1,41.989051313,474961.0000000004
test-output/timing-methods/20260908-171431/00-mcpwm-ftm,mcpwm:ftm,1,42.989019312,474960.56299999624
test-output/timing-methods/20260908-171431/00-mcpwm-ftm,mcpwm:ftm,1,43.988986688,474961.93700000335
test-output/timing-methods/20260908-171431/00-mcpwm-ftm,mcpwm:ftm,1,44.988954312,474961.93799999985
test-output/timing-methods/20260908-171431/00-mcpwm-ftm,mcpwm:ftm,1,45.988923312,474961.62500000594
test-output/timing-methods/20260908-171431/00-mcpwm-ftm,mcpwm:ftm,1,46.988891375,474961.18800000177
test-output/timing-methods/20260908-171431/00-mcpwm-ftm,mcpwm:ftm,1,47.988859375,474960.43700000003
test-output/timing-methods/20260908-171431/00-mcpwm-ftm,mcpwm:ftm,1,48.988827375,474961.4999999991
test-output/timing-methods/20260908-171431/00-mcpwm-ftm,mcpwm:ftm,1,49.988795375,474961.1250000001
test-output/timing-methods/20260908-171431/00-mcpwm-ftm,mcpwm:ftm,1,50.988763375,474960.75000000105
test-output/timing-methods/20260908-171431/00-mcpwm-ftm,mcpwm:ftm,1,51.988731375,474961.3749999995
test-output/timing-methods/20260908-171431/00-mcpwm-ftm,mcpwm:ftm,1,52.988699375,474961.06299999496
test-output/timing-methods/20260908-171431/00-mcpwm-ftm,mcpwm:ftm,1,53.988667375,474960.6869999994
test-output/timing-methods/20260908-171431/00-mcpwm-ftm,mcpwm:ftm,1,54.988635375,474961.3130000014
test-output/timing-methods/20260908-171431/00-mcpwm-ftm,mcpwm:ftm,1,55.988602375,474961.93700000335
test-output/timing-methods/20260908-171431/00-mcpwm-ftm,mcpwm:ftm,1,56.988571375,474961.5619999972
test-output/timing-methods/20260908-171431/00-mcpwm-ftm,mcpwm:ftm,1,57.988539375,474961.5630000008
test-output/timing-methods/20260908-171431/00-mcpwm-ftm,mcpwm:ftm,1,58.988507437,474960.8129999956
test-output/timing-methods/20260908-171431/00-mcpwm-ftm,mcpwm:ftm,3,0.000128,465227.187
test-output/timing-methods/20260908-171431/00-mcpwm-ftm,mcpwm:ftm,3,0.990362625,474959.31199999986
test-output/timing-methods/20260908-171431/00-mcpwm-ftm,mcpwm:ftm,3,1.990330625,474960.0000000003
test-output/timing-methods/20260908-171431/00-mcpwm-ftm,mcpwm:ftm,3,2.990298688,474960.6869999998
test-output/timing-methods/20260908-171431/00-mcpwm-ftm,mcpwm:ftm,3,3.990266688,474960.43700000003
test-output/timing-methods/20260908-171431/00-mcpwm-ftm,mcpwm:ftm,3,4.990234688,474960.18699999974
test-output/timing-methods/20260908-171431/00-mcpwm-ftm,mcpwm:ftm,3,5.990202688,474960.9369999996
test-output/timing-methods/20260908-171431/00-mcpwm-ftm,mcpwm:ftm,3,6.990169375,474962.0000000005
test-output/timing-methods/20260908-171431/00-mcpwm-ftm,mcpwm:ftm,3,7.99013875,474959.3119999993
test-output/timing-methods/20260908-171431/00-mcpwm-ftm,mcpwm:ftm,3,8.99010675,474960.06199999916
test-output/timing-methods/20260908-171431/00-mcpwm-ftm,mcpwm:ftm,3,9.9900735,474962.0630000013
test-output/timing-methods/20260908-171431/00-mcpwm-ftm,mcpwm:ftm,3,10.990042813,474960.4999999999
test-output/timing-methods/20260908-171431/00-mcpwm-ftm,mcpwm:ftm,3,11.990010812,474960.25100000063
test-output/timing-methods/20260908-171431/00-mcpwm-ftm,mcpwm:ftm,3,12.989978813,474959.9989999993
test-output/timing-methods/20260908-171431/00-mcpwm-ftm,mcpwm:ftm,3,13.989946875,474960.68800000125
test-output/timing-methods/20260908-171431/00-mcpwm-ftm,mcpwm:ftm,3,14.989914875,474960.4380000001
test-output/timing-methods/20260908-171431/00-mcpwm-ftm,mcpwm:ftm,3,15.989882875,474960.1880000007
test-output/timing-methods/20260908-171431/00-mcpwm-ftm,mcpwm:ftm,3,16.989850938,474960.87400000065
test-output/timing-methods/20260908-171431/00-mcpwm-ftm,mcpwm:ftm,3,17.989818563,474960.9990000003
test-output/timing-methods/20260908-171431/00-mcpwm-ftm,mcpwm:ftm,3,18.989786937,474959.3759999975
test-output/timing-methods/20260908-171431/00-mcpwm-ftm,mcpwm:ftm,3,19.989755,474960.0630000011
test-output/timing-methods/20260908-171431/00-mcpwm-ftm,mcpwm:ftm,3,20.989723,474960.7499999975
test-output/timing-methods/20260908-171431/00-mcpwm-ftm,mcpwm:ftm,3,21.989691,474960.49999999814
test-output/timing-methods/20260908-171431/00-mcpwm-ftm,mcpwm:ftm,3,22.989659062,474960.1879999972
test-output/timing-methods/20260908-171431/00-mcpwm-ftm,mcpwm:ftm,3,23.989627062,474959.93800000136
test-output/timing-methods/20260908-171431/00-mcpwm-ftm,mcpwm:ftm,3,24.989595063,474959.6870000019
test-output/timing-methods/20260908-171431/00-mcpwm-ftm,mcpwm:ftm,3,25.989563063,474959.43700000254
test-output/timing-methods/20260908-171431/00-mcpwm-ftm,mcpwm:ftm,3,26.989531125,474960.06200000097
test-output/timing-methods/20260908-171431/00-mcpwm-ftm,mcpwm:ftm,3,27.989499125,474960.8120000026
test-output/timing-methods/20260908-171431/00-mcpwm-ftm,mcpwm:ftm,3,28.989467125,474960.5619999997
test-output/timing-methods/20260908-171431/00-mcpwm-ftm,mcpwm:ftm,3,29.989435187,474960.1879999972
test-output/timing-methods/20260908-171431/00-mcpwm-ftm,mcpwm:ftm,3,30.989403187,474958.9380000003
test-output/timing-methods/20260908-171431/00-mcpwm-ftm,mcpwm:ftm,3,31.989371188,474960.6869999994
test-output/timing-methods/20260908-171431/00-mcpwm-ftm,mcpwm:ftm,3,32.989339188,474960.3749999949
test-output/timing-methods/20260908-171431/00-mcpwm-ftm,mcpwm:ftm,3,33.989307188,474960.12399999896
test-output/timing-methods/20260908-171431/00-mcpwm-ftm,mcpwm:ftm,3,34.98927525,474960.81199999904
test-output/timing-methods/20260908-171431/00-mcpwm-ftm,mcpwm:ftm,3,35.98924325,474960.5000000017
test-output/timing-methods/20260908-171431/00-mcpwm-ftm,mcpwm:ftm,3,36.98921125,474960.2500000023
test-output/timing-methods/20260908-171431/00-mcpwm-ftm,mcpwm:ftm,3,37.98917925,474959.9379999978
test-output/timing-methods/20260908-171431/00-mcpwm-ftm,mcpwm:ftm,3,38.989146375,474961.5630000008
test-output/timing-methods/20260908-171431/00-mcpwm-ftm,mcpwm:ftm,3,39.989114312,474961.3130000014
test-output/timing-methods/20260908-171431/00-mcpwm-ftm,mcpwm:ftm,3,40.989083313,474959.9999999958
test-output/timing-methods/20260908-171431/00-mcpwm-ftm,mcpwm:ftm,3,41.989051313,474960.7490000045
test-output/timing-methods/20260908-171431/00-mcpwm-ftm,mcpwm:ftm,3,42.989019312,474960.43799999653
test-output/timing-methods/20260908-171431/00-mcpwm-ftm,mcpwm:ftm,3,43.988986688,474960.81200000615
test-output/timing-methods/20260908-171431/00-mcpwm-ftm,mcpwm:ftm,3,44.988954312,474960.8750000007
test-output/timing-methods/20260908-171431/00-mcpwm-ftm,mcpwm:ftm,3,45.988923312,474960.56300000334
test-output/timing-methods/20260908-171431/00-mcpwm-ftm,mcpwm:ftm,3,46.988891375,474959.24999999773
test-output/timing-methods/20260908-171431/00-mcpwm-ftm,mcpwm:ftm,3,47.988859375,474959.9380000049
test-output/timing-methods/20260908-171431/00-mcpwm-ftm,mcpwm:ftm,3,48.988827375,474960.62500000134
test-output/timing-methods/20260908-171431/00-mcpwm-ftm,mcpwm:ftm,3,49.988795375,474959.3119999957
test-output/timing-methods/20260908-171431/00-mcpwm-ftm,mcpwm:ftm,3,50.988763375,474960.0000000029
test-output/timing-methods/20260908-171431/00-mcpwm-ftm,mcpwm:ftm,3,51.988731375,474959.6870000019
test-output/timing-methods/20260908-171431/00-mcpwm-ftm,mcpwm:ftm,3,52.988699375,474960.43700000003
test-output/timing-methods/20260908-171431/00-mcpwm-ftm,mcpwm:ftm,3,53.988667375,474960.1250000026
test-output/timing-methods/20260908-171431/00-mcpwm-ftm,mcpwm:ftm,3,54.988635375,474959.8120000016
test-output/timing-methods/20260908-171431/00-mcpwm-ftm,mcpwm:ftm,3,55.988602375,474961.4999999991
test-output/timing-methods/20260908-171431/00-mcpwm-ftm,mcpwm:ftm,3,56.988571375,474959.1870000032
test-output/timing-methods/20260908-171431/00-mcpwm-ftm,mcpwm:ftm,3,57.988539375,474961.5630000008
test-output/timing-methods/20260908-171431/00-mcpwm-ftm,mcpwm:ftm,3,58.988507437,474960.4999999946
test-output/timing-methods/20260908-171431/00-task-ftm,task:ftm,0,0.59397925,-1641.9999999999213
test-output/timing-methods/20260908-171431/00-task-ftm,task:ftm,0,1.591202125,-1.1869999998470604
test-output/timing-methods/20260908-171431/00-task-ftm,task:ftm,0,2.591169813,-0.31300000014056195
test-output/timing-methods/20260908-171431/00-task-ftm,task:ftm,0,3.591138562,-0.18699999992932703
test-output/timing-methods/20260908-171431/00-task-ftm,task:ftm,0,4.5911065,0.24999999936881068
test-output/timing-methods/20260908-171431/00-task-ftm,task:ftm,0,5.59107475,-0.31300000014056195
test-output/timing-methods/20260908-171431/00-task-ftm,task:ftm,0,6.591043,0.061999999800832484
test-output/timing-methods/20260908-171431/00-task-ftm,task:ftm,0,7.59101075,0.06299999988357285
test-output/timing-methods/20260908-171431/00-task-ftm,task:ftm,0,8.590979125,-1.1880000005959346
test-output/timing-methods/20260908-171431/00-task-ftm,task:ftm,0,9.590947687,-0.18699999948523782
test-output/timing-methods/20260908-171431/00-task-ftm,task:ftm,0,10.590915562,-0.8749999995671942
test-output/timing-methods/20260908-171431/00-task-ftm,task:ftm,0,11.590884125,-0.37500000082957285
test-output/timing-methods/20260908-171431/00-task-ftm,task:ftm,0,12.590852312,-0.8120000014599782
test-output/timing-methods/20260908-171431/00-task-ftm,task:ftm,0,13.590820813,-0.31300000102874037
test-output/timing-methods/20260908-171431/00-task-ftm,task:ftm,0,14.590789063,-1.250000000396767
test-output/timing-methods/20260908-171431/00-task-ftm,task:ftm,0,15.59075725,-0.7499999998827889
test-output/timing-methods/20260908-171431/00-task-ftm,task:ftm,0,16.59072525,-0.18799999779162135
test-output/timing-methods/20260908-171431/00-task-ftm,task:ftm,0,17.590695312,-3.374000002054345
test-output/timing-methods/20260908-171431/00-task-ftm,task:ftm,0,18.590661937,-0.5620000003148107
test-output/timing-methods/20260908-171431/00-task-ftm,task:ftm,0,19.590629437,0.563000000397551
test-output/timing-methods/20260908-171431/00-task-ftm,task:ftm,0,20.590599125,-0.563000000397551
test-output/timing-methods/20260908-171431/00-task-ftm,task:ftm,0,21.590566312,0.0
test-output/timing-methods/20260908-171431/00-task-ftm,task:ftm,0,22.590534375,-0.563000000397551
test-output/timing-methods/20260908-171431/00-task-ftm,task:ftm,0,23.59050275,-0.12499999968440534
test-output/timing-methods/20260908-171431/00-task-ftm,task:ftm,0,26.590407062,474961.50099999923
test-output/timing-methods/20260908-171431/00-task-ftm,task:ftm,0,27.590713313,474805.31200000085
test-output/timing-methods/20260908-171431/00-task-ftm,task:ftm,0,28.590344,474960.87499999715
test-output/timing-methods/20260908-171431/00-task-ftm,task:ftm,0,29.590318312,475044.625999999
test-output/timing-methods/20260908-171431/00-task-ftm,task:ftm,0,30.590280375,474959.99999999936
test-output/timing-methods/20260908-171431/00-task-ftm,task:ftm,0,31.5902485,474962.12499999756
test-output/timing-methods/20260908-171431/00-task-ftm,task:ftm,0,32.590216437,477719.8130000002
test-output/timing-methods/20260908-171431/00-task-ftm,task:ftm,0,33.590184938,475519.56200000236
test-output/timing-methods/20260908-171431/00-task-ftm,task:ftm,0,34.590153188,474960.5619999997
test-output/timing-methods/20260908-171431/00-task-ftm,task:ftm,0,35.59012025,474961.24999999977
test-output/timing-methods/20260908-171431/00-task-ftm,task:ftm,0,36.590087813,474961.4370000046
test-output/timing-methods/20260908-171431/00-task-ftm,task:ftm,0,37.590095562,475026.87600000115
test-output/timing-methods/20260908-171431/00-task-ftm,task:ftm,0,38.590025938,474960.06200000097
test-output/timing-methods/20260908-171431/00-task-ftm,task:ftm,0,39.589993875,474961.5620000043
test-output/timing-methods/20260908-171431/00-task-ftm,task:ftm,0,40.589962,474961.4999999991
test-output/timing-methods/20260908-171431/00-task-ftm,task:ftm,0,41.589930188,474961.93700000335
test-output/timing-methods/20260908-171431/00-task-ftm,task:ftm,0,42.589898375,474960.5619999997
test-output/timing-methods/20260908-171431/00-task-ftm,task:ftm,0,43.589866562,474960.9380000024
test-output/timing-methods/20260908-171431/00-task-ftm,task:ftm,0,44.589834563,475761.31200000306
test-output/timing-methods/20260908-171431/00-task-ftm,task:ftm,0,45.589803188,474961.3120000049
test-output/timing-methods/20260908-171431/00-task-ftm,task:ftm,0,46.589771125,474967.24999999884
test-output/timing-methods/20260908-171431/00-task-ftm,task:ftm,0,47.589738938,474961.06199999846
test-output/timing-methods/20260908-171431/00-task-ftm,task:ftm,0,48.589707438,474961.1250000001
test-output/timing-methods/20260908-171431/00-task-ftm,task:ftm,0,49.589719188,474917.93700000073
test-output/timing-methods/20260908-171431/00-task-ftm,task:ftm,0,50.589644,474970.3120000035
test-output/timing-methods/20260908-171431/00-task-ftm,task:ftm,0,51.589611938,474960.62400000484
test-output/timing-methods/20260908-171431/00-task-ftm,task:ftm,0,52.589580312,474960.9379999953
test-output/timing-methods/20260908-171431/00-task-ftm,task:ftm,0,53.589548375,474960.56300000334
test-output/timing-methods/20260908-171431/00-task-ftm,task:ftm,0,54.589514937,474961.62500000594
test-output/timing-methods/20260908-171431/00-task-ftm,task:ftm,0,55.589484812,474960.43799999653
test-output/timing-methods/20260908-171431/00-task-ftm,task:ftm,0,56.589458375,474956.3120000033
test-output/timing-methods/20260908-171431/00-task-ftm,task:ftm,0,57.589420875,474961.4999999991
test-output/timing-methods/20260908-171431/00-task-ftm,task:ftm,0,58.589389062,474961.0000000004
test-output/timing-methods/20260908-171431/00-task-ftm,task:ftm,1,0.59397925,-2745.312999999916
test-output/timing-methods/20260908-171431/00-task-ftm,task:ftm,1,1.591202125,-0.2499999998128999
test-output/timing-methods/20260908-171431/00-task-ftm,task:ftm,1,2.591169813,17.687000000154995
test-output/timing-methods/20260908-171431/00-task-ftm,task:ftm,1,3.591138562,-1.3119999997535103
test-output/timing-methods/20260908-171431/00-task-ftm,task:ftm,1,4.5911065,0.06299999988357285
test-output/timing-methods/20260908-171431/00-task-ftm,task:ftm,1,5.59107475,-0.18699999948523782
test-output/timing-methods/20260908-171431/00-task-ftm,task:ftm,1,6.591043,0.37499999994139444
test-output/timing-methods/20260908-171431/00-task-ftm,task:ftm,1,7.59101075,-0.8749999995671942
test-output/timing-methods/20260908-171431/00-task-ftm,task:ftm,1,8.590979125,-0.4380000007131457
test-output/timing-methods/20260908-171431/00-task-ftm,task:ftm,1,9.590947687,-0.18699999948523782
test-output/timing-methods/20260908-171431/00-task-ftm,task:ftm,1,10.590915562,-0.061999999800832484
test-output/timing-methods/20260908-171431/00-task-ftm,task:ftm,1,11.590884125,-1.5630000014255074
test-output/timing-methods/20260908-171431/00-task-ftm,task:ftm,1,12.590852312,-0.06200000157718932
test-output/timing-methods/20260908-171431/00-task-ftm,task:ftm,1,13.590820813,-0.12499999968440534
test-output/timing-methods/20260908-171431/00-task-ftm,task:ftm,1,14.590789063,-0.8130000015427186
test-output/timing-methods/20260908-171431/00-task-ftm,task:ftm,1,15.59075725,-0.1879999995679782
test-output/timing-methods/20260908-171431/00-task-ftm,task:ftm,1,16.59072525,-0.374999999053216
test-output/timing-methods/20260908-171431/00-task-ftm,task:ftm,1,17.590695312,-2.500000000793534
test-output/timing-methods/20260908-171431/00-task-ftm,task:ftm,1,18.590661937,-0.312000000946
test-output/timing-methods/20260908-171431/00-task-ftm,task:ftm,1,19.590629437,0.12499999968440534
test-output/timing-methods/20260908-171431/00-task-ftm,task:ftm,1,20.590599125,-2.500000000793534
test-output/timing-methods/20260908-171431/00-task-ftm,task:ftm,1,21.590566312,-0.7490000015764053
test-output/timing-methods/20260908-171431/00-task-ftm,task:ftm,1,22.590534375,0.06299999810721602
test-output/timing-methods/20260908-171431/00-task-ftm,task:ftm,1,23.59050275,-0.5620000003148107
test-output/timing-methods/20260908-171431/00-task-ftm,task:ftm,1,30.590280375,474961.062000002
test-output/timing-methods/20260908-171431/00-task-ftm,task:ftm,1,31.5902485,474960.8750000007
test-output/timing-methods/20260908-171431/00-task-ftm,task:ftm,1,32.590216437,474961.6880000005
test-output/timing-methods/20260908-171431/00-task-ftm,task:ftm,1,33.590184938,475523.56199999934
test-output/timing-methods/20260908-171431/00-task-ftm,task:ftm,1,34.590153188,474960.81199999904
test-output/timing-methods/20260908-171431/00-task-ftm,task:ftm,1,35.59012025,474967.5000000053
test-output/timing-methods/20260908-171431/00-task-ftm,task:ftm,1,36.590087813,474965.8740000058
test-output/timing-methods/20260908-171431/00-task-ftm,task:ftm,1,37.590095562,474928.06300000014
test-output/timing-methods/20260908-171431/00-task-ftm,task:ftm,1,38.590025938,474963.7500000006
test-output/timing-methods/20260908-171431/00-task-ftm,task:ftm,1,39.589993875,474962.000000005
test-output/timing-methods/20260908-171431/00-task-ftm,task:ftm,1,40.589962,474961.74999999854
test-output/timing-methods/20260908-171431/00-task-ftm,task:ftm,1,41.589930188,474959.8740000067
test-output/timing-methods/20260908-171431/00-task-ftm,task:ftm,1,42.589898375,474962.06299999956
test-output/timing-methods/20260908-171431/00-task-ftm,task:ftm,1,43.589866562,474961.8130000002
test-output/timing-methods/20260908-171431/00-task-ftm,task:ftm,1,44.589834563,474961.0000000004
test-output/timing-methods/20260908-171431/00-task-ftm,task:ftm,1,45.589803188,474961.1250000001
test-output/timing-methods/20260908-171431/00-task-ftm,task:ftm,1,46.589771125,474960.313000004
test-output/timing-methods/20260908-171431/00-task-ftm,task:ftm,1,47.589738938,474961.5619999972
test-output/timing-methods/20260908-171431/00-task-ftm,task:ftm,1,48.589707438,474962.1870000027
test-output/timing-methods/20260908-171431/00-task-ftm,task:ftm,1,49.589719188,474918.3120000069
test-output/timing-methods/20260908-171431/00-task-ftm,task:ftm,1,50.589644,474961.3749999995
test-output/timing-methods/20260908-171431/00-task-ftm,task:ftm,1,51.589611938,474961.3749999995
test-output/timing-methods/20260908-171431/00-task-ftm,task:ftm,1,52.589580312,474961.75099999504
test-output/timing-methods/20260908-171431/00-task-ftm,task:ftm,1,53.589548375,474961.62499999884
test-output/timing-methods/20260908-171431/00-task-ftm,task:ftm,1,54.589514937,474961.18800000177
test-output/timing-methods/20260908-171431/00-task-ftm,task:ftm,1,55.589484812,475771.7499999998
test-output/timing-methods/20260908-171431/00-task-ftm,task:ftm,1,56.589458375,474956.1249999985
test-output/timing-methods/20260908-171431/00-task-ftm,task:ftm,1,57.589420875,474961.18799999467
test-output/timing-methods/20260908-171431/00-task-ftm,task:ftm,1,58.589389062,474961.6880000005
test-output/timing-methods/20260908-171431/00-task-ftm,task:ftm,3,0.59397925,-2745.999999999915
test-output/timing-methods/20260908-171431/00-task-ftm,task:ftm,3,1.591202125,-0.8750000000112834
test-output/timing-methods/20260908-171431/00-task-ftm,task:ftm,3,2.591169813,-0.4379999998249673
test-output/timing-methods/20260908-171431/00-task-ftm,task:ftm,3,3.591138562,-0.31199999961373237
test-output/timing-methods/20260908-171431/00-task-ftm,task:ftm,3,4.5911065,-0.12500000057258376
test-output/timing-methods/20260908-171431/00-task-ftm,task:ftm,3,5.59107475,-0.37499999994139444
test-output/timing-methods/20260908-171431/00-task-ftm,task:ftm,3,6.591043,0.31300000014056195
test-output/timing-methods/20260908-171431/00-task-ftm,task:ftm,3,7.59101075,-0.06299999988357285
test-output/timing-methods/20260908-171431/00-task-ftm,task:ftm,3,8.590979125,-1.4369999998820049
test-output/timing-methods/20260908-171431/00-task-ftm,task:ftm,3,9.590947687,-0.061999999800832484
test-output/timing-methods/20260908-171431/00-task-ftm,task:ftm,3,10.590915562,-1.4999999997655777
test-output/timing-methods/20260908-171431/00-task-ftm,task:ftm,3,11.590884125,-0.5000000005139782
test-output/timing-methods/20260908-171431/00-task-ftm,task:ftm,3,12.590852312,-0.3740000007468325
test-output/timing-methods/20260908-171431/00-task-ftm,task:ftm,3,13.590820813,-0.9380000012271239
test-output/timing-methods/20260908-171431/00-task-ftm,task:ftm,3,14.590789063,-1.0010000011106968
test-output/timing-methods/20260908-171431/00-task-ftm,task:ftm,3,15.59075725,-1.1249999989360049
test-output/timing-methods/20260908-171431/00-task-ftm,task:ftm,3,16.59072525,-0.3129999974760267
test-output/timing-methods/20260908-171431/00-task-ftm,task:ftm,3,17.590695312,-3.3120000004771555
test-output/timing-methods/20260908-171431/00-task-ftm,task:ftm,3,18.590661937,-0.06200000157718932
test-output/timing-methods/20260908-171431/00-task-ftm,task:ftm,3,19.590629437,-0.24999999936881068
test-output/timing-methods/20260908-171431/00-task-ftm,task:ftm,3,20.590599125,-2.125000001740318
test-output/timing-methods/20260908-171431/00-task-ftm,task:ftm,3,21.590566312,-0.12499999968440534
test-output/timing-methods/20260908-171431/00-task-ftm,task:ftm,3,24.590470938,474960.81199999904
test-output/timing-methods/20260908-171431/00-task-ftm,task:ftm,3,25.590439375,474960.375000002
test-output/timing-methods/20260908-171431/00-task-ftm,task:ftm,3,26.590407062,474961.8130000002
test-output/timing-methods/20260908-171431/00-task-ftm,task:ftm,3,27.590713313,474623.56200000143
test-output/timing-methods/20260908-171431/00-task-ftm,task:ftm,3,28.590344,477403.4999999977
test-output/timing-methods/20260908-171431/00-task-ftm,task:ftm,3,29.590318312,475032.0009999989
test-output/timing-methods/20260908-171431/00-task-ftm,task:ftm,3,30.590280375,474960.5629999998
test-output/timing-methods/20260908-171431/00-task-ftm,task:ftm,3,31.5902485,474961.3130000014
test-output/timing-methods/20260908-171431/00-task-ftm,task:ftm,3,32.590216437,474961.1250000001
test-output/timing-methods/20260908-171431/00-task-ftm,task:ftm,3,33.590184938,474960.5619999997
test-output/timing-methods/20260908-171431/00-task-ftm,task:ftm,3,34.590153188,474961.3739999958
test-output/timing-methods/20260908-171431/00-task-ftm,task:ftm,3,35.59012025,474962.3129999989
test-output/timing-methods/20260908-171431/00-task-ftm,task:ftm,3,36.590087813,474962.062000003
test-output/timing-methods/20260908-171431/00-task-ftm,task:ftm,3,37.590095562,474922.93799999886
test-output/timing-methods/20260908-171431/00-task-ftm,task:ftm,3,38.590025938,474959.93700000126
test-output/timing-methods/20260908-171431/00-task-ftm,task:ftm,3,39.589993875,474961.1870000052
test-output/timing-methods/20260908-171431/00-task-ftm,task:ftm,3,40.589962,474961.8749999982
test-output/timing-methods/20260908-171431/00-task-ftm,task:ftm,3,41.589930188,474961.4370000046
test-output/timing-methods/20260908-171431/00-task-ftm,task:ftm,3,42.589898375,474961.24999999977
test-output/timing-methods/20260908-171431/00-task-ftm,task:ftm,3,43.589866562,474961.8750000053
test-output/timing-methods/20260908-171431/00-task-ftm,task:ftm,3,44.589834563,474960.1870000006
test-output/timing-methods/20260908-171431/00-task-ftm,task:ftm,3,45.589803188,474961.75000000565
test-output/timing-methods/20260908-171431/00-task-ftm,task:ftm,3,46.589771125,474960.313000004
test-output/timing-methods/20260908-171431/00-task-ftm,task:ftm,3,47.589738938,474961.24999999977
test-output/timing-methods/20260908-171431/00-task-ftm,task:ftm,3,48.589707438,474961.93700000335
test-output/timing-methods/20260908-171431/00-task-ftm,task:ftm,3,49.589719188,474917.437000002
test-output/timing-methods/20260908-171431/00-task-ftm,task:ftm,3,50.589644,474960.75000000105
test-output/timing-methods/20260908-171431/00-task-ftm,task:ftm,3,51.589611938,474961.5620000043
test-output/timing-methods/20260908-171431/00-task-ftm,task:ftm,3,52.589580312,474961.3129999943
test-output/timing-methods/20260908-171431/00-task-ftm,task:ftm,3,53.589548375,474959.9379999978
test-output/timing-methods/20260908-171431/00-task-ftm,task:ftm,3,54.589514937,474963.0630000041
test-output/timing-methods/20260908-171431/00-task-ftm,task:ftm,3,55.589484812,474960.62500000134
test-output/timing-methods/20260908-171431/00-task-ftm,task:ftm,3,56.589458375,474955.00000000134
test-output/timing-methods/20260908-171431/00-task-ftm,task:ftm,3,57.589420875,475051.62499999895
test-output/timing-methods/20260908-171431/00-task-ftm,task:ftm,3,58.589389062,474960.3129999969
test-output/timing-methods/20260908-172251/00-gptpair-ftm,gptpair:ftm,0,0.489843562,-5.499000000019905
test-output/timing-methods/20260908-172251/00-gptpair-ftm,gptpair:ftm,0,1.489804687,2.4380000001045232
test-output/timing-methods/20260908-172251/00-gptpair-ftm,gptpair:ftm,0,2.489774,0.12499999968440534
test-output/timing-methods/20260908-172251/00-gptpair-ftm,gptpair:ftm,0,3.489742313,0.8120000001277106
test-output/timing-methods/20260908-172251/00-gptpair-ftm,gptpair:ftm,0,4.489710563,0.4989999995430594
test-output/timing-methods/20260908-172251/00-gptpair-ftm,gptpair:ftm,0,5.489678875,0.18700000037341624
test-output/timing-methods/20260908-172251/00-gptpair-ftm,gptpair:ftm,0,6.489647188,-0.1259999997671457
test-output/timing-methods/20260908-172251/00-gptpair-ftm,gptpair:ftm,0,7.489623812,-7.749999999973056
test-output/timing-methods/20260908-172251/00-gptpair-ftm,gptpair:ftm,0,8.489583812,1.250000000396767
test-output/timing-methods/20260908-172251/00-gptpair-ftm,gptpair:ftm,0,9.489551125,1.8750000005951506
test-output/timing-methods/20260908-172251/00-gptpair-ftm,gptpair:ftm,0,10.489520437,-0.4369999988540485
test-output/timing-methods/20260908-172251/00-gptpair-ftm,gptpair:ftm,0,11.48948875,0.2500000011451675
test-output/timing-methods/20260908-172251/00-gptpair-ftm,gptpair:ftm,0,12.489456063,1.8739999987360534
test-output/timing-methods/20260908-172251/00-gptpair-ftm,gptpair:ftm,0,13.489425312,1.624999999449983
test-output/timing-methods/20260908-172251/00-gptpair-ftm,gptpair:ftm,0,14.489393563,-0.6260000002811239
test-output/timing-methods/20260908-172251/00-gptpair-ftm,gptpair:ftm,0,15.489362875,-2.000000000279556
test-output/timing-methods/20260908-172251/00-gptpair-ftm,gptpair:ftm,0,16.489331187,-0.3740000025231893
test-output/timing-methods/20260908-172251/00-gptpair-ftm,gptpair:ftm,0,17.489298438,1.3750000000811724
test-output/timing-methods/20260908-172251/00-gptpair-ftm,gptpair:ftm,0,18.48926775,-1.0000000010279564
test-output/timing-methods/20260908-172251/00-gptpair-ftm,gptpair:ftm,0,19.489234062,2.625999997007966
test-output/timing-methods/20260908-172251/00-gptpair-ftm,gptpair:ftm,0,20.48920325,0.4380000007131457
test-output/timing-methods/20260908-172251/00-gptpair-ftm,gptpair:ftm,0,21.489171563,1.061999999052432
test-output/timing-methods/20260908-172251/00-gptpair-ftm,gptpair:ftm,0,22.489139812,0.7509999981891724
test-output/timing-methods/20260908-172251/00-gptpair-ftm,gptpair:ftm,0,23.489108063,-0.563000000397551
test-output/timing-methods/20260908-172251/00-gptpair-ftm,gptpair:ftm,0,24.489075375,1.0620000026051457
test-output/timing-methods/20260908-172251/00-gptpair-ftm,gptpair:ftm,0,25.489056625,-13.249999998521389
test-output/timing-methods/20260908-172251/00-gptpair-ftm,gptpair:ftm,0,26.489012875,0.43700000063040534
test-output/timing-methods/20260908-172251/00-gptpair-ftm,gptpair:ftm,0,27.488996063,-13.81299999891894
test-output/timing-methods/20260908-172251/00-gptpair-ftm,gptpair:ftm,0,28.488949375,0.749999998106432
test-output/timing-methods/20260908-172251/00-gptpair-ftm,gptpair:ftm,0,29.488917625,-0.5620000003148107
test-output/timing-methods/20260908-172251/00-gptpair-ftm,gptpair:ftm,0,30.488885875,2.3129999995319395
test-output/timing-methods/20260908-172251/00-gptpair-ftm,gptpair:ftm,0,31.488856125,-3.1880000008754905
test-output/timing-methods/20260908-172251/00-gptpair-ftm,gptpair:ftm,0,32.488822312,0.49999999873762135
test-output/timing-methods/20260908-172251/00-gptpair-ftm,gptpair:ftm,0,33.488799562,-8.811999997249131
test-output/timing-methods/20260908-172251/00-gptpair-ftm,gptpair:ftm,0,34.48875975,-2.062999996610415
test-output/timing-methods/20260908-172251/00-gptpair-ftm,gptpair:ftm,0,35.488729062,-1.373999999998432
test-output/timing-methods/20260908-172251/00-gptpair-ftm,gptpair:ftm,0,36.488697375,-2.936999997871226
test-output/timing-methods/20260908-172251/00-gptpair-ftm,gptpair:ftm,0,37.4886635,-0.18699999770888098
test-output/timing-methods/20260908-172251/00-gptpair-ftm,gptpair:ftm,0,38.488631688,-0.4380000007131457
test-output/timing-methods/20260908-172251/00-gptpair-ftm,gptpair:ftm,0,39.488598938,0.18699999770888098
test-output/timing-methods/20260908-172251/00-gptpair-ftm,gptpair:ftm,0,40.488581125,-12.125000004914455
test-output/timing-methods/20260908-172251/00-gptpair-ftm,gptpair:ftm,0,41.488543312,-5.43699999866476
test-output/timing-methods/20260908-172251/00-gptpair-ftm,gptpair:ftm,0,42.488513563,-8.813000000884585
test-output/timing-methods/20260908-172251/00-gptpair-ftm,gptpair:ftm,0,43.48848525,-13.624999994021891
test-output/timing-methods/20260908-172251/00-gptpair-ftm,gptpair:ftm,0,44.488453,-11.499999999387
test-output/timing-methods/20260908-172251/00-gptpair-ftm,gptpair:ftm,0,45.48840925,0.1250000067898327
test-output/timing-methods/20260908-172251/00-gptpair-ftm,gptpair:ftm,0,46.488377437,-0.18699999770888098
test-output/timing-methods/20260908-172251/00-gptpair-ftm,gptpair:ftm,0,47.488345625,1.499999996212864
test-output/timing-methods/20260908-172251/00-gptpair-ftm,gptpair:ftm,0,48.488313813,0.18700000481430834
test-output/timing-methods/20260908-172251/00-gptpair-ftm,gptpair:ftm,0,49.488282062,-0.25000000647423803
test-output/timing-methods/20260908-172251/00-gptpair-ftm,gptpair:ftm,0,50.48825025,0.43699999707769166
test-output/timing-methods/20260908-172251/00-gptpair-ftm,gptpair:ftm,0,51.488218438,1.1240000006296214
test-output/timing-methods/20260908-172251/00-gptpair-ftm,gptpair:ftm,0,52.488186625,0.7500000052118594
test-output/timing-methods/20260908-172251/00-gptpair-ftm,gptpair:ftm,0,53.488155875,-1.6249999958972694
test-output/timing-methods/20260908-172251/00-gptpair-ftm,gptpair:ftm,0,54.488123,0.12499999968440534
test-output/timing-methods/20260908-172251/00-gptpair-ftm,gptpair:ftm,0,55.48809125,1.6870000010271724
test-output/timing-methods/20260908-172251/00-gptpair-ftm,gptpair:ftm,0,56.488059437,-0.6869999964465023
test-output/timing-methods/20260908-172251/00-gptpair-ftm,gptpair:ftm,0,57.488027625,0.0
test-output/timing-methods/20260908-172251/00-gptpair-ftm,gptpair:ftm,0,58.487994812,1.6880000046626265
test-output/timing-methods/20260908-172251/00-gptpair-ftm,gptpair:ftm,0,59.487963,1.3120000019739564
test-output/timing-methods/20260908-172251/00-gptpair-ftm,gptpair:ftm,1,0.489843562,-6.561999999987744
test-output/timing-methods/20260908-172251/00-gptpair-ftm,gptpair:ftm,1,1.489804687,0.1880000000120674
test-output/timing-methods/20260908-172251/00-gptpair-ftm,gptpair:ftm,1,2.489774,-0.18700000037341624
test-output/timing-methods/20260908-172251/00-gptpair-ftm,gptpair:ftm,1,3.489742313,-0.5629999999534618
test-output/timing-methods/20260908-172251/00-gptpair-ftm,gptpair:ftm,1,4.489710563,0.12399999960166497
test-output/timing-methods/20260908-172251/00-gptpair-ftm,gptpair:ftm,1,5.489678875,13.688000000122713
test-output/timing-methods/20260908-172251/00-gptpair-ftm,gptpair:ftm,1,6.489647188,-0.6880000000819564
test-output/timing-methods/20260908-172251/00-gptpair-ftm,gptpair:ftm,1,7.489623812,-8.373999999200521
test-output/timing-methods/20260908-172251/00-gptpair-ftm,gptpair:ftm,1,8.489583812,-0.4369999988540485
test-output/timing-methods/20260908-172251/00-gptpair-ftm,gptpair:ftm,1,9.489551125,1.1880000005959346
test-output/timing-methods/20260908-172251/00-gptpair-ftm,gptpair:ftm,1,10.489520437,-0.2489999992860703
test-output/timing-methods/20260908-172251/00-gptpair-ftm,gptpair:ftm,1,11.48948875,-0.6250000001983835
test-output/timing-methods/20260908-172251/00-gptpair-ftm,gptpair:ftm,1,12.489456063,0.9369999993680267
test-output/timing-methods/20260908-172251/00-gptpair-ftm,gptpair:ftm,1,13.489425312,-0.37399999897047564
test-output/timing-methods/20260908-172251/00-gptpair-ftm,gptpair:ftm,1,14.489393563,-0.7499999998827889
test-output/timing-methods/20260908-172251/00-gptpair-ftm,gptpair:ftm,1,15.489362875,-0.12499999968440534
test-output/timing-methods/20260908-172251/00-gptpair-ftm,gptpair:ftm,1,16.489331187,-0.5620000003148107
test-output/timing-methods/20260908-172251/00-gptpair-ftm,gptpair:ftm,1,17.489298438,0.06200000157718932
test-output/timing-methods/20260908-172251/00-gptpair-ftm,gptpair:ftm,1,18.48926775,1.0629999991351724
test-output/timing-methods/20260908-172251/00-gptpair-ftm,gptpair:ftm,1,19.489234062,0.24999999936881068
test-output/timing-methods/20260908-172251/00-gptpair-ftm,gptpair:ftm,1,20.48920325,1.8750000023715074
test-output/timing-methods/20260908-172251/00-gptpair-ftm,gptpair:ftm,1,21.489171563,-0.6259999985047671
test-output/timing-methods/20260908-172251/00-gptpair-ftm,gptpair:ftm,1,22.489139812,1.1879999988195777
test-output/timing-methods/20260908-172251/00-gptpair-ftm,gptpair:ftm,1,23.489108063,0.8119999996836214
test-output/timing-methods/20260908-172251/00-gptpair-ftm,gptpair:ftm,1,24.489075375,0.3750000026059297
test-output/timing-methods/20260908-172251/00-gptpair-ftm,gptpair:ftm,1,25.489056625,-12.000000001677336
test-output/timing-methods/20260908-172251/00-gptpair-ftm,gptpair:ftm,1,26.489012875,0.5620000003148107
test-output/timing-methods/20260908-172251/00-gptpair-ftm,gptpair:ftm,1,27.488996063,-15.749999999314923
test-output/timing-methods/20260908-172251/00-gptpair-ftm,gptpair:ftm,1,28.488949375,-0.18700000126159466
test-output/timing-methods/20260908-172251/00-gptpair-ftm,gptpair:ftm,1,29.488917625,-0.5620000003148107
test-output/timing-methods/20260908-172251/00-gptpair-ftm,gptpair:ftm,1,30.488885875,4.187999998350733
test-output/timing-methods/20260908-172251/00-gptpair-ftm,gptpair:ftm,1,31.488856125,-2.375000001109129
test-output/timing-methods/20260908-172251/00-gptpair-ftm,gptpair:ftm,1,32.488822312,-0.6870000035519297
test-output/timing-methods/20260908-172251/00-gptpair-ftm,gptpair:ftm,1,33.488799562,4.938000003562593
test-output/timing-methods/20260908-172251/00-gptpair-ftm,gptpair:ftm,1,34.48875975,-0.43699999707769166
test-output/timing-methods/20260908-172251/00-gptpair-ftm,gptpair:ftm,1,35.488729062,5.625000000009095
test-output/timing-methods/20260908-172251/00-gptpair-ftm,gptpair:ftm,1,36.488697375,-1.375000003633886
test-output/timing-methods/20260908-172251/00-gptpair-ftm,gptpair:ftm,1,37.4886635,-0.6870000035519297
test-output/timing-methods/20260908-172251/00-gptpair-ftm,gptpair:ftm,1,38.488631688,1.00000000458067
test-output/timing-methods/20260908-172251/00-gptpair-ftm,gptpair:ftm,1,39.488598938,0.561999996762097
test-output/timing-methods/20260908-172251/00-gptpair-ftm,gptpair:ftm,1,40.488581125,-13.812000005941627
test-output/timing-methods/20260908-172251/00-gptpair-ftm,gptpair:ftm,1,41.488543312,-6.186999996771192
test-output/timing-methods/20260908-172251/00-gptpair-ftm,gptpair:ftm,1,42.488513563,-9.626000000650947
test-output/timing-methods/20260908-172251/00-gptpair-ftm,gptpair:ftm,1,43.48848525,-12.499999996862243
test-output/timing-methods/20260908-172251/00-gptpair-ftm,gptpair:ftm,1,44.488453,-12.374999997177838
test-output/timing-methods/20260908-172251/00-gptpair-ftm,gptpair:ftm,1,45.48840925,-0.8129999997663617
test-output/timing-methods/20260908-172251/00-gptpair-ftm,gptpair:ftm,1,46.488377437,0.8129999997663617
test-output/timing-methods/20260908-172251/00-gptpair-ftm,gptpair:ftm,1,47.488345625,-0.6249999984220267
test-output/timing-methods/20260908-172251/00-gptpair-ftm,gptpair:ftm,1,48.488313813,0.0
test-output/timing-methods/20260908-172251/00-gptpair-ftm,gptpair:ftm,1,49.488282062,-0.437000004183119
test-output/timing-methods/20260908-172251/00-gptpair-ftm,gptpair:ftm,1,50.48825025,0.18699999770888098
test-output/timing-methods/20260908-172251/00-gptpair-ftm,gptpair:ftm,1,51.488218438,-0.18799999423890768
test-output/timing-methods/20260908-172251/00-gptpair-ftm,gptpair:ftm,1,52.488186625,0.4380000007131457
test-output/timing-methods/20260908-172251/00-gptpair-ftm,gptpair:ftm,1,53.488155875,-0.06299999455450234
test-output/timing-methods/20260908-172251/00-gptpair-ftm,gptpair:ftm,1,54.488123,0.6249999984220267
test-output/timing-methods/20260908-172251/00-gptpair-ftm,gptpair:ftm,1,55.48809125,0.18800000134433503
test-output/timing-methods/20260908-172251/00-gptpair-ftm,gptpair:ftm,1,56.488059437,-0.24999999936881068
test-output/timing-methods/20260908-172251/00-gptpair-ftm,gptpair:ftm,1,57.488027625,-0.6249999984220267
test-output/timing-methods/20260908-172251/00-gptpair-ftm,gptpair:ftm,1,58.487994812,0.9380000065561944
test-output/timing-methods/20260908-172251/00-gptpair-ftm,gptpair:ftm,1,59.487963,0.561999996762097
test-output/timing-methods/20260908-172251/00-mcpwm-ftm,mcpwm:ftm,0,0.423551,-1.250000000008189
test-output/timing-methods/20260908-172251/00-mcpwm-ftm,mcpwm:ftm,0,1.423519187,0.12599999998919031
test-output/timing-methods/20260908-172251/00-mcpwm-ftm,mcpwm:ftm,0,2.423486375,0.8130000002104509
test-output/timing-methods/20260908-172251/00-mcpwm-ftm,mcpwm:ftm,0,3.423455563,0.4369999997422269
test-output/timing-methods/20260908-172251/00-mcpwm-ftm,mcpwm:ftm,0,4.42342375,-0.9370000002562051
test-output/timing-methods/20260908-172251/00-mcpwm-ftm,mcpwm:ftm,0,5.423391937,-0.3120000000578216
test-output/timing-methods/20260908-172251/00-mcpwm-ftm,mcpwm:ftm,0,6.423359125,1.3129999993921615
test-output/timing-methods/20260908-172251/00-mcpwm-ftm,mcpwm:ftm,0,7.423328312,0.0
test-output/timing-methods/20260908-172251/00-mcpwm-ftm,mcpwm:ftm,0,8.4232965,-0.374999999053216
test-output/timing-methods/20260908-172251/00-mcpwm-ftm,mcpwm:ftm,0,9.42326475,-0.8129999997663617
test-output/timing-methods/20260908-172251/00-mcpwm-ftm,mcpwm:ftm,0,10.423231938,0.8119999996836214
test-output/timing-methods/20260908-172251/00-mcpwm-ftm,mcpwm:ftm,0,11.423201125,-0.563000000397551
test-output/timing-methods/20260908-172251/00-mcpwm-ftm,mcpwm:ftm,0,12.423169313,0.061999999800832484
test-output/timing-methods/20260908-172251/00-mcpwm-ftm,mcpwm:ftm,0,13.4231375,-0.31199999916964316
test-output/timing-methods/20260908-172251/00-mcpwm-ftm,mcpwm:ftm,0,14.423105687,0.3760000009123132
test-output/timing-methods/20260908-172251/00-mcpwm-ftm,mcpwm:ftm,0,15.423072875,0.9999999992515995
test-output/timing-methods/20260908-172251/00-mcpwm-ftm,mcpwm:ftm,0,16.423042062,-0.374999999053216
test-output/timing-methods/20260908-172251/00-mcpwm-ftm,mcpwm:ftm,0,17.42301025,-0.7500000016591457
test-output/timing-methods/20260908-172251/00-mcpwm-ftm,mcpwm:ftm,0,18.422977437,0.875000001343551
test-output/timing-methods/20260908-172251/00-mcpwm-ftm,mcpwm:ftm,0,19.422945625,-0.500000002290335
test-output/timing-methods/20260908-172251/00-mcpwm-ftm,mcpwm:ftm,0,20.422914813,-0.8759999978735777
test-output/timing-methods/20260908-172251/00-mcpwm-ftm,mcpwm:ftm,0,21.422883,-0.24999999936881068
test-output/timing-methods/20260908-172251/00-mcpwm-ftm,mcpwm:ftm,0,22.422851188,-0.6880000000819564
test-output/timing-methods/20260908-172251/00-mcpwm-ftm,mcpwm:ftm,0,23.422819375,-0.06299999810721602
test-output/timing-methods/20260908-172251/00-mcpwm-ftm,mcpwm:ftm,0,24.422787563,-1.438000001741102
test-output/timing-methods/20260908-172251/00-mcpwm-ftm,mcpwm:ftm,0,25.42275575,0.18700000126159466
test-output/timing-methods/20260908-172251/00-mcpwm-ftm,mcpwm:ftm,0,26.422723937,-0.18700000126159466
test-output/timing-methods/20260908-172251/00-mcpwm-ftm,mcpwm:ftm,0,27.422692063,-0.563000000397551
test-output/timing-methods/20260908-172251/00-mcpwm-ftm,mcpwm:ftm,0,28.42265925,1.0620000026051457
test-output/timing-methods/20260908-172251/00-mcpwm-ftm,mcpwm:ftm,0,29.422628437,-0.374999999053216
test-output/timing-methods/20260908-172251/00-mcpwm-ftm,mcpwm:ftm,0,30.422595625,0.24999999936881068
test-output/timing-methods/20260908-172251/00-mcpwm-ftm,mcpwm:ftm,0,31.422564812,-0.18700000126159466
test-output/timing-methods/20260908-172251/00-mcpwm-ftm,mcpwm:ftm,0,32.422533,-0.5620000038675244
test-output/timing-methods/20260908-172251/00-mcpwm-ftm,mcpwm:ftm,0,33.422501125,0.0630000016599297
test-output/timing-methods/20260908-172251/00-mcpwm-ftm,mcpwm:ftm,0,34.422469312,-0.3119999973932863
test-output/timing-methods/20260908-172251/00-mcpwm-ftm,mcpwm:ftm,0,35.4224365,1.2499999968440534
test-output/timing-methods/20260908-172251/00-mcpwm-ftm,mcpwm:ftm,0,36.422405625,-0.12499999968440534
test-output/timing-methods/20260908-172251/00-mcpwm-ftm,mcpwm:ftm,0,37.422373812,-1.5619999942373397
test-output/timing-methods/20260908-172251/00-mcpwm-ftm,mcpwm:ftm,0,38.422342,0.0
test-output/timing-methods/20260908-172251/00-mcpwm-ftm,mcpwm:ftm,0,39.422309125,0.6880000000819564
test-output/timing-methods/20260908-172251/00-mcpwm-ftm,mcpwm:ftm,0,40.422278312,0.24999999936881068
test-output/timing-methods/20260908-172251/00-mcpwm-ftm,mcpwm:ftm,0,41.4222455,-0.18700000481430834
test-output/timing-methods/20260908-172251/00-mcpwm-ftm,mcpwm:ftm,0,42.422214625,-1.5630000049782211
test-output/timing-methods/20260908-172251/00-mcpwm-ftm,mcpwm:ftm,0,43.422182812,-1.00000000458067
test-output/timing-methods/20260908-172251/00-mcpwm-ftm,mcpwm:ftm,0,44.422149938,0.625000005527454
test-output/timing-methods/20260908-172251/00-mcpwm-ftm,mcpwm:ftm,0,45.422118125,1.188000005925005
test-output/timing-methods/20260908-172251/00-mcpwm-ftm,mcpwm:ftm,0,46.422086312,0.8129999997663617
test-output/timing-methods/20260908-172251/00-mcpwm-ftm,mcpwm:ftm,0,47.422055437,0.4380000007131457
test-output/timing-methods/20260908-172251/00-mcpwm-ftm,mcpwm:ftm,0,48.422023625,0.6869999964465023
test-output/timing-methods/20260908-172251/00-mcpwm-ftm,mcpwm:ftm,0,49.42199075,0.6249999984220267
test-output/timing-methods/20260908-172251/00-mcpwm-ftm,mcpwm:ftm,0,50.421959937,0.18800000134433503
test-output/timing-methods/20260908-172251/00-mcpwm-ftm,mcpwm:ftm,0,51.421928063,-0.18800000134433503
test-output/timing-methods/20260908-172251/00-mcpwm-ftm,mcpwm:ftm,0,52.421896188,-0.563000000397551
test-output/timing-methods/20260908-172251/00-mcpwm-ftm,mcpwm:ftm,0,53.421864375,-0.0630000016599297
test-output/timing-methods/20260908-172251/00-mcpwm-ftm,mcpwm:ftm,0,54.421831375,0.6880000000819564
test-output/timing-methods/20260908-172251/00-mcpwm-ftm,mcpwm:ftm,0,55.421800688,0.12499999968440534
test-output/timing-methods/20260908-172251/00-mcpwm-ftm,mcpwm:ftm,0,56.421767813,0.37399999541776197
test-output/timing-methods/20260908-172251/00-mcpwm-ftm,mcpwm:ftm,0,57.4217355,0.9380000065561944
test-output/timing-methods/20260908-172251/00-mcpwm-ftm,mcpwm:ftm,0,58.421705125,-0.062000005129903
test-output/timing-methods/20260908-172251/00-mcpwm-ftm,mcpwm:ftm,0,59.421671875,0.561999996762097
test-output/timing-methods/20260908-172251/00-mcpwm-ftm,mcpwm:ftm,1,0.423551,-0.8750000000112834
test-output/timing-methods/20260908-172251/00-mcpwm-ftm,mcpwm:ftm,1,1.423519187,0.7510000001875738
test-output/timing-methods/20260908-172251/00-mcpwm-ftm,mcpwm:ftm,1,2.423486375,0.31300000014056195
test-output/timing-methods/20260908-172251/00-mcpwm-ftm,mcpwm:ftm,1,3.423455563,-1.0630000000233508
test-output/timing-methods/20260908-172251/00-mcpwm-ftm,mcpwm:ftm,1,4.42342375,-0.5000000005139782
test-output/timing-methods/20260908-172251/00-mcpwm-ftm,mcpwm:ftm,1,5.423391937,-0.8739999994844538
test-output/timing-methods/20260908-172251/00-mcpwm-ftm,mcpwm:ftm,1,6.423359125,0.6880000000819564
test-output/timing-methods/20260908-172251/00-mcpwm-ftm,mcpwm:ftm,1,7.423328312,-0.686999999999216
test-output/timing-methods/20260908-172251/00-mcpwm-ftm,mcpwm:ftm,1,8.4232965,-1.1249999989360049
test-output/timing-methods/20260908-172251/00-mcpwm-ftm,mcpwm:ftm,1,9.42326475,-0.563000000397551
test-output/timing-methods/20260908-172251/00-mcpwm-ftm,mcpwm:ftm,1,10.423231938,0.9989999991688592
test-output/timing-methods/20260908-172251/00-mcpwm-ftm,mcpwm:ftm,1,11.423201125,-0.4380000007131457
test-output/timing-methods/20260908-172251/00-mcpwm-ftm,mcpwm:ftm,1,12.423169313,-0.8130000015427186
test-output/timing-methods/20260908-172251/00-mcpwm-ftm,mcpwm:ftm,1,13.4231375,-1.2499999986204102
test-output/timing-methods/20260908-172251/00-mcpwm-ftm,mcpwm:ftm,1,14.423105687,-0.6250000001983835
test-output/timing-methods/20260908-172251/00-mcpwm-ftm,mcpwm:ftm,1,15.423072875,-0.0630000016599297
test-output/timing-methods/20260908-172251/00-mcpwm-ftm,mcpwm:ftm,1,16.423042062,-0.43700000063040534
test-output/timing-methods/20260908-172251/00-mcpwm-ftm,mcpwm:ftm,1,17.42301025,-0.875000001343551
test-output/timing-methods/20260908-172251/00-mcpwm-ftm,mcpwm:ftm,1,18.422977437,0.7509999981891724
test-output/timing-methods/20260908-172251/00-mcpwm-ftm,mcpwm:ftm,1,19.422945625,0.12499999968440534
test-output/timing-methods/20260908-172251/00-mcpwm-ftm,mcpwm:ftm,1,20.422914813,-0.12499999968440534
test-output/timing-methods/20260908-172251/00-mcpwm-ftm,mcpwm:ftm,1,21.422883,0.500000002290335
test-output/timing-methods/20260908-172251/00-mcpwm-ftm,mcpwm:ftm,1,22.422851188,-0.9379999994507671
test-output/timing-methods/20260908-172251/00-mcpwm-ftm,mcpwm:ftm,1,23.422819375,0.6250000019747404
test-output/timing-methods/20260908-172251/00-mcpwm-ftm,mcpwm:ftm,1,24.422787563,-0.7500000016591457
test-output/timing-methods/20260908-172251/00-mcpwm-ftm,mcpwm:ftm,1,25.42275575,-0.18700000126159466
test-output/timing-methods/20260908-172251/00-mcpwm-ftm,mcpwm:ftm,1,26.422723937,-0.624000001892
test-output/timing-methods/20260908-172251/00-mcpwm-ftm,mcpwm:ftm,1,27.422692063,-1.0000000010279564
test-output/timing-methods/20260908-172251/00-mcpwm-ftm,mcpwm:ftm,1,28.42265925,0.6250000019747404
test-output/timing-methods/20260908-172251/00-mcpwm-ftm,mcpwm:ftm,1,29.422628437,0.18800000134433503
test-output/timing-methods/20260908-172251/00-mcpwm-ftm,mcpwm:ftm,1,30.422595625,0.7500000016591457
test-output/timing-methods/20260908-172251/00-mcpwm-ftm,mcpwm:ftm,1,31.422564812,0.3129999974760267
test-output/timing-methods/20260908-172251/00-mcpwm-ftm,mcpwm:ftm,1,32.422533,-1.1250000042650754
test-output/timing-methods/20260908-172251/00-mcpwm-ftm,mcpwm:ftm,1,33.422501125,-0.49999999873762135
test-output/timing-methods/20260908-172251/00-mcpwm-ftm,mcpwm:ftm,1,34.422469312,-0.936999995815313
test-output/timing-methods/20260908-172251/00-mcpwm-ftm,mcpwm:ftm,1,35.4224365,1.6249999958972694
test-output/timing-methods/20260908-172251/00-mcpwm-ftm,mcpwm:ftm,1,36.422405625,0.24999999936881068
test-output/timing-methods/20260908-172251/00-mcpwm-ftm,mcpwm:ftm,1,37.422373812,-1.1869999951841237
test-output/timing-methods/20260908-172251/00-mcpwm-ftm,mcpwm:ftm,1,38.422342,-0.6249999984220267
test-output/timing-methods/20260908-172251/00-mcpwm-ftm,mcpwm:ftm,1,39.422309125,1.00000000458067
test-output/timing-methods/20260908-172251/00-mcpwm-ftm,mcpwm:ftm,1,40.422278312,0.563000000397551
test-output/timing-methods/20260908-172251/00-mcpwm-ftm,mcpwm:ftm,1,41.4222455,1.124999997159648
test-output/timing-methods/20260908-172251/00-mcpwm-ftm,mcpwm:ftm,1,42.422214625,-0.24999999936881068
test-output/timing-methods/20260908-172251/00-mcpwm-ftm,mcpwm:ftm,1,43.422182812,-0.6870000035519297
test-output/timing-methods/20260908-172251/00-mcpwm-ftm,mcpwm:ftm,1,44.422149938,0.437000004183119
test-output/timing-methods/20260908-172251/00-mcpwm-ftm,mcpwm:ftm,1,45.422118125,0.5000000058430487
test-output/timing-methods/20260908-172251/00-mcpwm-ftm,mcpwm:ftm,1,46.422086312,0.0
test-output/timing-methods/20260908-172251/00-mcpwm-ftm,mcpwm:ftm,1,47.422055437,-0.37399999541776197
test-output/timing-methods/20260908-172251/00-mcpwm-ftm,mcpwm:ftm,1,48.422023625,0.18800000134433503
test-output/timing-methods/20260908-172251/00-mcpwm-ftm,mcpwm:ftm,1,49.42199075,-0.18800000134433503
test-output/timing-methods/20260908-172251/00-mcpwm-ftm,mcpwm:ftm,1,50.421959937,-0.6239999947865726
test-output/timing-methods/20260908-172251/00-mcpwm-ftm,mcpwm:ftm,1,51.421928063,-0.0630000016599297
test-output/timing-methods/20260908-172251/00-mcpwm-ftm,mcpwm:ftm,1,52.421896188,-0.500999995267648
test-output/timing-methods/20260908-172251/00-mcpwm-ftm,mcpwm:ftm,1,53.421864375,0.12499999968440534
test-output/timing-methods/20260908-172251/00-mcpwm-ftm,mcpwm:ftm,1,54.421831375,0.8750000048962647
test-output/timing-methods/20260908-172251/00-mcpwm-ftm,mcpwm:ftm,1,55.421800688,-0.7509999946364587
test-output/timing-methods/20260908-172251/00-mcpwm-ftm,mcpwm:ftm,1,56.421767813,-0.12499999968440534
test-output/timing-methods/20260908-172251/00-mcpwm-ftm,mcpwm:ftm,1,57.4217355,0.9380000065561944
test-output/timing-methods/20260908-172251/00-mcpwm-ftm,mcpwm:ftm,1,58.421705125,-1.00000000458067
test-output/timing-methods/20260908-172251/00-mcpwm-ftm,mcpwm:ftm,1,59.421671875,0.9999999974752427
test-output/timing-methods/20260908-172251/01-gptpair-ftm,gptpair:ftm,0,0.110871438,-0.563000000008973
test-output/timing-methods/20260908-172251/01-gptpair-ftm,gptpair:ftm,0,1.110839563,0.06200000002287709
test-output/timing-methods/20260908-172251/01-gptpair-ftm,gptpair:ftm,0,2.110807687,0.6880000000819564
test-output/timing-methods/20260908-172251/01-gptpair-ftm,gptpair:ftm,0,3.110774938,2.1869999997647938
test-output/timing-methods/20260908-172251/01-gptpair-ftm,gptpair:ftm,0,4.110744,-0.12500000057258376
test-output/timing-methods/20260908-172251/01-gptpair-ftm,gptpair:ftm,0,5.110712187,0.4379999998249673
test-output/timing-methods/20260908-172251/01-gptpair-ftm,gptpair:ftm,0,6.110680313,0.0620000006890109
test-output/timing-methods/20260908-172251/01-gptpair-ftm,gptpair:ftm,0,7.1106485,-1.3750000000811724
test-output/timing-methods/20260908-172251/01-gptpair-ftm,gptpair:ftm,0,8.11061575,2.125000001740318
test-output/timing-methods/20260908-172251/01-gptpair-ftm,gptpair:ftm,0,9.110584813,0.875000001343551
test-output/timing-methods/20260908-172251/01-gptpair-ftm,gptpair:ftm,0,10.110552063,0.374999999053216
test-output/timing-methods/20260908-172251/01-gptpair-ftm,gptpair:ftm,0,11.110521125,0.061999999800832484
test-output/timing-methods/20260908-172251/01-gptpair-ftm,gptpair:ftm,0,12.11048925,0.6880000000819564
test-output/timing-methods/20260908-172251/01-gptpair-ftm,gptpair:ftm,0,13.110457437,1.2499999986204102
test-output/timing-methods/20260908-172251/01-gptpair-ftm,gptpair:ftm,0,14.110425562,-1.061999999052432
test-output/timing-methods/20260908-172251/01-gptpair-ftm,gptpair:ftm,0,15.11039375,0.5000000005139782
test-output/timing-methods/20260908-172251/01-gptpair-ftm,gptpair:ftm,0,16.110361875,-0.8749999977908374
test-output/timing-methods/20260908-172251/01-gptpair-ftm,gptpair:ftm,0,17.110335,-5.250000000955879
test-output/timing-methods/20260908-172251/01-gptpair-ftm,gptpair:ftm,0,18.110298187,0.3129999974760267
test-output/timing-methods/20260908-172251/01-gptpair-ftm,gptpair:ftm,0,19.110266312,-0.06200000157718932
test-output/timing-methods/20260908-172251/01-gptpair-ftm,gptpair:ftm,0,20.1102345,11.874999998440217
test-output/timing-methods/20260908-172251/01-gptpair-ftm,gptpair:ftm,0,21.110202625,0.12499999968440534
test-output/timing-methods/20260908-172251/01-gptpair-ftm,gptpair:ftm,0,22.110185812,-3.3120000004771555
test-output/timing-methods/20260908-172251/01-gptpair-ftm,gptpair:ftm,0,23.110138938,-0.6259999985047671
test-output/timing-methods/20260908-172251/01-gptpair-ftm,gptpair:ftm,0,24.110107062,0.06299999810721602
test-output/timing-methods/20260908-172251/01-gptpair-ftm,gptpair:ftm,0,25.110077375,-2.437999999216345
test-output/timing-methods/20260908-172251/01-gptpair-ftm,gptpair:ftm,0,26.110043313,1.250000000396767
test-output/timing-methods/20260908-172251/01-gptpair-ftm,gptpair:ftm,0,27.1100115,13.125000002389697
test-output/timing-methods/20260908-172251/01-gptpair-ftm,gptpair:ftm,0,28.109979625,-1.562000001342767
test-output/timing-methods/20260908-172251/01-gptpair-ftm,gptpair:ftm,0,29.10994775,0.06200000157718932
test-output/timing-methods/20260908-172251/01-gptpair-ftm,gptpair:ftm,0,30.109915875,0.686999999999216
test-output/timing-methods/20260908-172251/01-gptpair-ftm,gptpair:ftm,0,32.109852188,-0.12499999968440534
test-output/timing-methods/20260908-172251/01-gptpair-ftm,gptpair:ftm,0,33.109819375,1.2499999968440534
test-output/timing-methods/20260908-172251/01-gptpair-ftm,gptpair:ftm,0,34.10979025,-0.6880000000819564
test-output/timing-methods/20260908-172251/01-gptpair-ftm,gptpair:ftm,0,35.109756563,-0.25099999589883737
test-output/timing-methods/20260908-172251/01-gptpair-ftm,gptpair:ftm,0,36.109728688,-4.687999997088355
test-output/timing-methods/20260908-172251/01-gptpair-ftm,gptpair:ftm,0,37.109691938,0.8750000048962647
test-output/timing-methods/20260908-172251/01-gptpair-ftm,gptpair:ftm,0,38.109660938,-0.4380000007131457
test-output/timing-methods/20260908-172251/01-gptpair-ftm,gptpair:ftm,0,39.109629125,1.1879999988195777
test-output/timing-methods/20260908-172251/01-gptpair-ftm,gptpair:ftm,0,40.109607438,-11.437999994257098
test-output/timing-methods/20260908-172251/01-gptpair-ftm,gptpair:ftm,0,41.109565313,0.437000004183119
test-output/timing-methods/20260908-172251/01-gptpair-ftm,gptpair:ftm,0,42.109535437,-1.9999999949504854
test-output/timing-methods/20260908-172251/01-gptpair-ftm,gptpair:ftm,0,43.109500688,12.499000000332217
test-output/timing-methods/20260908-172251/01-gptpair-ftm,gptpair:ftm,0,44.109469688,0.24999999936881068
test-output/timing-methods/20260908-172251/01-gptpair-ftm,gptpair:ftm,0,45.109437812,0.8759999943208641
test-output/timing-methods/20260908-172251/01-gptpair-ftm,gptpair:ftm,0,46.109405063,1.373999999998432
test-output/timing-methods/20260908-172251/01-gptpair-ftm,gptpair:ftm,0,47.109374063,0.12499999968440534
test-output/timing-methods/20260908-172251/01-gptpair-ftm,gptpair:ftm,0,48.109342187,0.6880000000819564
test-output/timing-methods/20260908-172251/01-gptpair-ftm,gptpair:ftm,0,49.109310312,0.31300000102874037
test-output/timing-methods/20260908-172251/01-gptpair-ftm,gptpair:ftm,0,50.109283938,-4.562999997403949
test-output/timing-methods/20260908-172251/01-gptpair-ftm,gptpair:ftm,0,51.109246562,0.500999995267648
test-output/timing-methods/20260908-172251/01-gptpair-ftm,gptpair:ftm,0,52.1092275,-12.688000005312006
test-output/timing-methods/20260908-172251/01-gptpair-ftm,gptpair:ftm,0,53.10918275,-0.18700000481430834
test-output/timing-methods/20260908-172251/01-gptpair-ftm,gptpair:ftm,0,54.109149875,0.43699999707769166
test-output/timing-methods/20260908-172251/01-gptpair-ftm,gptpair:ftm,0,55.109119,-0.12499999968440534
test-output/timing-methods/20260908-172251/01-gptpair-ftm,gptpair:ftm,0,56.109086187,1.5629999978727938
test-output/timing-methods/20260908-172251/01-gptpair-ftm,gptpair:ftm,0,57.109054187,1.2500000039494807
test-output/timing-methods/20260908-172251/01-gptpair-ftm,gptpair:ftm,0,58.109023312,0.8750000048962647
test-output/timing-methods/20260908-172251/01-gptpair-ftm,gptpair:ftm,0,59.1089905,0.4380000007131457
test-output/timing-methods/20260908-172251/01-gptpair-ftm,gptpair:ftm,1,0.110871438,-0.7510000000071626
test-output/timing-methods/20260908-172251/01-gptpair-ftm,gptpair:ftm,1,1.110839563,-1.1260000001289683
test-output/timing-methods/20260908-172251/01-gptpair-ftm,gptpair:ftm,1,2.110807687,-0.5619999998707215
test-output/timing-methods/20260908-172251/01-gptpair-ftm,gptpair:ftm,1,3.110774938,-0.06299999988357285
test-output/timing-methods/20260908-172251/01-gptpair-ftm,gptpair:ftm,1,4.110744,0.6249999993102051
test-output/timing-methods/20260908-172251/01-gptpair-ftm,gptpair:ftm,1,5.110712187,0.1880000004561566
test-output/timing-methods/20260908-172251/01-gptpair-ftm,gptpair:ftm,1,6.110680313,-0.24999999936881068
test-output/timing-methods/20260908-172251/01-gptpair-ftm,gptpair:ftm,1,7.1106485,0.31300000014056195
test-output/timing-methods/20260908-172251/01-gptpair-ftm,gptpair:ftm,1,8.11061575,-0.1879999995679782
test-output/timing-methods/20260908-172251/01-gptpair-ftm,gptpair:ftm,1,9.110584813,-0.49999999873762135
test-output/timing-methods/20260908-172251/01-gptpair-ftm,gptpair:ftm,1,10.110552063,0.0
test-output/timing-methods/20260908-172251/01-gptpair-ftm,gptpair:ftm,1,11.110521125,-1.31300000028034
test-output/timing-methods/20260908-172251/01-gptpair-ftm,gptpair:ftm,1,12.11048925,0.24999999936881068
test-output/timing-methods/20260908-172251/01-gptpair-ftm,gptpair:ftm,1,13.110457437,-1.1870000005131942
test-output/timing-methods/20260908-172251/01-gptpair-ftm,gptpair:ftm,1,14.110425562,0.4380000007131457
test-output/timing-methods/20260908-172251/01-gptpair-ftm,gptpair:ftm,1,15.11039375,-0.9999999992515995
test-output/timing-methods/20260908-172251/01-gptpair-ftm,gptpair:ftm,1,16.110361875,0.6250000019747404
test-output/timing-methods/20260908-172251/01-gptpair-ftm,gptpair:ftm,1,17.110335,-3.561999999845966
test-output/timing-methods/20260908-172251/01-gptpair-ftm,gptpair:ftm,1,18.110298187,-0.24900000283878398
test-output/timing-methods/20260908-172251/01-gptpair-ftm,gptpair:ftm,1,19.110266312,-0.624000001892
test-output/timing-methods/20260908-172251/01-gptpair-ftm,gptpair:ftm,1,20.1102345,-0.06200000157718932
test-output/timing-methods/20260908-172251/01-gptpair-ftm,gptpair:ftm,1,21.110202625,0.500000002290335
test-output/timing-methods/20260908-172251/01-gptpair-ftm,gptpair:ftm,1,22.110185812,-15.937000000576518
test-output/timing-methods/20260908-172251/01-gptpair-ftm,gptpair:ftm,1,23.110138938,-1.312999998503983
test-output/timing-methods/20260908-172251/01-gptpair-ftm,gptpair:ftm,1,24.110107062,-0.7490000015764053
test-output/timing-methods/20260908-172251/01-gptpair-ftm,gptpair:ftm,1,25.110077375,-3.124999999215561
test-output/timing-methods/20260908-172251/01-gptpair-ftm,gptpair:ftm,1,26.110043313,-0.49999999873762135
test-output/timing-methods/20260908-172251/01-gptpair-ftm,gptpair:ftm,1,27.1100115,12.812000001360957
test-output/timing-methods/20260908-172251/01-gptpair-ftm,gptpair:ftm,1,28.109979625,-0.3750000026059297
test-output/timing-methods/20260908-172251/01-gptpair-ftm,gptpair:ftm,1,29.10994775,0.24999999936881068
test-output/timing-methods/20260908-172251/01-gptpair-ftm,gptpair:ftm,1,30.109915875,-1.1869999987368374
test-output/timing-methods/20260908-172251/01-gptpair-ftm,gptpair:ftm,1,31.109883125,0.312000000946
test-output/timing-methods/20260908-172251/01-gptpair-ftm,gptpair:ftm,1,32.109852188,-1.0629999991351724
test-output/timing-methods/20260908-172251/01-gptpair-ftm,gptpair:ftm,1,33.109819375,0.49999999873762135
test-output/timing-methods/20260908-172251/01-gptpair-ftm,gptpair:ftm,1,34.10979025,-2.6870000056078425
test-output/timing-methods/20260908-172251/01-gptpair-ftm,gptpair:ftm,1,35.109756563,-1.2510000004795074
test-output/timing-methods/20260908-172251/01-gptpair-ftm,gptpair:ftm,1,36.109728688,-4.687999997088355
test-output/timing-methods/20260908-172251/01-gptpair-ftm,gptpair:ftm,1,37.109691938,-0.18799999423890768
test-output/timing-methods/20260908-172251/01-gptpair-ftm,gptpair:ftm,1,38.109660938,1.6239999993672427
test-output/timing-methods/20260908-172251/01-gptpair-ftm,gptpair:ftm,1,39.109629125,-0.936999995815313
test-output/timing-methods/20260908-172251/01-gptpair-ftm,gptpair:ftm,1,40.109607438,-10.56299999646626
test-output/timing-methods/20260908-172251/01-gptpair-ftm,gptpair:ftm,1,41.109565313,0.3120000044987137
test-output/timing-methods/20260908-172251/01-gptpair-ftm,gptpair:ftm,1,42.109535437,-2.2500000014247235
test-output/timing-methods/20260908-172251/01-gptpair-ftm,gptpair:ftm,1,43.109500688,0.3120000044987137
test-output/timing-methods/20260908-172251/01-gptpair-ftm,gptpair:ftm,1,44.109469688,-0.9379999994507671
test-output/timing-methods/20260908-172251/01-gptpair-ftm,gptpair:ftm,1,45.109437812,0.18799999423890768
test-output/timing-methods/20260908-172251/01-gptpair-ftm,gptpair:ftm,1,46.109405063,0.062000005129903
test-output/timing-methods/20260908-172251/01-gptpair-ftm,gptpair:ftm,1,47.109374063,-1.2510000004795074
test-output/timing-methods/20260908-172251/01-gptpair-ftm,gptpair:ftm,1,48.109342187,-0.625000005527454
test-output/timing-methods/20260908-172251/01-gptpair-ftm,gptpair:ftm,1,49.109310312,-0.061999998024475644
test-output/timing-methods/20260908-172251/01-gptpair-ftm,gptpair:ftm,1,50.109283938,-5.999999999062311
test-output/timing-methods/20260908-172251/01-gptpair-ftm,gptpair:ftm,1,51.109246562,-0.8750000048962647
test-output/timing-methods/20260908-172251/01-gptpair-ftm,gptpair:ftm,1,52.1092275,-13.125000002389697
test-output/timing-methods/20260908-172251/01-gptpair-ftm,gptpair:ftm,1,53.10918275,0.31300000102874037
test-output/timing-methods/20260908-172251/01-gptpair-ftm,gptpair:ftm,1,54.109149875,0.8749999977908374
test-output/timing-methods/20260908-172251/01-gptpair-ftm,gptpair:ftm,1,55.109119,0.43699999707769166
test-output/timing-methods/20260908-172251/01-gptpair-ftm,gptpair:ftm,1,56.109086187,0.9379999994507671
test-output/timing-methods/20260908-172251/01-gptpair-ftm,gptpair:ftm,1,57.109054187,0.6249999984220267
test-output/timing-methods/20260908-172251/01-gptpair-ftm,gptpair:ftm,1,58.109023312,-0.561999996762097
test-output/timing-methods/20260908-172251/01-gptpair-ftm,gptpair:ftm,1,59.1089905,-0.24999999936881068
test-output/timing-methods/20260908-172251/01-mcpwm-ftm,mcpwm:ftm,0,0.963073125,-0.5629999999534618
test-output/timing-methods/20260908-172251/01-mcpwm-ftm,mcpwm:ftm,0,1.96304125,0.06200000002287709
test-output/timing-methods/20260908-172251/01-mcpwm-ftm,mcpwm:ftm,0,2.96300975,-0.5629999999534618
test-output/timing-methods/20260908-172251/01-mcpwm-ftm,mcpwm:ftm,0,3.9629775,0.31300000014056195
test-output/timing-methods/20260908-172251/01-mcpwm-ftm,mcpwm:ftm,0,4.962945625,-0.06299999988357285
test-output/timing-methods/20260908-172251/01-mcpwm-ftm,mcpwm:ftm,0,5.96291375,-0.4379999998249673
test-output/timing-methods/20260908-172251/01-mcpwm-ftm,mcpwm:ftm,0,6.962881875,-0.8119999996836214
test-output/timing-methods/20260908-172251/01-mcpwm-ftm,mcpwm:ftm,0,7.96285,-0.18700000037341624
test-output/timing-methods/20260908-172251/01-mcpwm-ftm,mcpwm:ftm,0,8.962818125,-0.563000000397551
test-output/timing-methods/20260908-172251/01-mcpwm-ftm,mcpwm:ftm,0,9.96278525,1.3750000000811724
test-output/timing-methods/20260908-172251/01-mcpwm-ftm,mcpwm:ftm,0,10.962753813,0.24999999936881068
test-output/timing-methods/20260908-172251/01-mcpwm-ftm,mcpwm:ftm,0,11.9627215,1.3750000000811724
test-output/timing-methods/20260908-172251/01-mcpwm-ftm,mcpwm:ftm,0,12.962690625,0.0
test-output/timing-methods/20260908-172251/01-mcpwm-ftm,mcpwm:ftm,0,13.96265875,-0.374999999053216
test-output/timing-methods/20260908-172251/01-mcpwm-ftm,mcpwm:ftm,0,14.962625875,1.2499999986204102
test-output/timing-methods/20260908-172251/01-mcpwm-ftm,mcpwm:ftm,0,15.962595,-1.1250000007123617
test-output/timing-methods/20260908-172251/01-mcpwm-ftm,mcpwm:ftm,0,16.962562125,0.49999999873762135
test-output/timing-methods/20260908-172251/01-mcpwm-ftm,mcpwm:ftm,0,17.96253125,0.12499999968440534
test-output/timing-methods/20260908-172251/01-mcpwm-ftm,mcpwm:ftm,0,18.962499375,-1.250000000396767
test-output/timing-methods/20260908-172251/01-mcpwm-ftm,mcpwm:ftm,0,19.9624675,-0.6249999984220267
test-output/timing-methods/20260908-172251/01-mcpwm-ftm,mcpwm:ftm,0,20.962435625,-1.0000000010279564
test-output/timing-methods/20260908-172251/01-mcpwm-ftm,mcpwm:ftm,0,21.962403937,-0.12499999968440534
test-output/timing-methods/20260908-172251/01-mcpwm-ftm,mcpwm:ftm,0,22.962371812,0.31300000102874037
test-output/timing-methods/20260908-172251/01-mcpwm-ftm,mcpwm:ftm,0,23.962339938,-0.06299999810721602
test-output/timing-methods/20260908-172251/01-mcpwm-ftm,mcpwm:ftm,0,24.962307062,0.563000000397551
test-output/timing-methods/20260908-172251/01-mcpwm-ftm,mcpwm:ftm,0,25.962275188,1.1869999987368374
test-output/timing-methods/20260908-172251/01-mcpwm-ftm,mcpwm:ftm,0,26.962244313,-0.18799999779162135
test-output/timing-methods/20260908-172251/01-mcpwm-ftm,mcpwm:ftm,0,27.962212437,-0.5620000003148107
test-output/timing-methods/20260908-172251/01-mcpwm-ftm,mcpwm:ftm,0,28.9621795,1.124999997159648
test-output/timing-methods/20260908-172251/01-mcpwm-ftm,mcpwm:ftm,0,29.962147625,0.7500000016591457
test-output/timing-methods/20260908-172251/01-mcpwm-ftm,mcpwm:ftm,0,30.962116625,0.49999999873762135
test-output/timing-methods/20260908-172251/01-mcpwm-ftm,mcpwm:ftm,0,31.962083875,0.9999999974752427
test-output/timing-methods/20260908-172251/01-mcpwm-ftm,mcpwm:ftm,0,32.962052875,-0.24999999936881068
test-output/timing-methods/20260908-172251/01-mcpwm-ftm,mcpwm:ftm,0,33.962021062,0.31300000102874037
test-output/timing-methods/20260908-172251/01-mcpwm-ftm,mcpwm:ftm,0,34.961989188,-0.06299999455450234
test-output/timing-methods/20260908-172251/01-mcpwm-ftm,mcpwm:ftm,0,35.961957312,-0.5000000058430487
test-output/timing-methods/20260908-172251/01-mcpwm-ftm,mcpwm:ftm,0,36.961925437,0.12499999968440534
test-output/timing-methods/20260908-172251/01-mcpwm-ftm,mcpwm:ftm,0,37.9618925,-0.18799999423890768
test-output/timing-methods/20260908-172251/01-mcpwm-ftm,mcpwm:ftm,0,38.961860625,0.43699999707769166
test-output/timing-methods/20260908-172251/01-mcpwm-ftm,mcpwm:ftm,0,39.96182975,-0.9370000029207404
test-output/timing-methods/20260908-172251/01-mcpwm-ftm,mcpwm:ftm,0,40.961797813,-1.25099999337408
test-output/timing-methods/20260908-172251/01-mcpwm-ftm,mcpwm:ftm,0,41.961764937,1.3760000001639128
test-output/timing-methods/20260908-172251/01-mcpwm-ftm,mcpwm:ftm,0,42.961734062,-0.061999998024475644
test-output/timing-methods/20260908-172251/01-mcpwm-ftm,mcpwm:ftm,0,43.961702188,-0.43799999360771835
test-output/timing-methods/20260908-172251/01-mcpwm-ftm,mcpwm:ftm,0,45.961638375,-0.12499999968440534
test-output/timing-methods/20260908-172251/01-mcpwm-ftm,mcpwm:ftm,0,46.961606438,-0.49999999873762135
test-output/timing-methods/20260908-172251/01-mcpwm-ftm,mcpwm:ftm,0,47.961574562,0.12499999968440534
test-output/timing-methods/20260908-172251/01-mcpwm-ftm,mcpwm:ftm,0,48.961541688,0.7500000052118594
test-output/timing-methods/20260908-172251/01-mcpwm-ftm,mcpwm:ftm,0,49.96151075,0.374999999053216
test-output/timing-methods/20260908-172251/01-mcpwm-ftm,mcpwm:ftm,0,50.961478875,0.0
test-output/timing-methods/20260908-172251/01-mcpwm-ftm,mcpwm:ftm,0,51.961445938,0.6870000035519297
test-output/timing-methods/20260908-172251/01-mcpwm-ftm,mcpwm:ftm,0,52.961414062,1.2510000004795074
test-output/timing-methods/20260908-172251/01-mcpwm-ftm,mcpwm:ftm,0,53.961383187,-1.1240000006296214
test-output/timing-methods/20260908-172251/01-mcpwm-ftm,mcpwm:ftm,0,54.96135125,-0.49999999873762135
test-output/timing-methods/20260908-172251/01-mcpwm-ftm,mcpwm:ftm,0,55.961318375,1.1250000042650754
test-output/timing-methods/20260908-172251/01-mcpwm-ftm,mcpwm:ftm,0,56.961287437,-1.187000002289551
test-output/timing-methods/20260908-172251/01-mcpwm-ftm,mcpwm:ftm,0,57.961255562,0.374999999053216
test-output/timing-methods/20260908-172251/01-mcpwm-ftm,mcpwm:ftm,0,58.961222625,0.062000005129903
test-output/timing-methods/20260908-172251/01-mcpwm-ftm,mcpwm:ftm,0,59.96119175,-0.374999999053216
test-output/timing-methods/20260908-172251/01-mcpwm-ftm,mcpwm:ftm,1,0.963073125,0.37500000005241674
test-output/timing-methods/20260908-172251/01-mcpwm-ftm,mcpwm:ftm,1,1.96304125,-0.06200000002287709
test-output/timing-methods/20260908-172251/01-mcpwm-ftm,mcpwm:ftm,1,2.96300975,-0.8750000000112834
test-output/timing-methods/20260908-172251/01-mcpwm-ftm,mcpwm:ftm,1,3.9629775,-1.1249999998241833
test-output/timing-methods/20260908-172251/01-mcpwm-ftm,mcpwm:ftm,1,4.962945625,-0.31299999925238353
test-output/timing-methods/20260908-172251/01-mcpwm-ftm,mcpwm:ftm,1,5.96291375,-0.686999999999216
test-output/timing-methods/20260908-172251/01-mcpwm-ftm,mcpwm:ftm,1,6.962881875,-1.1249999998241833
test-output/timing-methods/20260908-172251/01-mcpwm-ftm,mcpwm:ftm,1,7.96285,-0.5620000003148107
test-output/timing-methods/20260908-172251/01-mcpwm-ftm,mcpwm:ftm,1,8.962818125,0.061999999800832484
test-output/timing-methods/20260908-172251/01-mcpwm-ftm,mcpwm:ftm,1,9.96278525,0.6250000001983835
test-output/timing-methods/20260908-172251/01-mcpwm-ftm,mcpwm:ftm,1,10.962753813,-0.18800000134433503
test-output/timing-methods/20260908-172251/01-mcpwm-ftm,mcpwm:ftm,1,11.9627215,-0.18800000134433503
test-output/timing-methods/20260908-172251/01-mcpwm-ftm,mcpwm:ftm,1,12.962690625,0.374999999053216
test-output/timing-methods/20260908-172251/01-mcpwm-ftm,mcpwm:ftm,1,13.96265875,-0.9999999992515995
test-output/timing-methods/20260908-172251/01-mcpwm-ftm,mcpwm:ftm,1,14.962625875,0.5629999986211942
test-output/timing-methods/20260908-172251/01-mcpwm-ftm,mcpwm:ftm,1,15.962595,-0.8119999996836214
test-output/timing-methods/20260908-172251/01-mcpwm-ftm,mcpwm:ftm,1,16.962562125,0.749999998106432
test-output/timing-methods/20260908-172251/01-mcpwm-ftm,mcpwm:ftm,1,17.96253125,-0.6880000000819564
test-output/timing-methods/20260908-172251/01-mcpwm-ftm,mcpwm:ftm,1,18.962499375,-0.06200000157718932
test-output/timing-methods/20260908-172251/01-mcpwm-ftm,mcpwm:ftm,1,19.9624675,-0.49999999873762135
test-output/timing-methods/20260908-172251/01-mcpwm-ftm,mcpwm:ftm,1,20.962435625,-0.9370000029207404
test-output/timing-methods/20260908-172251/01-mcpwm-ftm,mcpwm:ftm,1,21.962403937,0.563000000397551
test-output/timing-methods/20260908-172251/01-mcpwm-ftm,mcpwm:ftm,1,22.962371812,-0.686999999999216
test-output/timing-methods/20260908-172251/01-mcpwm-ftm,mcpwm:ftm,1,23.962339938,-0.12499999968440534
test-output/timing-methods/20260908-172251/01-mcpwm-ftm,mcpwm:ftm,1,24.962307062,0.4380000007131457
test-output/timing-methods/20260908-172251/01-mcpwm-ftm,mcpwm:ftm,1,25.962275188,0.06200000157718932
test-output/timing-methods/20260908-172251/01-mcpwm-ftm,mcpwm:ftm,1,26.962244313,-0.3759999991359564
test-output/timing-methods/20260908-172251/01-mcpwm-ftm,mcpwm:ftm,1,27.962212437,-0.812000003236335
test-output/timing-methods/20260908-172251/01-mcpwm-ftm,mcpwm:ftm,1,28.9621795,-0.12499999968440534
test-output/timing-methods/20260908-172251/01-mcpwm-ftm,mcpwm:ftm,1,29.962147625,0.43700000063040534
test-output/timing-methods/20260908-172251/01-mcpwm-ftm,mcpwm:ftm,1,30.962116625,-0.875000001343551
test-output/timing-methods/20260908-172251/01-mcpwm-ftm,mcpwm:ftm,1,31.962083875,0.18799999779162135
test-output/timing-methods/20260908-172251/01-mcpwm-ftm,mcpwm:ftm,1,32.962052875,-0.6880000000819564
test-output/timing-methods/20260908-172251/01-mcpwm-ftm,mcpwm:ftm,1,33.962021062,-0.18699999770888098
test-output/timing-methods/20260908-172251/01-mcpwm-ftm,mcpwm:ftm,1,34.961989188,-0.6259999949520534
test-output/timing-methods/20260908-172251/01-mcpwm-ftm,mcpwm:ftm,1,35.961957312,-1.0620000026051457
test-output/timing-methods/20260908-172251/01-mcpwm-ftm,mcpwm:ftm,1,36.961925437,-0.4989999951021673
test-output/timing-methods/20260908-172251/01-mcpwm-ftm,mcpwm:ftm,1,37.9618925,0.18700000481430834
test-output/timing-methods/20260908-172251/01-mcpwm-ftm,mcpwm:ftm,1,38.961860625,0.749999998106432
test-output/timing-methods/20260908-172251/01-mcpwm-ftm,mcpwm:ftm,1,39.96182975,-0.6869999964465023
test-output/timing-methods/20260908-172251/01-mcpwm-ftm,mcpwm:ftm,1,40.961797813,-1.0629999991351724
test-output/timing-methods/20260908-172251/01-mcpwm-ftm,mcpwm:ftm,1,41.961764937,0.49999999873762135
test-output/timing-methods/20260908-172251/01-mcpwm-ftm,mcpwm:ftm,1,42.961734062,-0.936999995815313
test-output/timing-methods/20260908-172251/01-mcpwm-ftm,mcpwm:ftm,1,43.961702188,-0.374999999053216
test-output/timing-methods/20260908-172251/01-mcpwm-ftm,mcpwm:ftm,1,44.961669312,0.24999999936881068
test-output/timing-methods/20260908-172251/01-mcpwm-ftm,mcpwm:ftm,1,45.961638375,-1.124999997159648
test-output/timing-methods/20260908-172251/01-mcpwm-ftm,mcpwm:ftm,1,46.961606438,-0.49999999873762135
test-output/timing-methods/20260908-172251/01-mcpwm-ftm,mcpwm:ftm,1,47.961574562,-0.9370000029207404
test-output/timing-methods/20260908-172251/01-mcpwm-ftm,mcpwm:ftm,1,48.961541688,0.625000005527454
test-output/timing-methods/20260908-172251/01-mcpwm-ftm,mcpwm:ftm,1,49.96151075,0.24999999936881068
test-output/timing-methods/20260908-172251/01-mcpwm-ftm,mcpwm:ftm,1,50.961478875,-1.1869999951841237
test-output/timing-methods/20260908-172251/01-mcpwm-ftm,mcpwm:ftm,1,51.961445938,0.437000004183119
test-output/timing-methods/20260908-172251/01-mcpwm-ftm,mcpwm:ftm,1,52.961414062,0.0
test-output/timing-methods/20260908-172251/01-mcpwm-ftm,mcpwm:ftm,1,53.961383187,0.563000000397551
test-output/timing-methods/20260908-172251/01-mcpwm-ftm,mcpwm:ftm,1,54.96135125,-0.812000003236335
test-output/timing-methods/20260908-172251/01-mcpwm-ftm,mcpwm:ftm,1,55.961318375,-0.24999999936881068
test-output/timing-methods/20260908-172251/01-mcpwm-ftm,mcpwm:ftm,1,56.961287437,-0.625000005527454
test-output/timing-methods/20260908-172251/01-mcpwm-ftm,mcpwm:ftm,1,57.961255562,-1.0619999954997184
test-output/timing-methods/20260908-172251/01-mcpwm-ftm,mcpwm:ftm,1,58.961222625,1.5630000049782211
test-output/timing-methods/20260908-172251/01-mcpwm-ftm,mcpwm:ftm,1,59.96119175,0.12499999968440534
test-output/timing-methods/20260908-172251/02-gptpair-ftm,gptpair:ftm,0,0.919135438,0.37400000008069867
test-output/timing-methods/20260908-172251/02-gptpair-ftm,gptpair:ftm,0,1.919116,-11.187000000134617
test-output/timing-methods/20260908-172251/02-gptpair-ftm,gptpair:ftm,0,2.919070688,1.3750000000811724
test-output/timing-methods/20260908-172251/02-gptpair-ftm,gptpair:ftm,0,3.91903975,1.0630000000233508
test-output/timing-methods/20260908-172251/02-gptpair-ftm,gptpair:ftm,0,4.919007813,0.686999999999216
test-output/timing-methods/20260908-172251/02-gptpair-ftm,gptpair:ftm,0,5.918975937,0.31300000014056195
test-output/timing-methods/20260908-172251/02-gptpair-ftm,gptpair:ftm,0,6.918944125,0.8749999995671942
test-output/timing-methods/20260908-172251/02-gptpair-ftm,gptpair:ftm,0,7.91891125,0.5000000005139782
test-output/timing-methods/20260908-172251/02-gptpair-ftm,gptpair:ftm,0,8.918880313,0.18699999948523782
test-output/timing-methods/20260908-172251/02-gptpair-ftm,gptpair:ftm,0,9.918848437,0.8129999997663617
test-output/timing-methods/20260908-172251/02-gptpair-ftm,gptpair:ftm,0,10.918816562,-0.5620000003148107
test-output/timing-methods/20260908-172251/02-gptpair-ftm,gptpair:ftm,0,11.918783687,0.06299999988357285
test-output/timing-methods/20260908-172251/02-gptpair-ftm,gptpair:ftm,0,12.918752812,0.6880000000819564
test-output/timing-methods/20260908-172251/02-gptpair-ftm,gptpair:ftm,0,13.918719938,1.3120000001975995
test-output/timing-methods/20260908-172251/02-gptpair-ftm,gptpair:ftm,0,14.918688062,1.9380000004787235
test-output/timing-methods/20260908-172251/02-gptpair-ftm,gptpair:ftm,0,15.918657125,0.6250000001983835
test-output/timing-methods/20260908-172251/02-gptpair-ftm,gptpair:ftm,0,16.91862525,-0.7500000016591457
test-output/timing-methods/20260908-172251/02-gptpair-ftm,gptpair:ftm,0,17.918592375,0.875000001343551
test-output/timing-methods/20260908-172251/02-gptpair-ftm,gptpair:ftm,0,18.9185615,0.500000002290335
test-output/timing-methods/20260908-172251/02-gptpair-ftm,gptpair:ftm,0,19.918529625,0.12499999968440534
test-output/timing-methods/20260908-172251/02-gptpair-ftm,gptpair:ftm,0,20.918497688,0.8119999996836214
test-output/timing-methods/20260908-172251/02-gptpair-ftm,gptpair:ftm,0,21.918465812,0.4380000007131457
test-output/timing-methods/20260908-172251/02-gptpair-ftm,gptpair:ftm,0,22.918437875,-2.87499999984675
test-output/timing-methods/20260908-172251/02-gptpair-ftm,gptpair:ftm,0,23.918401063,1.6869999974744587
test-output/timing-methods/20260908-172251/02-gptpair-ftm,gptpair:ftm,0,24.918370187,0.31300000102874037
test-output/timing-methods/20260908-172251/02-gptpair-ftm,gptpair:ftm,0,25.91833825,0.9999999974752427
test-output/timing-methods/20260908-172251/02-gptpair-ftm,gptpair:ftm,0,26.918305437,1.4999999997655777
test-output/timing-methods/20260908-172251/02-gptpair-ftm,gptpair:ftm,0,27.918274437,-0.7490000015764053
test-output/timing-methods/20260908-172251/02-gptpair-ftm,gptpair:ftm,0,28.918242563,0.8740000012608107
test-output/timing-methods/20260908-172251/02-gptpair-ftm,gptpair:ftm,0,29.918210688,0.49900000220759466
test-output/timing-methods/20260908-172251/02-gptpair-ftm,gptpair:ftm,0,30.918178812,0.12499999968440534
test-output/timing-methods/20260908-172251/02-gptpair-ftm,gptpair:ftm,0,31.918145938,0.7490000015764053
test-output/timing-methods/20260908-172251/02-gptpair-ftm,gptpair:ftm,0,32.918115063,0.37399999541776197
test-output/timing-methods/20260908-172251/02-gptpair-ftm,gptpair:ftm,0,33.918083125,1.0619999954997184
test-output/timing-methods/20260908-172251/02-gptpair-ftm,gptpair:ftm,0,34.918062,-10.937999995519476
test-output/timing-methods/20260908-172251/02-gptpair-ftm,gptpair:ftm,0,35.918019313,0.3119999973932863
test-output/timing-methods/20260908-172251/02-gptpair-ftm,gptpair:ftm,0,36.917986437,13.499999994337486
test-output/timing-methods/20260908-172251/02-gptpair-ftm,gptpair:ftm,0,37.917955562,-0.437000004183119
test-output/timing-methods/20260908-172251/02-gptpair-ftm,gptpair:ftm,0,38.917923625,0.24999999936881068
test-output/timing-methods/20260908-172251/02-gptpair-ftm,gptpair:ftm,0,39.91789175,-0.3120000044987137
test-output/timing-methods/20260908-172251/02-gptpair-ftm,gptpair:ftm,0,40.917858875,0.43699999707769166
test-output/timing-methods/20260908-172251/02-gptpair-ftm,gptpair:ftm,0,41.917827,0.06299999455450234
test-output/timing-methods/20260908-172251/02-gptpair-ftm,gptpair:ftm,0,42.917796,0.8129999997663617
test-output/timing-methods/20260908-172251/02-gptpair-ftm,gptpair:ftm,0,43.917764125,-0.563000000397551
test-output/timing-methods/20260908-172251/02-gptpair-ftm,gptpair:ftm,0,44.917732188,0.061999998024475644
test-output/timing-methods/20260908-172251/02-gptpair-ftm,gptpair:ftm,0,45.917700313,-0.312999993923313
test-output/timing-methods/20260908-172251/02-gptpair-ftm,gptpair:ftm,0,46.917668375,-0.6249999984220267
test-output/timing-methods/20260908-172251/02-gptpair-ftm,gptpair:ftm,0,47.9176405,-1.937000000395983
test-output/timing-methods/20260908-172251/02-gptpair-ftm,gptpair:ftm,0,48.917604625,0.563000000397551
test-output/timing-methods/20260908-172251/02-gptpair-ftm,gptpair:ftm,0,49.917572687,-0.7500000052118594
test-output/timing-methods/20260908-172251/02-gptpair-ftm,gptpair:ftm,0,50.917540813,-0.18800000134433503
test-output/timing-methods/20260908-172251/02-gptpair-ftm,gptpair:ftm,0,51.917508875,-0.5000000058430487
test-output/timing-methods/20260908-172251/02-gptpair-ftm,gptpair:ftm,0,52.917477,0.062000005129903
test-output/timing-methods/20260908-172251/02-gptpair-ftm,gptpair:ftm,0,53.917445063,-0.24999999936881068
test-output/timing-methods/20260908-172251/02-gptpair-ftm,gptpair:ftm,0,54.917413188,0.374999999053216
test-output/timing-methods/20260908-172251/02-gptpair-ftm,gptpair:ftm,0,55.91738125,1.00000000458067
test-output/timing-methods/20260908-172251/02-gptpair-ftm,gptpair:ftm,0,56.917348375,0.6249999984220267
test-output/timing-methods/20260908-172251/02-gptpair-ftm,gptpair:ftm,0,57.917317375,0.312999993923313
test-output/timing-methods/20260908-172251/02-gptpair-ftm,gptpair:ftm,0,58.9172855,-0.0630000016599297
test-output/timing-methods/20260908-172251/02-gptpair-ftm,gptpair:ftm,0,59.917253563,0.6239999947865726
test-output/timing-methods/20260908-172251/02-gptpair-ftm,gptpair:ftm,1,0.919135438,-0.7499999999938112
test-output/timing-methods/20260908-172251/02-gptpair-ftm,gptpair:ftm,1,1.919116,-11.436999999947517
test-output/timing-methods/20260908-172251/02-gptpair-ftm,gptpair:ftm,1,2.919070688,0.37499999994139444
test-output/timing-methods/20260908-172251/02-gptpair-ftm,gptpair:ftm,1,3.91903975,1.000000000139778
test-output/timing-methods/20260908-172251/02-gptpair-ftm,gptpair:ftm,1,4.919007813,0.6239999992274647
test-output/timing-methods/20260908-172251/02-gptpair-ftm,gptpair:ftm,1,5.918975937,0.25100000033972947
test-output/timing-methods/20260908-172251/02-gptpair-ftm,gptpair:ftm,1,6.918944125,-0.2500000002569891
test-output/timing-methods/20260908-172251/02-gptpair-ftm,gptpair:ftm,1,7.91891125,2.313000000420118
test-output/timing-methods/20260908-172251/02-gptpair-ftm,gptpair:ftm,1,8.918880313,-0.06299999988357285
test-output/timing-methods/20260908-172251/02-gptpair-ftm,gptpair:ftm,1,9.918848437,-0.498999998654881
test-output/timing-methods/20260908-172251/02-gptpair-ftm,gptpair:ftm,1,10.918816562,-0.8739999994844538
test-output/timing-methods/20260908-172251/02-gptpair-ftm,gptpair:ftm,1,11.918783687,-0.31199999916964316
test-output/timing-methods/20260908-172251/02-gptpair-ftm,gptpair:ftm,1,12.918752812,0.2510000012279079
test-output/timing-methods/20260908-172251/02-gptpair-ftm,gptpair:ftm,1,13.918719938,-0.1259999997671457
test-output/timing-methods/20260908-172251/02-gptpair-ftm,gptpair:ftm,1,14.918688062,0.4380000007131457
test-output/timing-methods/20260908-172251/02-gptpair-ftm,gptpair:ftm,1,15.918657125,0.06200000157718932
test-output/timing-methods/20260908-172251/02-gptpair-ftm,gptpair:ftm,1,16.91862525,-0.31300000102874037
test-output/timing-methods/20260908-172251/02-gptpair-ftm,gptpair:ftm,1,17.918592375,0.24999999936881068
test-output/timing-methods/20260908-172251/02-gptpair-ftm,gptpair:ftm,1,18.9185615,-0.18799999779162135
test-output/timing-methods/20260908-172251/02-gptpair-ftm,gptpair:ftm,1,19.918529625,-0.563000000397551
test-output/timing-methods/20260908-172251/02-gptpair-ftm,gptpair:ftm,1,20.918497688,-0.9379999994507671
test-output/timing-methods/20260908-172251/02-gptpair-ftm,gptpair:ftm,1,21.918465812,0.6249999984220267
test-output/timing-methods/20260908-172251/02-gptpair-ftm,gptpair:ftm,1,22.918437875,-4.749999998665544
test-output/timing-methods/20260908-172251/02-gptpair-ftm,gptpair:ftm,1,23.918401063,0.8119999996836214
test-output/timing-methods/20260908-172251/02-gptpair-ftm,gptpair:ftm,1,24.918370187,0.3759999991359564
test-output/timing-methods/20260908-172251/02-gptpair-ftm,gptpair:ftm,1,25.91833825,0.0
test-output/timing-methods/20260908-172251/02-gptpair-ftm,gptpair:ftm,1,26.918305437,0.5009999988203617
test-output/timing-methods/20260908-172251/02-gptpair-ftm,gptpair:ftm,1,27.918274437,0.24999999936881068
test-output/timing-methods/20260908-172251/02-gptpair-ftm,gptpair:ftm,1,28.918242563,-1.1879999988195777
test-output/timing-methods/20260908-172251/02-gptpair-ftm,gptpair:ftm,1,29.918210688,-0.6259999985047671
test-output/timing-methods/20260908-172251/02-gptpair-ftm,gptpair:ftm,1,30.918178812,-1.061999999052432
test-output/timing-methods/20260908-172251/02-gptpair-ftm,gptpair:ftm,1,31.918145938,-0.49999999873762135
test-output/timing-methods/20260908-172251/02-gptpair-ftm,gptpair:ftm,1,32.918115063,0.12399999604895129
test-output/timing-methods/20260908-172251/02-gptpair-ftm,gptpair:ftm,1,33.918083125,-0.24999999936881068
test-output/timing-methods/20260908-172251/02-gptpair-ftm,gptpair:ftm,1,34.918062,-10.437999996781855
test-output/timing-methods/20260908-172251/02-gptpair-ftm,gptpair:ftm,1,35.918019313,-1.0629999991351724
test-output/timing-methods/20260908-172251/02-gptpair-ftm,gptpair:ftm,1,36.917986437,0.49999999873762135
test-output/timing-methods/20260908-172251/02-gptpair-ftm,gptpair:ftm,1,37.917955562,0.06299999455450234
test-output/timing-methods/20260908-172251/02-gptpair-ftm,gptpair:ftm,1,38.917923625,-0.3119999973932863
test-output/timing-methods/20260908-172251/02-gptpair-ftm,gptpair:ftm,1,39.91789175,0.312999993923313
test-output/timing-methods/20260908-172251/02-gptpair-ftm,gptpair:ftm,1,40.917858875,0.8749999977908374
test-output/timing-methods/20260908-172251/02-gptpair-ftm,gptpair:ftm,1,41.917827,1.4369999945529344
test-output/timing-methods/20260908-172251/02-gptpair-ftm,gptpair:ftm,1,42.917796,1.124999997159648
test-output/timing-methods/20260908-172251/02-gptpair-ftm,gptpair:ftm,1,43.917764125,-1.311999994868529
test-output/timing-methods/20260908-172251/02-gptpair-ftm,gptpair:ftm,1,44.917732188,1.311999994868529
test-output/timing-methods/20260908-172251/02-gptpair-ftm,gptpair:ftm,1,45.917700313,-1.126000000795102
test-output/timing-methods/20260908-172251/02-gptpair-ftm,gptpair:ftm,1,46.917668375,-0.24999999936881068
test-output/timing-methods/20260908-172251/02-gptpair-ftm,gptpair:ftm,1,47.9176405,-2.9379999944012525
test-output/timing-methods/20260908-172251/02-gptpair-ftm,gptpair:ftm,1,48.917604625,0.6249999984220267
test-output/timing-methods/20260908-172251/02-gptpair-ftm,gptpair:ftm,1,49.917572687,0.24999999936881068
test-output/timing-methods/20260908-172251/02-gptpair-ftm,gptpair:ftm,1,50.917540813,-1.1879999988195777
test-output/timing-methods/20260908-172251/02-gptpair-ftm,gptpair:ftm,1,51.917508875,-1.5630000049782211
test-output/timing-methods/20260908-172251/02-gptpair-ftm,gptpair:ftm,1,52.917477,-0.9999999974752427
test-output/timing-methods/20260908-172251/02-gptpair-ftm,gptpair:ftm,1,53.917445063,-1.3760000001639128
test-output/timing-methods/20260908-172251/02-gptpair-ftm,gptpair:ftm,1,54.917413188,1.6870000010271724
test-output/timing-methods/20260908-172251/02-gptpair-ftm,gptpair:ftm,1,55.91738125,-1.1869999951841237
test-output/timing-methods/20260908-172251/02-gptpair-ftm,gptpair:ftm,1,56.917348375,2.3749999940037014
test-output/timing-methods/20260908-172251/02-gptpair-ftm,gptpair:ftm,1,57.917317375,0.8749999977908374
test-output/timing-methods/20260908-172251/02-gptpair-ftm,gptpair:ftm,1,58.9172855,0.49999999873762135
test-output/timing-methods/20260908-172251/02-gptpair-ftm,gptpair:ftm,1,59.917253563,0.18699999770888098
test-output/timing-methods/20260908-172251/02-mcpwm-ftm,mcpwm:ftm,0,0.430335062,-0.6249999999763389
test-output/timing-methods/20260908-172251/02-mcpwm-ftm,mcpwm:ftm,0,1.430303188,0.0
test-output/timing-methods/20260908-172251/02-mcpwm-ftm,mcpwm:ftm,0,2.430270312,0.5629999999534618
test-output/timing-methods/20260908-172251/02-mcpwm-ftm,mcpwm:ftm,0,3.430238375,1.2499999999526779
test-output/timing-methods/20260908-172251/02-mcpwm-ftm,mcpwm:ftm,0,4.4302075,-0.12499999968440534
test-output/timing-methods/20260908-172251/02-mcpwm-ftm,mcpwm:ftm,0,5.430175625,-0.5000000005139782
test-output/timing-methods/20260908-172251/02-mcpwm-ftm,mcpwm:ftm,0,6.4301435,0.37499999994139444
test-output/timing-methods/20260908-172251/02-mcpwm-ftm,mcpwm:ftm,0,7.430111812,-0.18699999948523782
test-output/timing-methods/20260908-172251/02-mcpwm-ftm,mcpwm:ftm,0,8.430079938,0.37399999897047564
test-output/timing-methods/20260908-172251/02-mcpwm-ftm,mcpwm:ftm,0,9.430048,0.061999999800832484
test-output/timing-methods/20260908-172251/02-mcpwm-ftm,mcpwm:ftm,0,10.430015125,0.6880000000819564
test-output/timing-methods/20260908-172251/02-mcpwm-ftm,mcpwm:ftm,0,11.42998425,0.31199999916964316
test-output/timing-methods/20260908-172251/02-mcpwm-ftm,mcpwm:ftm,0,12.429952312,0.0
test-output/timing-methods/20260908-172251/02-mcpwm-ftm,mcpwm:ftm,0,13.429920437,-0.37399999897047564
test-output/timing-methods/20260908-172251/02-mcpwm-ftm,mcpwm:ftm,0,14.429888563,0.2489999992860703
test-output/timing-methods/20260908-172251/02-mcpwm-ftm,mcpwm:ftm,0,15.42985575,0.8119999996836214
test-output/timing-methods/20260908-172251/02-mcpwm-ftm,mcpwm:ftm,0,16.42982475,-0.4380000007131457
test-output/timing-methods/20260908-172251/02-mcpwm-ftm,mcpwm:ftm,0,17.429792875,0.18700000126159466
test-output/timing-methods/20260908-172251/02-mcpwm-ftm,mcpwm:ftm,0,18.429760937,-0.18700000126159466
test-output/timing-methods/20260908-172251/02-mcpwm-ftm,mcpwm:ftm,0,19.429728063,0.43700000063040534
test-output/timing-methods/20260908-172251/02-mcpwm-ftm,mcpwm:ftm,0,20.429697188,-0.9379999994507671
test-output/timing-methods/20260908-172251/02-mcpwm-ftm,mcpwm:ftm,0,21.42966525,-1.250000000396767
test-output/timing-methods/20260908-172251/02-mcpwm-ftm,mcpwm:ftm,0,22.429633375,0.374999999053216
test-output/timing-methods/20260908-172251/02-mcpwm-ftm,mcpwm:ftm,0,23.4296015,0.0
test-output/timing-methods/20260908-172251/02-mcpwm-ftm,mcpwm:ftm,0,24.429568562,0.6880000000819564
test-output/timing-methods/20260908-172251/02-mcpwm-ftm,mcpwm:ftm,0,25.429537688,0.24999999936881068
test-output/timing-methods/20260908-172251/02-mcpwm-ftm,mcpwm:ftm,0,26.42950575,-1.0629999991351724
test-output/timing-methods/20260908-172251/02-mcpwm-ftm,mcpwm:ftm,0,27.429473875,-0.43700000063040534
test-output/timing-methods/20260908-172251/02-mcpwm-ftm,mcpwm:ftm,0,28.429442,0.18799999779162135
test-output/timing-methods/20260908-172251/02-mcpwm-ftm,mcpwm:ftm,0,29.429410063,-1.1259999972423884
test-output/timing-methods/20260908-172251/02-mcpwm-ftm,mcpwm:ftm,0,30.429378187,-0.5620000003148107
test-output/timing-methods/20260908-172251/02-mcpwm-ftm,mcpwm:ftm,0,31.42934525,1.1250000007123617
test-output/timing-methods/20260908-172251/02-mcpwm-ftm,mcpwm:ftm,0,32.429314375,-0.24999999936881068
test-output/timing-methods/20260908-172251/02-mcpwm-ftm,mcpwm:ftm,0,33.429282437,0.4380000007131457
test-output/timing-methods/20260908-172251/02-mcpwm-ftm,mcpwm:ftm,0,34.429249562,1.0009999940052694
test-output/timing-methods/20260908-172251/02-mcpwm-ftm,mcpwm:ftm,0,35.429218562,-0.24999999936881068
test-output/timing-methods/20260908-172251/02-mcpwm-ftm,mcpwm:ftm,0,36.42918675,0.3119999973932863
test-output/timing-methods/20260908-172251/02-mcpwm-ftm,mcpwm:ftm,0,37.429154813,-0.06299999455450234
test-output/timing-methods/20260908-172251/02-mcpwm-ftm,mcpwm:ftm,0,38.429122937,-0.9370000029207404
test-output/timing-methods/20260908-172251/02-mcpwm-ftm,mcpwm:ftm,0,39.429091,0.24999999936881068
test-output/timing-methods/20260908-172251/02-mcpwm-ftm,mcpwm:ftm,0,40.429059125,-1.1879999988195777
test-output/timing-methods/20260908-172251/02-mcpwm-ftm,mcpwm:ftm,0,41.429026187,-0.4989999951021673
test-output/timing-methods/20260908-172251/02-mcpwm-ftm,mcpwm:ftm,0,42.428995562,-0.12499999968440534
test-output/timing-methods/20260908-172251/02-mcpwm-ftm,mcpwm:ftm,0,43.428962375,0.7500000052118594
test-output/timing-methods/20260908-172251/02-mcpwm-ftm,mcpwm:ftm,0,44.428931625,0.25000000647423803
test-output/timing-methods/20260908-172251/02-mcpwm-ftm,mcpwm:ftm,0,45.428899562,0.0
test-output/timing-methods/20260908-172251/02-mcpwm-ftm,mcpwm:ftm,0,46.428867625,-0.3120000044987137
test-output/timing-methods/20260908-172251/02-mcpwm-ftm,mcpwm:ftm,0,47.428835687,0.312999993923313
test-output/timing-methods/20260908-172251/02-mcpwm-ftm,mcpwm:ftm,0,48.428803812,-0.061999998024475644
test-output/timing-methods/20260908-172251/02-mcpwm-ftm,mcpwm:ftm,0,49.428771875,-0.4380000007131457
test-output/timing-methods/20260908-172251/02-mcpwm-ftm,mcpwm:ftm,0,50.428738938,1.1869999951841237
test-output/timing-methods/20260908-172251/02-mcpwm-ftm,mcpwm:ftm,0,51.428708063,-0.18800000134433503
test-output/timing-methods/20260908-172251/02-mcpwm-ftm,mcpwm:ftm,0,52.428676125,-0.5000000058430487
test-output/timing-methods/20260908-172251/02-mcpwm-ftm,mcpwm:ftm,0,53.428644187,0.12499999968440534
test-output/timing-methods/20260908-172251/02-mcpwm-ftm,mcpwm:ftm,0,54.42861225,-1.187000002289551
test-output/timing-methods/20260908-172251/02-mcpwm-ftm,mcpwm:ftm,0,55.428580375,-0.625000005527454
test-output/timing-methods/20260908-172251/02-mcpwm-ftm,mcpwm:ftm,0,56.428547438,1.0619999954997184
test-output/timing-methods/20260908-172251/02-mcpwm-ftm,mcpwm:ftm,0,57.4285165,-0.3119999973932863
test-output/timing-methods/20260908-172251/02-mcpwm-ftm,mcpwm:ftm,0,58.428484563,-0.6259999949520534
test-output/timing-methods/20260908-172251/02-mcpwm-ftm,mcpwm:ftm,0,59.428452687,-0.12499999968440534
test-output/timing-methods/20260908-172251/02-mcpwm-ftm,mcpwm:ftm,1,0.430335062,-0.4989999999871486
test-output/timing-methods/20260908-172251/02-mcpwm-ftm,mcpwm:ftm,1,1.430303188,-0.9379999998948563
test-output/timing-methods/20260908-172251/02-mcpwm-ftm,mcpwm:ftm,1,2.430270312,0.6879999996378672
test-output/timing-methods/20260908-172251/02-mcpwm-ftm,mcpwm:ftm,1,3.430238375,0.31300000014056195
test-output/timing-methods/20260908-172251/02-mcpwm-ftm,mcpwm:ftm,1,4.4302075,-1.1249999998241833
test-output/timing-methods/20260908-172251/02-mcpwm-ftm,mcpwm:ftm,1,5.430175625,-0.5620000003148107
test-output/timing-methods/20260908-172251/02-mcpwm-ftm,mcpwm:ftm,1,6.4301435,-0.7499999998827889
test-output/timing-methods/20260908-172251/02-mcpwm-ftm,mcpwm:ftm,1,7.430111812,-0.37499999994139444
test-output/timing-methods/20260908-172251/02-mcpwm-ftm,mcpwm:ftm,1,8.430079938,-0.9380000012271239
test-output/timing-methods/20260908-172251/02-mcpwm-ftm,mcpwm:ftm,1,9.430048,-1.1249999989360049
test-output/timing-methods/20260908-172251/02-mcpwm-ftm,mcpwm:ftm,1,10.430015125,0.4369999988540485
test-output/timing-methods/20260908-172251/02-mcpwm-ftm,mcpwm:ftm,1,11.42998425,-1.0000000010279564
test-output/timing-methods/20260908-172251/02-mcpwm-ftm,mcpwm:ftm,1,12.429952312,0.6880000000819564
test-output/timing-methods/20260908-172251/02-mcpwm-ftm,mcpwm:ftm,1,13.429920437,0.24999999936881068
test-output/timing-methods/20260908-172251/02-mcpwm-ftm,mcpwm:ftm,1,14.429888563,-1.1880000005959346
test-output/timing-methods/20260908-172251/02-mcpwm-ftm,mcpwm:ftm,1,15.42985575,0.31300000102874037
test-output/timing-methods/20260908-172251/02-mcpwm-ftm,mcpwm:ftm,1,16.42982475,-1.0000000010279564
test-output/timing-methods/20260908-172251/02-mcpwm-ftm,mcpwm:ftm,1,17.429792875,-0.374999999053216
test-output/timing-methods/20260908-172251/02-mcpwm-ftm,mcpwm:ftm,1,18.429760937,-0.7490000015764053
test-output/timing-methods/20260908-172251/02-mcpwm-ftm,mcpwm:ftm,1,19.429728063,-0.18799999779162135
test-output/timing-methods/20260908-172251/02-mcpwm-ftm,mcpwm:ftm,1,20.429697188,-0.6259999985047671
test-output/timing-methods/20260908-172251/02-mcpwm-ftm,mcpwm:ftm,1,21.42966525,-0.9369999993680267
test-output/timing-methods/20260908-172251/02-mcpwm-ftm,mcpwm:ftm,1,22.429633375,-0.3750000026059297
test-output/timing-methods/20260908-172251/02-mcpwm-ftm,mcpwm:ftm,1,23.4296015,-0.8129999997663617
test-output/timing-methods/20260908-172251/02-mcpwm-ftm,mcpwm:ftm,1,24.429568562,-0.18700000126159466
test-output/timing-methods/20260908-172251/02-mcpwm-ftm,mcpwm:ftm,1,25.429537688,-0.7509999981891724
test-output/timing-methods/20260908-172251/02-mcpwm-ftm,mcpwm:ftm,1,26.42950575,-0.9379999994507671
test-output/timing-methods/20260908-172251/02-mcpwm-ftm,mcpwm:ftm,1,27.429473875,0.6250000019747404
test-output/timing-methods/20260908-172251/02-mcpwm-ftm,mcpwm:ftm,1,28.429442,-0.812000003236335
test-output/timing-methods/20260908-172251/02-mcpwm-ftm,mcpwm:ftm,1,29.429410063,-0.18799999779162135
test-output/timing-methods/20260908-172251/02-mcpwm-ftm,mcpwm:ftm,1,30.429378187,-0.624000001892
test-output/timing-methods/20260908-172251/02-mcpwm-ftm,mcpwm:ftm,1,31.42934525,0.0
test-output/timing-methods/20260908-172251/02-mcpwm-ftm,mcpwm:ftm,1,32.429314375,-0.43799999360771835
test-output/timing-methods/20260908-172251/02-mcpwm-ftm,mcpwm:ftm,1,33.429282437,-0.748999994470978
test-output/timing-methods/20260908-172251/02-mcpwm-ftm,mcpwm:ftm,1,34.429249562,-0.18700000481430834
test-output/timing-methods/20260908-172251/02-mcpwm-ftm,mcpwm:ftm,1,35.429218562,-0.437000004183119
test-output/timing-methods/20260908-172251/02-mcpwm-ftm,mcpwm:ftm,1,36.42918675,-0.9999999974752427
test-output/timing-methods/20260908-172251/02-mcpwm-ftm,mcpwm:ftm,1,37.429154813,-0.374999999053216
test-output/timing-methods/20260908-172251/02-mcpwm-ftm,mcpwm:ftm,1,38.429122937,-0.812000003236335
test-output/timing-methods/20260908-172251/02-mcpwm-ftm,mcpwm:ftm,1,39.429091,-1.187000002289551
test-output/timing-methods/20260908-172251/02-mcpwm-ftm,mcpwm:ftm,1,40.429059125,-0.625000005527454
test-output/timing-methods/20260908-172251/02-mcpwm-ftm,mcpwm:ftm,1,41.429026187,0.0
test-output/timing-methods/20260908-172251/02-mcpwm-ftm,mcpwm:ftm,1,42.428995562,-0.6869999964465023
test-output/timing-methods/20260908-172251/02-mcpwm-ftm,mcpwm:ftm,1,43.428962375,1.188000005925005
test-output/timing-methods/20260908-172251/02-mcpwm-ftm,mcpwm:ftm,1,44.428931625,-1.2499999968440534
test-output/timing-methods/20260908-172251/02-mcpwm-ftm,mcpwm:ftm,1,45.428899562,-0.6239999947865726
test-output/timing-methods/20260908-172251/02-mcpwm-ftm,mcpwm:ftm,1,46.428867625,-0.374999999053216
test-output/timing-methods/20260908-172251/02-mcpwm-ftm,mcpwm:ftm,1,47.428835687,0.6259999949520534
test-output/timing-methods/20260908-172251/02-mcpwm-ftm,mcpwm:ftm,1,48.428803812,0.18800000134433503
test-output/timing-methods/20260908-172251/02-mcpwm-ftm,mcpwm:ftm,1,49.428771875,-0.18700000481430834
test-output/timing-methods/20260908-172251/02-mcpwm-ftm,mcpwm:ftm,1,50.428738938,1.4369999945529344
test-output/timing-methods/20260908-172251/02-mcpwm-ftm,mcpwm:ftm,1,51.428708063,-1.00000000458067
test-output/timing-methods/20260908-172251/02-mcpwm-ftm,mcpwm:ftm,1,52.428676125,-0.4380000007131457
test-output/timing-methods/20260908-172251/02-mcpwm-ftm,mcpwm:ftm,1,53.428644187,0.18799999423890768
test-output/timing-methods/20260908-172251/02-mcpwm-ftm,mcpwm:ftm,1,54.42861225,-1.187000002289551
test-output/timing-methods/20260908-172251/02-mcpwm-ftm,mcpwm:ftm,1,55.428580375,-0.625000005527454
test-output/timing-methods/20260908-172251/02-mcpwm-ftm,mcpwm:ftm,1,56.428547438,0.0
test-output/timing-methods/20260908-172251/02-mcpwm-ftm,mcpwm:ftm,1,57.4285165,-0.374999999053216
test-output/timing-methods/20260908-172251/02-mcpwm-ftm,mcpwm:ftm,1,58.428484563,-0.500999995267648
test-output/timing-methods/20260908-172251/02-mcpwm-ftm,mcpwm:ftm,1,59.428452687,-1.2489999932085993
test-output/timing-methods/20260908-172251/02-mcpwm-ftm,mcpwm:ftm,3,35.429218562,-0.8750000048962647
test-output/timing-methods/20260908-172251/02-mcpwm-ftm,mcpwm:ftm,3,36.42918675,-0.3119999973932863
test-output/timing-methods/20260908-172251/02-mcpwm-ftm,mcpwm:ftm,3,37.429154813,-0.6880000000819564
test-output/timing-methods/20260908-172251/02-mcpwm-ftm,mcpwm:ftm,3,38.429122937,-0.812000003236335
test-output/timing-methods/20260908-172251/02-mcpwm-ftm,mcpwm:ftm,3,39.429091,-0.374999999053216
test-output/timing-methods/20260908-172251/02-mcpwm-ftm,mcpwm:ftm,3,40.429059125,-0.3120000044987137
test-output/timing-methods/20260908-172251/02-mcpwm-ftm,mcpwm:ftm,3,41.429026187,-0.12399999604895129
test-output/timing-methods/20260908-172251/02-mcpwm-ftm,mcpwm:ftm,3,43.428962375,0.12499999968440534
test-output/timing-methods/20260908-172251/02-mcpwm-ftm,mcpwm:ftm,3,44.428931625,-0.43799999360771835
test-output/timing-methods/20260908-172251/02-mcpwm-ftm,mcpwm:ftm,3,45.428899562,-0.6239999947865726
test-output/timing-methods/20260908-172251/02-mcpwm-ftm,mcpwm:ftm,3,46.428867625,-1.00000000458067
test-output/timing-methods/20260908-172251/02-mcpwm-ftm,mcpwm:ftm,3,47.428835687,-0.3120000044987137
test-output/timing-methods/20260908-172251/02-mcpwm-ftm,mcpwm:ftm,3,48.428803812,-0.6869999964465023
test-output/timing-methods/20260908-172251/02-mcpwm-ftm,mcpwm:ftm,3,49.428771875,-1.0629999991351724
test-output/timing-methods/20260908-172251/02-mcpwm-ftm,mcpwm:ftm,3,50.428738938,0.6239999947865726
test-output/timing-methods/20260908-172251/02-mcpwm-ftm,mcpwm:ftm,3,51.428708063,-0.8129999997663617
test-output/timing-methods/20260908-172251/02-mcpwm-ftm,mcpwm:ftm,3,52.428676125,-1.1250000042650754
test-output/timing-methods/20260908-172251/02-mcpwm-ftm,mcpwm:ftm,3,53.428644187,-0.437000004183119
test-output/timing-methods/20260908-172251/02-mcpwm-ftm,mcpwm:ftm,3,54.42861225,-0.812000003236335
test-output/timing-methods/20260908-172251/02-mcpwm-ftm,mcpwm:ftm,3,55.428580375,-0.18700000481430834
test-output/timing-methods/20260908-172251/02-mcpwm-ftm,mcpwm:ftm,3,56.428547438,0.8119999961309077
test-output/timing-methods/20260908-172251/02-mcpwm-ftm,mcpwm:ftm,3,57.4285165,-0.8749999977908374
test-output/timing-methods/20260908-172251/02-mcpwm-ftm,mcpwm:ftm,3,58.428484563,-0.25099999589883737
test-output/timing-methods/20260908-172251/02-mcpwm-ftm,mcpwm:ftm,3,59.428452687,-0.6249999984220267
test-output/timing-methods/20260908-173016/00-mcpwm-ftm,mcpwm:ftm,0,0.661630437,-0.37399999996967637
test-output/timing-methods/20260908-173016/00-mcpwm-ftm,mcpwm:ftm,0,1.661598563,0.2499999998128999
test-output/timing-methods/20260908-173016/00-mcpwm-ftm,mcpwm:ftm,0,2.66156575,-0.1880000000120674
test-output/timing-methods/20260908-173016/00-mcpwm-ftm,mcpwm:ftm,0,3.661534875,0.4369999997422269
test-output/timing-methods/20260908-173016/00-mcpwm-ftm,mcpwm:ftm,0,4.661503062,0.0
test-output/timing-methods/20260908-173016/00-mcpwm-ftm,mcpwm:ftm,0,5.661471188,0.0
test-output/timing-methods/20260908-173016/00-mcpwm-ftm,mcpwm:ftm,0,6.661439375,0.1880000004561566
test-output/timing-methods/20260908-173016/00-mcpwm-ftm,mcpwm:ftm,0,7.6614075,-0.1880000004561566
test-output/timing-methods/20260908-173016/00-mcpwm-ftm,mcpwm:ftm,0,8.661375687,0.3760000009123132
test-output/timing-methods/20260908-173016/00-mcpwm-ftm,mcpwm:ftm,0,9.661343125,-0.31300000102874037
test-output/timing-methods/20260908-173016/00-mcpwm-ftm,mcpwm:ftm,0,10.661312,-1.4369999998820049
test-output/timing-methods/20260908-173016/00-mcpwm-ftm,mcpwm:ftm,0,11.661280125,0.18800000134433503
test-output/timing-methods/20260908-173016/00-mcpwm-ftm,mcpwm:ftm,0,12.66124725,-0.18800000134433503
test-output/timing-methods/20260908-173016/00-mcpwm-ftm,mcpwm:ftm,0,13.661216438,-0.5010000005967186
test-output/timing-methods/20260908-173016/00-mcpwm-ftm,mcpwm:ftm,0,14.661183562,1.0010000011106968
test-output/timing-methods/20260908-173016/00-mcpwm-ftm,mcpwm:ftm,0,15.66115275,-0.4369999988540485
test-output/timing-methods/20260908-173016/00-mcpwm-ftm,mcpwm:ftm,0,16.661120875,0.18799999779162135
test-output/timing-methods/20260908-173016/00-mcpwm-ftm,mcpwm:ftm,0,17.661089,-0.18700000126159466
test-output/timing-methods/20260908-173016/00-mcpwm-ftm,mcpwm:ftm,0,18.661057187,-0.3740000025231893
test-output/timing-methods/20260908-173016/00-mcpwm-ftm,mcpwm:ftm,0,19.661025313,-0.9379999994507671
test-output/timing-methods/20260908-173016/00-mcpwm-ftm,mcpwm:ftm,0,20.6609935,-1.3750000000811724
test-output/timing-methods/20260908-173016/00-mcpwm-ftm,mcpwm:ftm,0,21.660960625,1.250000000396767
test-output/timing-methods/20260908-173016/00-mcpwm-ftm,mcpwm:ftm,0,22.66092975,-0.12499999968440534
test-output/timing-methods/20260908-173016/00-mcpwm-ftm,mcpwm:ftm,0,23.660897937,-0.5620000003148107
test-output/timing-methods/20260908-173016/00-mcpwm-ftm,mcpwm:ftm,0,24.660866062,-0.9369999993680267
test-output/timing-methods/20260908-173016/00-mcpwm-ftm,mcpwm:ftm,0,25.660833813,0.06200000157718932
test-output/timing-methods/20260908-173016/00-mcpwm-ftm,mcpwm:ftm,0,26.660800688,0.7500000016591457
test-output/timing-methods/20260908-173016/00-mcpwm-ftm,mcpwm:ftm,0,27.6607705,-1.1250000007123617
test-output/timing-methods/20260908-173016/00-mcpwm-ftm,mcpwm:ftm,0,28.660738625,-0.49999999873762135
test-output/timing-methods/20260908-173016/00-mcpwm-ftm,mcpwm:ftm,0,29.66070675,0.12499999968440534
test-output/timing-methods/20260908-173016/00-mcpwm-ftm,mcpwm:ftm,0,30.660674938,-1.312999998503983
test-output/timing-methods/20260908-173016/00-mcpwm-ftm,mcpwm:ftm,0,31.660643063,0.312000000946
test-output/timing-methods/20260908-173016/00-mcpwm-ftm,mcpwm:ftm,0,32.660611188,-0.06299999455450234
test-output/timing-methods/20260908-173016/00-mcpwm-ftm,mcpwm:ftm,0,33.660579312,-0.437000004183119
test-output/timing-methods/20260908-173016/00-mcpwm-ftm,mcpwm:ftm,0,34.660546438,1.187000002289551
test-output/timing-methods/20260908-173016/00-mcpwm-ftm,mcpwm:ftm,0,35.660515563,-0.18799999423890768
test-output/timing-methods/20260908-173016/00-mcpwm-ftm,mcpwm:ftm,0,36.660483687,1.312999998503983
test-output/timing-methods/20260908-173016/00-mcpwm-ftm,mcpwm:ftm,0,37.660451812,0.0
test-output/timing-methods/20260908-173016/00-mcpwm-ftm,mcpwm:ftm,0,38.660419938,-0.374999999053216
test-output/timing-methods/20260908-173016/00-mcpwm-ftm,mcpwm:ftm,0,39.660387062,1.2500000039494807
test-output/timing-methods/20260908-173016/00-mcpwm-ftm,mcpwm:ftm,0,40.660356187,-1.1240000006296214
test-output/timing-methods/20260908-173016/00-mcpwm-ftm,mcpwm:ftm,0,41.660324063,0.24999999936881068
test-output/timing-methods/20260908-173016/00-mcpwm-ftm,mcpwm:ftm,0,42.660292437,0.06299999455450234
test-output/timing-methods/20260908-173016/00-mcpwm-ftm,mcpwm:ftm,0,43.660260562,-0.3119999973932863
test-output/timing-methods/20260908-173016/00-mcpwm-ftm,mcpwm:ftm,0,44.660228688,0.3120000044987137
test-output/timing-methods/20260908-173016/00-mcpwm-ftm,mcpwm:ftm,0,45.660195188,1.5619999942373397
test-output/timing-methods/20260908-173016/00-mcpwm-ftm,mcpwm:ftm,0,46.660164937,-0.12499999968440534
test-output/timing-methods/20260908-173016/00-mcpwm-ftm,mcpwm:ftm,0,47.66013175,1.4380000052938158
test-output/timing-methods/20260908-173016/00-mcpwm-ftm,mcpwm:ftm,0,48.660101125,-1.1869999951841237
test-output/timing-methods/20260908-173016/00-mcpwm-ftm,mcpwm:ftm,0,49.66006925,-0.561999996762097
test-output/timing-methods/20260908-173016/00-mcpwm-ftm,mcpwm:ftm,0,50.660036875,0.49999999873762135
test-output/timing-methods/20260908-173016/00-mcpwm-ftm,mcpwm:ftm,0,51.6600055,-0.374999999053216
test-output/timing-methods/20260908-173016/00-mcpwm-ftm,mcpwm:ftm,0,52.659972625,0.24999999936881068
test-output/timing-methods/20260908-173016/00-mcpwm-ftm,mcpwm:ftm,0,53.659941938,-0.3750000061586434
test-output/timing-methods/20260908-173016/00-mcpwm-ftm,mcpwm:ftm,0,54.659909812,-1.4989999996828374
test-output/timing-methods/20260908-173016/00-mcpwm-ftm,mcpwm:ftm,0,55.659877937,0.12499999968440534
test-output/timing-methods/20260908-173016/00-mcpwm-ftm,mcpwm:ftm,0,56.659846063,-0.31300000102874037
test-output/timing-methods/20260908-173016/00-mcpwm-ftm,mcpwm:ftm,0,57.659814187,0.31300000102874037
test-output/timing-methods/20260908-173016/00-mcpwm-ftm,mcpwm:ftm,0,58.65978225,0.0
test-output/timing-methods/20260908-173016/00-mcpwm-ftm,mcpwm:ftm,0,59.659750375,-0.437000004183119
test-output/timing-methods/20260908-173016/00-mcpwm-ftm,mcpwm:ftm,1,0.661630437,0.5629999999534618
test-output/timing-methods/20260908-173016/00-mcpwm-ftm,mcpwm:ftm,1,1.661598563,-0.8750000000112834
test-output/timing-methods/20260908-173016/00-mcpwm-ftm,mcpwm:ftm,1,2.66156575,0.686999999999216
test-output/timing-methods/20260908-173016/00-mcpwm-ftm,mcpwm:ftm,1,3.661534875,-0.686999999999216
test-output/timing-methods/20260908-173016/00-mcpwm-ftm,mcpwm:ftm,1,4.661503062,-0.12500000057258376
test-output/timing-methods/20260908-173016/00-mcpwm-ftm,mcpwm:ftm,1,5.661471188,-1.0010000002225183
test-output/timing-methods/20260908-173016/00-mcpwm-ftm,mcpwm:ftm,1,6.661439375,-0.9369999993680267
test-output/timing-methods/20260908-173016/00-mcpwm-ftm,mcpwm:ftm,1,7.6614075,-0.3120000000578216
test-output/timing-methods/20260908-173016/00-mcpwm-ftm,mcpwm:ftm,1,8.661375687,-0.7489999998000485
test-output/timing-methods/20260908-173016/00-mcpwm-ftm,mcpwm:ftm,1,9.661343125,-0.4380000007131457
test-output/timing-methods/20260908-173016/00-mcpwm-ftm,mcpwm:ftm,1,10.661312,-0.5620000003148107
test-output/timing-methods/20260908-173016/00-mcpwm-ftm,mcpwm:ftm,1,11.661280125,-0.9379999994507671
test-output/timing-methods/20260908-173016/00-mcpwm-ftm,mcpwm:ftm,1,12.66124725,0.6250000001983835
test-output/timing-methods/20260908-173016/00-mcpwm-ftm,mcpwm:ftm,1,13.661216438,-0.8129999997663617
test-output/timing-methods/20260908-173016/00-mcpwm-ftm,mcpwm:ftm,1,14.661183562,-0.18699999948523782
test-output/timing-methods/20260908-173016/00-mcpwm-ftm,mcpwm:ftm,1,15.66115275,-0.6250000001983835
test-output/timing-methods/20260908-173016/00-mcpwm-ftm,mcpwm:ftm,1,16.661120875,-1.0000000010279564
test-output/timing-methods/20260908-173016/00-mcpwm-ftm,mcpwm:ftm,1,17.661089,-0.374999999053216
test-output/timing-methods/20260908-173016/00-mcpwm-ftm,mcpwm:ftm,1,18.661057187,-0.8119999996836214
test-output/timing-methods/20260908-173016/00-mcpwm-ftm,mcpwm:ftm,1,19.661025313,-1.1879999988195777
test-output/timing-methods/20260908-173016/00-mcpwm-ftm,mcpwm:ftm,1,20.6609935,0.312000000946
test-output/timing-methods/20260908-173016/00-mcpwm-ftm,mcpwm:ftm,1,21.660960625,-0.06200000157718932
test-output/timing-methods/20260908-173016/00-mcpwm-ftm,mcpwm:ftm,1,22.66092975,-0.4380000007131457
test-output/timing-methods/20260908-173016/00-mcpwm-ftm,mcpwm:ftm,1,23.660897937,-0.8740000012608107
test-output/timing-methods/20260908-173016/00-mcpwm-ftm,mcpwm:ftm,1,24.660866062,-0.312000000946
test-output/timing-methods/20260908-173016/00-mcpwm-ftm,mcpwm:ftm,1,25.660833813,-0.4380000007131457
test-output/timing-methods/20260908-173016/00-mcpwm-ftm,mcpwm:ftm,1,26.660800688,0.12400000315437865
test-output/timing-methods/20260908-173016/00-mcpwm-ftm,mcpwm:ftm,1,27.6607705,-0.563000000397551
test-output/timing-methods/20260908-173016/00-mcpwm-ftm,mcpwm:ftm,1,28.660738625,-0.9379999994507671
test-output/timing-methods/20260908-173016/00-mcpwm-ftm,mcpwm:ftm,1,29.66070675,0.6880000000819564
test-output/timing-methods/20260908-173016/00-mcpwm-ftm,mcpwm:ftm,1,30.660674938,-0.8129999997663617
test-output/timing-methods/20260908-173016/00-mcpwm-ftm,mcpwm:ftm,1,31.660643063,-1.1879999988195777
test-output/timing-methods/20260908-173016/00-mcpwm-ftm,mcpwm:ftm,1,32.660611188,-0.6259999949520534
test-output/timing-methods/20260908-173016/00-mcpwm-ftm,mcpwm:ftm,1,33.660579312,0.0
test-output/timing-methods/20260908-173016/00-mcpwm-ftm,mcpwm:ftm,1,34.660546438,1.562000001342767
test-output/timing-methods/20260908-173016/00-mcpwm-ftm,mcpwm:ftm,1,35.660515563,0.18700000481430834
test-output/timing-methods/20260908-173016/00-mcpwm-ftm,mcpwm:ftm,1,36.660483687,0.7509999946364587
test-output/timing-methods/20260908-173016/00-mcpwm-ftm,mcpwm:ftm,1,37.660451812,-0.6239999947865726
test-output/timing-methods/20260908-173016/00-mcpwm-ftm,mcpwm:ftm,1,38.660419938,-1.0629999991351724
test-output/timing-methods/20260908-173016/00-mcpwm-ftm,mcpwm:ftm,1,39.660387062,0.563000000397551
test-output/timing-methods/20260908-173016/00-mcpwm-ftm,mcpwm:ftm,1,40.660356187,-0.8740000012608107
test-output/timing-methods/20260908-173016/00-mcpwm-ftm,mcpwm:ftm,1,41.660324063,-0.06299999455450234
test-output/timing-methods/20260908-173016/00-mcpwm-ftm,mcpwm:ftm,1,42.660292437,-0.6870000035519297
test-output/timing-methods/20260908-173016/00-mcpwm-ftm,mcpwm:ftm,1,43.660260562,-0.12499999968440534
test-output/timing-methods/20260908-173016/00-mcpwm-ftm,mcpwm:ftm,1,44.660228688,0.437000004183119
test-output/timing-methods/20260908-173016/00-mcpwm-ftm,mcpwm:ftm,1,45.660195188,0.6239999947865726
test-output/timing-methods/20260908-173016/00-mcpwm-ftm,mcpwm:ftm,1,46.660164937,0.563000000397551
test-output/timing-methods/20260908-173016/00-mcpwm-ftm,mcpwm:ftm,1,47.66013175,0.3120000044987137
test-output/timing-methods/20260908-173016/00-mcpwm-ftm,mcpwm:ftm,1,48.660101125,-1.1869999951841237
test-output/timing-methods/20260908-173016/00-mcpwm-ftm,mcpwm:ftm,1,49.66006925,-0.6249999984220267
test-output/timing-methods/20260908-173016/00-mcpwm-ftm,mcpwm:ftm,1,50.660036875,0.43799999360771835
test-output/timing-methods/20260908-173016/00-mcpwm-ftm,mcpwm:ftm,1,51.6600055,-0.49999999873762135
test-output/timing-methods/20260908-173016/00-mcpwm-ftm,mcpwm:ftm,1,52.659972625,0.0630000016599297
test-output/timing-methods/20260908-173016/00-mcpwm-ftm,mcpwm:ftm,1,53.659941938,-0.563000000397551
test-output/timing-methods/20260908-173016/00-mcpwm-ftm,mcpwm:ftm,1,54.659909812,-0.7500000052118594
test-output/timing-methods/20260908-173016/00-mcpwm-ftm,mcpwm:ftm,1,55.659877937,-0.18699999770888098
test-output/timing-methods/20260908-173016/00-mcpwm-ftm,mcpwm:ftm,1,56.659846063,-0.625000005527454
test-output/timing-methods/20260908-173016/00-mcpwm-ftm,mcpwm:ftm,1,57.659814187,-1.0620000026051457
test-output/timing-methods/20260908-173016/00-mcpwm-ftm,mcpwm:ftm,1,58.65978225,-0.43699999707769166
test-output/timing-methods/20260908-173016/00-mcpwm-ftm,mcpwm:ftm,1,59.659750375,0.12499999968440534
test-output/timing-methods/20260908-173016/00-mcpwm-ftm,mcpwm:ftm,3,0.661630437,-1.0620000000516328
test-output/timing-methods/20260908-173016/00-mcpwm-ftm,mcpwm:ftm,3,1.661598563,-0.37500000016343904
test-output/timing-methods/20260908-173016/00-mcpwm-ftm,mcpwm:ftm,3,2.66156575,0.18700000037341624
test-output/timing-methods/20260908-173016/00-mcpwm-ftm,mcpwm:ftm,3,3.661534875,-1.1250000002682725
test-output/timing-methods/20260908-173016/00-mcpwm-ftm,mcpwm:ftm,3,4.661503062,-0.5620000003148107
test-output/timing-methods/20260908-173016/00-mcpwm-ftm,mcpwm:ftm,3,5.661471188,-0.9380000003389455
test-output/timing-methods/20260908-173016/00-mcpwm-ftm,mcpwm:ftm,3,6.661439375,-0.31199999916964316
test-output/timing-methods/20260908-173016/00-mcpwm-ftm,mcpwm:ftm,3,7.6614075,-0.686999999999216
test-output/timing-methods/20260908-173016/00-mcpwm-ftm,mcpwm:ftm,3,8.661375687,-1.1239999988532645
test-output/timing-methods/20260908-173016/00-mcpwm-ftm,mcpwm:ftm,3,9.661343125,0.18699999948523782
test-output/timing-methods/20260908-173016/00-mcpwm-ftm,mcpwm:ftm,3,10.661312,-0.875000001343551
test-output/timing-methods/20260908-173016/00-mcpwm-ftm,mcpwm:ftm,3,11.661280125,-0.31199999916964316
test-output/timing-methods/20260908-173016/00-mcpwm-ftm,mcpwm:ftm,3,12.66124725,0.374999999053216
test-output/timing-methods/20260908-173016/00-mcpwm-ftm,mcpwm:ftm,3,13.661216438,-1.0630000009115292
test-output/timing-methods/20260908-173016/00-mcpwm-ftm,mcpwm:ftm,3,14.661183562,0.563000000397551
test-output/timing-methods/20260908-173016/00-mcpwm-ftm,mcpwm:ftm,3,15.66115275,-0.8749999995671942
test-output/timing-methods/20260908-173016/00-mcpwm-ftm,mcpwm:ftm,3,16.661120875,-0.25000000292152436
test-output/timing-methods/20260908-173016/00-mcpwm-ftm,mcpwm:ftm,3,17.661089,-0.563000000397551
test-output/timing-methods/20260908-173016/00-mcpwm-ftm,mcpwm:ftm,3,18.661057187,-1.1250000007123617
test-output/timing-methods/20260908-173016/00-mcpwm-ftm,mcpwm:ftm,3,19.661025313,-0.25099999945155105
test-output/timing-methods/20260908-173016/00-mcpwm-ftm,mcpwm:ftm,3,20.6609935,-0.9379999994507671
test-output/timing-methods/20260908-173016/00-mcpwm-ftm,mcpwm:ftm,3,21.660960625,0.6249999984220267
test-output/timing-methods/20260908-173016/00-mcpwm-ftm,mcpwm:ftm,3,22.66092975,-0.7500000016591457
test-output/timing-methods/20260908-173016/00-mcpwm-ftm,mcpwm:ftm,3,23.660897937,-0.18700000126159466
test-output/timing-methods/20260908-173016/00-mcpwm-ftm,mcpwm:ftm,3,24.660866062,-0.624000001892
test-output/timing-methods/20260908-173016/00-mcpwm-ftm,mcpwm:ftm,3,25.660833813,-1.0629999991351724
test-output/timing-methods/20260908-173016/00-mcpwm-ftm,mcpwm:ftm,3,26.660800688,1.187000002289551
test-output/timing-methods/20260908-173016/00-mcpwm-ftm,mcpwm:ftm,3,27.6607705,-0.9370000029207404
test-output/timing-methods/20260908-173016/00-mcpwm-ftm,mcpwm:ftm,3,28.660738625,-0.312000000946
test-output/timing-methods/20260908-173016/00-mcpwm-ftm,mcpwm:ftm,3,29.66070675,-0.749999998106432
test-output/timing-methods/20260908-173016/00-mcpwm-ftm,mcpwm:ftm,3,30.660674938,-0.25099999945155105
test-output/timing-methods/20260908-173016/00-mcpwm-ftm,mcpwm:ftm,3,31.660643063,-0.6249999984220267
test-output/timing-methods/20260908-173016/00-mcpwm-ftm,mcpwm:ftm,3,32.660611188,-1.0629999991351724
test-output/timing-methods/20260908-173016/00-mcpwm-ftm,mcpwm:ftm,3,33.660579312,-0.5000000058430487
test-output/timing-methods/20260908-173016/00-mcpwm-ftm,mcpwm:ftm,3,34.660546438,0.062000005129903
test-output/timing-methods/20260908-173016/00-mcpwm-ftm,mcpwm:ftm,3,35.660515563,-0.374999999053216
test-output/timing-methods/20260908-173016/00-mcpwm-ftm,mcpwm:ftm,3,36.660483687,-0.812000003236335
test-output/timing-methods/20260908-173016/00-mcpwm-ftm,mcpwm:ftm,3,37.660451812,-0.24899999573335663
test-output/timing-methods/20260908-173016/00-mcpwm-ftm,mcpwm:ftm,3,38.660419938,-0.6259999949520534
test-output/timing-methods/20260908-173016/00-mcpwm-ftm,mcpwm:ftm,3,39.660387062,-0.061999998024475644
test-output/timing-methods/20260908-173016/00-mcpwm-ftm,mcpwm:ftm,3,40.660356187,-0.4989999951021673
test-output/timing-methods/20260908-173016/00-mcpwm-ftm,mcpwm:ftm,3,41.660324063,-1.1879999988195777
test-output/timing-methods/20260908-173016/00-mcpwm-ftm,mcpwm:ftm,3,42.660292437,-0.437000004183119
test-output/timing-methods/20260908-173016/00-mcpwm-ftm,mcpwm:ftm,3,43.660260562,-0.8740000012608107
test-output/timing-methods/20260908-173016/00-mcpwm-ftm,mcpwm:ftm,3,44.660228688,-0.312999993923313
test-output/timing-methods/20260908-173016/00-mcpwm-ftm,mcpwm:ftm,3,45.660195188,0.8739999941553833
test-output/timing-methods/20260908-173016/00-mcpwm-ftm,mcpwm:ftm,3,46.660164937,-0.18699999770888098
test-output/timing-methods/20260908-173016/00-mcpwm-ftm,mcpwm:ftm,3,47.66013175,0.062000005129903
test-output/timing-methods/20260908-173016/00-mcpwm-ftm,mcpwm:ftm,3,48.660101125,-1.0629999991351724
test-output/timing-methods/20260908-173016/00-mcpwm-ftm,mcpwm:ftm,3,49.66006925,-0.49999999873762135
test-output/timing-methods/20260908-173016/00-mcpwm-ftm,mcpwm:ftm,3,50.660036875,-0.4380000007131457
test-output/timing-methods/20260908-173016/00-mcpwm-ftm,mcpwm:ftm,3,51.6600055,-0.43799999360771835
test-output/timing-methods/20260908-173016/00-mcpwm-ftm,mcpwm:ftm,3,52.659972625,0.12499999968440534
test-output/timing-methods/20260908-173016/00-mcpwm-ftm,mcpwm:ftm,3,53.659941938,-0.12499999968440534
test-output/timing-methods/20260908-173016/00-mcpwm-ftm,mcpwm:ftm,3,54.659909812,-0.7500000052118594
test-output/timing-methods/20260908-173016/00-mcpwm-ftm,mcpwm:ftm,3,55.659877937,-0.061999998024475644
test-output/timing-methods/20260908-173016/00-mcpwm-ftm,mcpwm:ftm,3,56.659846063,-0.6880000000819564
test-output/timing-methods/20260908-173016/00-mcpwm-ftm,mcpwm:ftm,3,57.659814187,-1.187000002289551
test-output/timing-methods/20260908-173016/00-mcpwm-ftm,mcpwm:ftm,3,58.65978225,-0.561999996762097
test-output/timing-methods/20260908-173016/00-mcpwm-ftm,mcpwm:ftm,3,59.659750375,-1.0629999991351724
test-output/timing-methods/20260908-173016/01-mcpwm-ftm,mcpwm:ftm,0,0.9476775,-1.37499999997015
test-output/timing-methods/20260908-173016/01-mcpwm-ftm,mcpwm:ftm,0,1.947644625,1.2500000001747225
test-output/timing-methods/20260908-173016/01-mcpwm-ftm,mcpwm:ftm,0,2.94761375,-0.12500000012849455
test-output/timing-methods/20260908-173016/01-mcpwm-ftm,mcpwm:ftm,0,3.947580875,0.500000000069889
test-output/timing-methods/20260908-173016/01-mcpwm-ftm,mcpwm:ftm,0,4.947549937,0.1880000004561566
test-output/timing-methods/20260908-173016/01-mcpwm-ftm,mcpwm:ftm,0,5.947518063,-0.1880000004561566
test-output/timing-methods/20260908-173016/01-mcpwm-ftm,mcpwm:ftm,0,6.947486188,-0.563000000397551
test-output/timing-methods/20260908-173016/01-mcpwm-ftm,mcpwm:ftm,0,7.947454312,0.06300000077175127
test-output/timing-methods/20260908-173016/01-mcpwm-ftm,mcpwm:ftm,0,8.947421437,0.6880000000819564
test-output/timing-methods/20260908-173016/01-mcpwm-ftm,mcpwm:ftm,0,9.947390563,0.31199999916964316
test-output/timing-methods/20260908-173016/01-mcpwm-ftm,mcpwm:ftm,0,10.947357688,-0.12499999968440534
test-output/timing-methods/20260908-173016/01-mcpwm-ftm,mcpwm:ftm,0,11.94732575,-0.4369999988540485
test-output/timing-methods/20260908-173016/01-mcpwm-ftm,mcpwm:ftm,0,12.947294875,0.1879999995679782
test-output/timing-methods/20260908-173016/01-mcpwm-ftm,mcpwm:ftm,0,13.947263,-1.1869999987368374
test-output/timing-methods/20260908-173016/01-mcpwm-ftm,mcpwm:ftm,0,14.947231125,-0.563000000397551
test-output/timing-methods/20260908-173016/01-mcpwm-ftm,mcpwm:ftm,0,15.94719925,0.0
test-output/timing-methods/20260908-173016/01-mcpwm-ftm,mcpwm:ftm,0,16.947167312,-0.312000000946
test-output/timing-methods/20260908-173016/01-mcpwm-ftm,mcpwm:ftm,0,17.947135437,0.31300000102874037
test-output/timing-methods/20260908-173016/01-mcpwm-ftm,mcpwm:ftm,0,18.947103563,-1.0629999991351724
test-output/timing-methods/20260908-173016/01-mcpwm-ftm,mcpwm:ftm,0,19.947071687,-0.49900000220759466
test-output/timing-methods/20260908-173016/01-mcpwm-ftm,mcpwm:ftm,0,20.94703975,0.18800000134433503
test-output/timing-methods/20260908-173016/01-mcpwm-ftm,mcpwm:ftm,0,21.947007875,-1.187000002289551
test-output/timing-methods/20260908-173016/01-mcpwm-ftm,mcpwm:ftm,0,22.946976,-0.18799999779162135
test-output/timing-methods/20260908-173016/01-mcpwm-ftm,mcpwm:ftm,0,23.946943063,1.0620000026051457
test-output/timing-methods/20260908-173016/01-mcpwm-ftm,mcpwm:ftm,0,24.946912188,-0.3129999974760267
test-output/timing-methods/20260908-173016/01-mcpwm-ftm,mcpwm:ftm,0,25.946880312,0.3129999974760267
test-output/timing-methods/20260908-173016/01-mcpwm-ftm,mcpwm:ftm,0,26.946848375,0.0
test-output/timing-methods/20260908-173016/01-mcpwm-ftm,mcpwm:ftm,0,27.9468165,-0.374999999053216
test-output/timing-methods/20260908-173016/01-mcpwm-ftm,mcpwm:ftm,0,28.946783625,0.18800000134433503
test-output/timing-methods/20260908-173016/01-mcpwm-ftm,mcpwm:ftm,0,29.946752687,0.4380000007131457
test-output/timing-methods/20260908-173016/01-mcpwm-ftm,mcpwm:ftm,0,30.946720813,-0.5009999988203617
test-output/timing-methods/20260908-173016/01-mcpwm-ftm,mcpwm:ftm,0,31.946688875,0.18700000126159466
test-output/timing-methods/20260908-173016/01-mcpwm-ftm,mcpwm:ftm,0,32.946657,-1.5000000033182914
test-output/timing-methods/20260908-173016/01-mcpwm-ftm,mcpwm:ftm,0,33.946625062,0.4380000007131457
test-output/timing-methods/20260908-173016/01-mcpwm-ftm,mcpwm:ftm,0,34.946592188,1.0620000026051457
test-output/timing-methods/20260908-173016/01-mcpwm-ftm,mcpwm:ftm,0,35.94656125,-1.2500000039494807
test-output/timing-methods/20260908-173016/01-mcpwm-ftm,mcpwm:ftm,0,36.946529312,0.4380000007131457
test-output/timing-methods/20260908-173016/01-mcpwm-ftm,mcpwm:ftm,0,37.946497437,0.0630000016599297
test-output/timing-methods/20260908-173016/01-mcpwm-ftm,mcpwm:ftm,0,38.946465563,-0.374999999053216
test-output/timing-methods/20260908-173016/01-mcpwm-ftm,mcpwm:ftm,0,39.946433625,0.3120000044987137
test-output/timing-methods/20260908-173016/01-mcpwm-ftm,mcpwm:ftm,0,40.94640175,-0.9370000029207404
test-output/timing-methods/20260908-173016/01-mcpwm-ftm,mcpwm:ftm,0,41.946369813,-0.374999999053216
test-output/timing-methods/20260908-173016/01-mcpwm-ftm,mcpwm:ftm,0,42.946337875,-0.6880000000819564
test-output/timing-methods/20260908-173016/01-mcpwm-ftm,mcpwm:ftm,0,43.946306,-0.061999998024475644
test-output/timing-methods/20260908-173016/01-mcpwm-ftm,mcpwm:ftm,0,44.946274063,-1.4379999981883884
test-output/timing-methods/20260908-173016/01-mcpwm-ftm,mcpwm:ftm,0,45.946242187,0.18799999423890768
test-output/timing-methods/20260908-173016/01-mcpwm-ftm,mcpwm:ftm,0,46.94621025,-0.12499999968440534
test-output/timing-methods/20260908-173016/01-mcpwm-ftm,mcpwm:ftm,0,47.946178313,-0.4380000007131457
test-output/timing-methods/20260908-173016/01-mcpwm-ftm,mcpwm:ftm,0,48.946146437,0.12499999968440534
test-output/timing-methods/20260908-173016/01-mcpwm-ftm,mcpwm:ftm,0,49.9461145,-0.18699999770888098
test-output/timing-methods/20260908-173016/01-mcpwm-ftm,mcpwm:ftm,0,50.946082563,-0.500999995267648
test-output/timing-methods/20260908-173016/01-mcpwm-ftm,mcpwm:ftm,0,51.946050625,0.12499999968440534
test-output/timing-methods/20260908-173016/01-mcpwm-ftm,mcpwm:ftm,0,52.946017625,0.8749999977908374
test-output/timing-methods/20260908-173016/01-mcpwm-ftm,mcpwm:ftm,0,53.945986813,0.437000004183119
test-output/timing-methods/20260908-173016/01-mcpwm-ftm,mcpwm:ftm,0,54.945954875,0.062000005129903
test-output/timing-methods/20260908-173016/01-mcpwm-ftm,mcpwm:ftm,0,55.945922563,0.12499999968440534
test-output/timing-methods/20260908-173016/01-mcpwm-ftm,mcpwm:ftm,0,56.945891063,-0.6259999949520534
test-output/timing-methods/20260908-173016/01-mcpwm-ftm,mcpwm:ftm,0,57.945859125,-0.563000000397551
test-output/timing-methods/20260908-173016/01-mcpwm-ftm,mcpwm:ftm,0,58.945827188,-0.31300000102874037
test-output/timing-methods/20260908-173016/01-mcpwm-ftm,mcpwm:ftm,0,59.94579525,0.312999993923313
test-output/timing-methods/20260908-173016/01-mcpwm-ftm,mcpwm:ftm,1,0.9476775,-0.7499999999938112
test-output/timing-methods/20260908-173016/01-mcpwm-ftm,mcpwm:ftm,1,1.947644625,-0.1880000000120674
test-output/timing-methods/20260908-173016/01-mcpwm-ftm,mcpwm:ftm,1,2.94761375,-0.5619999998707215
test-output/timing-methods/20260908-173016/01-mcpwm-ftm,mcpwm:ftm,1,3.947580875,0.0
test-output/timing-methods/20260908-173016/01-mcpwm-ftm,mcpwm:ftm,1,4.947549937,-0.37499999994139444
test-output/timing-methods/20260908-173016/01-mcpwm-ftm,mcpwm:ftm,1,5.947518063,-1.000000000139778
test-output/timing-methods/20260908-173016/01-mcpwm-ftm,mcpwm:ftm,1,6.947486188,-0.25100000033972947
test-output/timing-methods/20260908-173016/01-mcpwm-ftm,mcpwm:ftm,1,7.947454312,-0.686999999999216
test-output/timing-methods/20260908-173016/01-mcpwm-ftm,mcpwm:ftm,1,8.947421437,-0.12499999968440534
test-output/timing-methods/20260908-173016/01-mcpwm-ftm,mcpwm:ftm,1,9.947390563,0.4369999988540485
test-output/timing-methods/20260908-173016/01-mcpwm-ftm,mcpwm:ftm,1,10.947357688,0.9989999991688592
test-output/timing-methods/20260908-173016/01-mcpwm-ftm,mcpwm:ftm,1,11.94732575,0.686999999999216
test-output/timing-methods/20260908-173016/01-mcpwm-ftm,mcpwm:ftm,1,12.947294875,-0.7499999998827889
test-output/timing-methods/20260908-173016/01-mcpwm-ftm,mcpwm:ftm,1,13.947263,-0.1879999995679782
test-output/timing-methods/20260908-173016/01-mcpwm-ftm,mcpwm:ftm,1,14.947231125,-0.6250000001983835
test-output/timing-methods/20260908-173016/01-mcpwm-ftm,mcpwm:ftm,1,15.94719925,-0.061999999800832484
test-output/timing-methods/20260908-173016/01-mcpwm-ftm,mcpwm:ftm,1,16.947167312,0.563000000397551
test-output/timing-methods/20260908-173016/01-mcpwm-ftm,mcpwm:ftm,1,17.947135437,-0.8740000012608107
test-output/timing-methods/20260908-173016/01-mcpwm-ftm,mcpwm:ftm,1,18.947103563,-0.3129999974760267
test-output/timing-methods/20260908-173016/01-mcpwm-ftm,mcpwm:ftm,1,19.947071687,0.24999999936881068
test-output/timing-methods/20260908-173016/01-mcpwm-ftm,mcpwm:ftm,1,20.94703975,-1.124999997159648
test-output/timing-methods/20260908-173016/01-mcpwm-ftm,mcpwm:ftm,1,21.947007875,-0.563000000397551
test-output/timing-methods/20260908-173016/01-mcpwm-ftm,mcpwm:ftm,1,22.946976,-1.0000000010279564
test-output/timing-methods/20260908-173016/01-mcpwm-ftm,mcpwm:ftm,1,23.946943063,0.624000001892
test-output/timing-methods/20260908-173016/01-mcpwm-ftm,mcpwm:ftm,1,24.946912188,-0.8129999997663617
test-output/timing-methods/20260908-173016/01-mcpwm-ftm,mcpwm:ftm,1,25.946880312,-0.24900000283878398
test-output/timing-methods/20260908-173016/01-mcpwm-ftm,mcpwm:ftm,1,26.946848375,0.3750000026059297
test-output/timing-methods/20260908-173016/01-mcpwm-ftm,mcpwm:ftm,1,27.9468165,-0.06200000157718932
test-output/timing-methods/20260908-173016/01-mcpwm-ftm,mcpwm:ftm,1,28.946783625,1.5000000033182914
test-output/timing-methods/20260908-173016/01-mcpwm-ftm,mcpwm:ftm,1,29.946752687,0.0630000016599297
test-output/timing-methods/20260908-173016/01-mcpwm-ftm,mcpwm:ftm,1,30.946720813,-0.374999999053216
test-output/timing-methods/20260908-173016/01-mcpwm-ftm,mcpwm:ftm,1,31.946688875,-0.749999998106432
test-output/timing-methods/20260908-173016/01-mcpwm-ftm,mcpwm:ftm,1,32.946657,-1.1879999988195777
test-output/timing-methods/20260908-173016/01-mcpwm-ftm,mcpwm:ftm,1,33.946625062,-0.5620000038675244
test-output/timing-methods/20260908-173016/01-mcpwm-ftm,mcpwm:ftm,1,34.946592188,0.999000000945216
test-output/timing-methods/20260908-173016/01-mcpwm-ftm,mcpwm:ftm,1,35.94656125,-0.374999999053216
test-output/timing-methods/20260908-173016/01-mcpwm-ftm,mcpwm:ftm,1,36.946529312,0.18799999423890768
test-output/timing-methods/20260908-173016/01-mcpwm-ftm,mcpwm:ftm,1,37.946497437,0.7500000052118594
test-output/timing-methods/20260908-173016/01-mcpwm-ftm,mcpwm:ftm,1,38.946465563,0.3120000044987137
test-output/timing-methods/20260908-173016/01-mcpwm-ftm,mcpwm:ftm,1,39.946433625,-1.0619999954997184
test-output/timing-methods/20260908-173016/01-mcpwm-ftm,mcpwm:ftm,1,40.94640175,-0.49999999873762135
test-output/timing-methods/20260908-173016/01-mcpwm-ftm,mcpwm:ftm,1,41.946369813,-0.9379999994507671
test-output/timing-methods/20260908-173016/01-mcpwm-ftm,mcpwm:ftm,1,42.946337875,-0.31300000102874037
test-output/timing-methods/20260908-173016/01-mcpwm-ftm,mcpwm:ftm,1,43.946306,-0.749999998106432
test-output/timing-methods/20260908-173016/01-mcpwm-ftm,mcpwm:ftm,1,44.946274063,-1.1259999936896747
test-output/timing-methods/20260908-173016/01-mcpwm-ftm,mcpwm:ftm,1,45.946242187,-0.625000005527454
test-output/timing-methods/20260908-173016/01-mcpwm-ftm,mcpwm:ftm,1,46.94621025,0.0
test-output/timing-methods/20260908-173016/01-mcpwm-ftm,mcpwm:ftm,1,47.946178313,-0.374999999053216
test-output/timing-methods/20260908-173016/01-mcpwm-ftm,mcpwm:ftm,1,48.946146437,-0.3750000061586434
test-output/timing-methods/20260908-173016/01-mcpwm-ftm,mcpwm:ftm,1,49.9461145,-0.24999999936881068
test-output/timing-methods/20260908-173016/01-mcpwm-ftm,mcpwm:ftm,1,50.946082563,0.3750000061586434
test-output/timing-methods/20260908-173016/01-mcpwm-ftm,mcpwm:ftm,1,51.946050625,-0.06299999455450234
test-output/timing-methods/20260908-173016/01-mcpwm-ftm,mcpwm:ftm,1,52.946017625,1.6249999958972694
test-output/timing-methods/20260908-173016/01-mcpwm-ftm,mcpwm:ftm,1,53.945986813,-0.9379999994507671
test-output/timing-methods/20260908-173016/01-mcpwm-ftm,mcpwm:ftm,1,54.945954875,-0.31300000102874037
test-output/timing-methods/20260908-173016/01-mcpwm-ftm,mcpwm:ftm,1,55.945922563,-0.31300000102874037
test-output/timing-methods/20260908-173016/01-mcpwm-ftm,mcpwm:ftm,1,56.945891063,-1.1879999988195777
test-output/timing-methods/20260908-173016/01-mcpwm-ftm,mcpwm:ftm,1,57.945859125,-0.563000000397551
test-output/timing-methods/20260908-173016/01-mcpwm-ftm,mcpwm:ftm,1,58.945827188,0.061999998024475644
test-output/timing-methods/20260908-173016/01-mcpwm-ftm,mcpwm:ftm,1,59.94579525,-0.3750000061586434
test-output/timing-methods/20260908-173016/01-mcpwm-ftm,mcpwm:ftm,3,0.9476775,-0.7499999999938112
test-output/timing-methods/20260908-173016/01-mcpwm-ftm,mcpwm:ftm,3,1.947644625,0.8129999999884063
test-output/timing-methods/20260908-173016/01-mcpwm-ftm,mcpwm:ftm,3,2.94761375,-0.6880000000819564
test-output/timing-methods/20260908-173016/01-mcpwm-ftm,mcpwm:ftm,3,3.947580875,-0.1880000000120674
test-output/timing-methods/20260908-173016/01-mcpwm-ftm,mcpwm:ftm,3,4.947549937,-0.5619999994266323
test-output/timing-methods/20260908-173016/01-mcpwm-ftm,mcpwm:ftm,3,5.947518063,-1.0630000000233508
test-output/timing-methods/20260908-173016/01-mcpwm-ftm,mcpwm:ftm,3,6.947486188,-0.563000000397551
test-output/timing-methods/20260908-173016/01-mcpwm-ftm,mcpwm:ftm,3,7.947454312,-0.9990000000570376
test-output/timing-methods/20260908-173016/01-mcpwm-ftm,mcpwm:ftm,3,8.947421437,0.5000000005139782
test-output/timing-methods/20260908-173016/01-mcpwm-ftm,mcpwm:ftm,3,9.947390563,-0.9380000012271239
test-output/timing-methods/20260908-173016/01-mcpwm-ftm,mcpwm:ftm,3,10.947357688,0.5620000003148107
test-output/timing-methods/20260908-173016/01-mcpwm-ftm,mcpwm:ftm,3,11.94732575,0.12500000146076218
test-output/timing-methods/20260908-173016/01-mcpwm-ftm,mcpwm:ftm,3,12.947294875,-0.31300000102874037
test-output/timing-methods/20260908-173016/01-mcpwm-ftm,mcpwm:ftm,3,13.947263,-0.8129999997663617
test-output/timing-methods/20260908-173016/01-mcpwm-ftm,mcpwm:ftm,3,14.947231125,-0.31299999925238353
test-output/timing-methods/20260908-173016/01-mcpwm-ftm,mcpwm:ftm,3,15.94719925,-0.7499999998827889
test-output/timing-methods/20260908-173016/01-mcpwm-ftm,mcpwm:ftm,3,16.947167312,-0.18700000126159466
test-output/timing-methods/20260908-173016/01-mcpwm-ftm,mcpwm:ftm,3,17.947135437,-0.686999999999216
test-output/timing-methods/20260908-173016/01-mcpwm-ftm,mcpwm:ftm,3,18.947103563,-1.4999999997655777
test-output/timing-methods/20260908-173016/01-mcpwm-ftm,mcpwm:ftm,3,19.947071687,-0.624000001892
test-output/timing-methods/20260908-173016/01-mcpwm-ftm,mcpwm:ftm,3,20.94703975,-1.061999999052432
test-output/timing-methods/20260908-173016/01-mcpwm-ftm,mcpwm:ftm,3,21.947007875,-0.563000000397551
test-output/timing-methods/20260908-173016/01-mcpwm-ftm,mcpwm:ftm,3,22.946976,-1.0629999991351724
test-output/timing-methods/20260908-173016/01-mcpwm-ftm,mcpwm:ftm,3,23.946943063,0.5620000003148107
test-output/timing-methods/20260908-173016/01-mcpwm-ftm,mcpwm:ftm,3,24.946912188,-0.9379999994507671
test-output/timing-methods/20260908-173016/01-mcpwm-ftm,mcpwm:ftm,3,25.946880312,-0.43700000063040534
test-output/timing-methods/20260908-173016/01-mcpwm-ftm,mcpwm:ftm,3,26.946848375,-0.8749999977908374
test-output/timing-methods/20260908-173016/01-mcpwm-ftm,mcpwm:ftm,3,27.9468165,-0.374999999053216
test-output/timing-methods/20260908-173016/01-mcpwm-ftm,mcpwm:ftm,3,28.946783625,0.18800000134433503
test-output/timing-methods/20260908-173016/01-mcpwm-ftm,mcpwm:ftm,3,29.946752687,-0.24999999936881068
test-output/timing-methods/20260908-173016/01-mcpwm-ftm,mcpwm:ftm,3,30.946720813,-0.7509999981891724
test-output/timing-methods/20260908-173016/01-mcpwm-ftm,mcpwm:ftm,3,31.946688875,-0.18799999779162135
test-output/timing-methods/20260908-173016/01-mcpwm-ftm,mcpwm:ftm,3,32.946657,-0.6880000000819564
test-output/timing-methods/20260908-173016/01-mcpwm-ftm,mcpwm:ftm,3,33.946625062,-1.1240000006296214
test-output/timing-methods/20260908-173016/01-mcpwm-ftm,mcpwm:ftm,3,34.946592188,0.3750000061586434
test-output/timing-methods/20260908-173016/01-mcpwm-ftm,mcpwm:ftm,3,35.94656125,-0.8750000048962647
test-output/timing-methods/20260908-173016/01-mcpwm-ftm,mcpwm:ftm,3,36.946529312,-0.5000000058430487
test-output/timing-methods/20260908-173016/01-mcpwm-ftm,mcpwm:ftm,3,37.946497437,-0.999000000945216
test-output/timing-methods/20260908-173016/01-mcpwm-ftm,mcpwm:ftm,3,38.946465563,-0.49999999873762135
test-output/timing-methods/20260908-173016/01-mcpwm-ftm,mcpwm:ftm,3,39.946433625,-0.8749999977908374
test-output/timing-methods/20260908-173016/01-mcpwm-ftm,mcpwm:ftm,3,40.94640175,-0.374999999053216
test-output/timing-methods/20260908-173016/01-mcpwm-ftm,mcpwm:ftm,3,41.946369813,-1.0009999940052694
test-output/timing-methods/20260908-173016/01-mcpwm-ftm,mcpwm:ftm,3,42.946337875,-0.24999999936881068
test-output/timing-methods/20260908-173016/01-mcpwm-ftm,mcpwm:ftm,3,43.946306,-0.749999998106432
test-output/timing-methods/20260908-173016/01-mcpwm-ftm,mcpwm:ftm,3,44.946274063,-0.24999999936881068
test-output/timing-methods/20260908-173016/01-mcpwm-ftm,mcpwm:ftm,3,45.946242187,-0.7500000052118594
test-output/timing-methods/20260908-173016/01-mcpwm-ftm,mcpwm:ftm,3,46.94621025,-1.187000002289551
test-output/timing-methods/20260908-173016/01-mcpwm-ftm,mcpwm:ftm,3,47.946178313,-0.6259999949520534
test-output/timing-methods/20260908-173016/01-mcpwm-ftm,mcpwm:ftm,3,48.946146437,-1.1240000006296214
test-output/timing-methods/20260908-173016/01-mcpwm-ftm,mcpwm:ftm,3,49.9461145,-0.561999996762097
test-output/timing-methods/20260908-173016/01-mcpwm-ftm,mcpwm:ftm,3,50.946082563,-1.0009999940052694
test-output/timing-methods/20260908-173016/01-mcpwm-ftm,mcpwm:ftm,3,51.946050625,-0.4380000007131457
test-output/timing-methods/20260908-173016/01-mcpwm-ftm,mcpwm:ftm,3,52.946017625,0.12499999968440534
test-output/timing-methods/20260908-173016/01-mcpwm-ftm,mcpwm:ftm,3,53.945986813,-0.4380000007131457
test-output/timing-methods/20260908-173016/01-mcpwm-ftm,mcpwm:ftm,3,54.945954875,-0.8749999977908374
test-output/timing-methods/20260908-173016/01-mcpwm-ftm,mcpwm:ftm,3,55.945922563,0.061999998024475644
test-output/timing-methods/20260908-173016/01-mcpwm-ftm,mcpwm:ftm,3,56.945891063,-0.8129999997663617
test-output/timing-methods/20260908-173016/01-mcpwm-ftm,mcpwm:ftm,3,57.945859125,-0.31300000102874037
test-output/timing-methods/20260908-173016/01-mcpwm-ftm,mcpwm:ftm,3,58.945827188,-0.7500000052118594
test-output/timing-methods/20260908-173016/01-mcpwm-ftm,mcpwm:ftm,3,59.94579525,-0.18800000134433503
test-output/timing-methods/20260908-174159/00-mcpwm-ftm,mcpwm:ftm,0,0.9914085,0.4999999999588667
test-output/timing-methods/20260908-174159/00-mcpwm-ftm,mcpwm:ftm,0,1.99137775,-0.8120000001277106
test-output/timing-methods/20260908-174159/00-mcpwm-ftm,mcpwm:ftm,0,2.99134525,0.5629999999534618
test-output/timing-methods/20260908-174159/00-mcpwm-ftm,mcpwm:ftm,0,3.99131425,-0.4999999996257998
test-output/timing-methods/20260908-174159/00-mcpwm-ftm,mcpwm:ftm,0,4.9912815,0.18699999948523782
test-output/timing-methods/20260908-174159/00-mcpwm-ftm,mcpwm:ftm,0,5.99124975,-0.12499999968440534
test-output/timing-methods/20260908-174159/00-mcpwm-ftm,mcpwm:ftm,0,6.991218,0.563000000397551
test-output/timing-methods/20260908-174159/00-mcpwm-ftm,mcpwm:ftm,0,7.99118625,0.2500000002569891
test-output/timing-methods/20260908-174159/00-mcpwm-ftm,mcpwm:ftm,0,8.9911555,-1.061999999052432
test-output/timing-methods/20260908-174159/00-mcpwm-ftm,mcpwm:ftm,0,9.99112275,0.6250000001983835
test-output/timing-methods/20260908-174159/00-mcpwm-ftm,mcpwm:ftm,0,10.991090937,0.3760000009123132
test-output/timing-methods/20260908-174159/00-mcpwm-ftm,mcpwm:ftm,0,11.991059187,0.31300000102874037
test-output/timing-methods/20260908-174159/00-mcpwm-ftm,mcpwm:ftm,0,12.991027437,0.7499999998827889
test-output/timing-methods/20260908-174159/00-mcpwm-ftm,mcpwm:ftm,0,13.990996125,0.24999999936881068
test-output/timing-methods/20260908-174159/00-mcpwm-ftm,mcpwm:ftm,0,14.990964937,-0.7499999998827889
test-output/timing-methods/20260908-174159/00-mcpwm-ftm,mcpwm:ftm,0,15.990932188,0.8119999996836214
test-output/timing-methods/20260908-174159/00-mcpwm-ftm,mcpwm:ftm,0,16.990900375,0.563000000397551
test-output/timing-methods/20260908-174159/00-mcpwm-ftm,mcpwm:ftm,0,17.990868625,0.24999999936881068
test-output/timing-methods/20260908-174159/00-mcpwm-ftm,mcpwm:ftm,0,18.990836875,-0.06299999810721602
test-output/timing-methods/20260908-174159/00-mcpwm-ftm,mcpwm:ftm,0,19.990805063,0.686999999999216
test-output/timing-methods/20260908-174159/00-mcpwm-ftm,mcpwm:ftm,0,20.990774313,-0.6880000000819564
test-output/timing-methods/20260908-174159/00-mcpwm-ftm,mcpwm:ftm,0,21.9907425,-0.9379999994507671
test-output/timing-methods/20260908-174159/00-mcpwm-ftm,mcpwm:ftm,0,22.990709688,0.8119999996836214
test-output/timing-methods/20260908-174159/00-mcpwm-ftm,mcpwm:ftm,0,23.990677937,0.5009999988203617
test-output/timing-methods/20260908-174159/00-mcpwm-ftm,mcpwm:ftm,0,24.990646687,-1.937000000395983
test-output/timing-methods/20260908-174159/00-mcpwm-ftm,mcpwm:ftm,0,25.990615375,-0.12499999968440534
test-output/timing-methods/20260908-174159/00-mcpwm-ftm,mcpwm:ftm,0,26.990582562,0.563000000397551
test-output/timing-methods/20260908-174159/00-mcpwm-ftm,mcpwm:ftm,0,27.990550813,0.24900000283878398
test-output/timing-methods/20260908-174159/00-mcpwm-ftm,mcpwm:ftm,0,28.990519,0.6880000000819564
test-output/timing-methods/20260908-174159/00-mcpwm-ftm,mcpwm:ftm,0,29.990487188,0.686999999999216
test-output/timing-methods/20260908-174159/00-mcpwm-ftm,mcpwm:ftm,0,30.990455437,0.3129999974760267
test-output/timing-methods/20260908-174159/00-mcpwm-ftm,mcpwm:ftm,0,31.990424625,-0.9369999993680267
test-output/timing-methods/20260908-174159/00-mcpwm-ftm,mcpwm:ftm,0,32.99039275,-1.1869999951841237
test-output/timing-methods/20260908-174159/00-mcpwm-ftm,mcpwm:ftm,0,33.99036,0.4380000007131457
test-output/timing-methods/20260908-174159/00-mcpwm-ftm,mcpwm:ftm,0,34.990328187,0.18799999423890768
test-output/timing-methods/20260908-174159/00-mcpwm-ftm,mcpwm:ftm,0,35.99029675,-0.49999999873762135
test-output/timing-methods/20260908-174159/00-mcpwm-ftm,mcpwm:ftm,0,36.990264563,0.5620000038675244
test-output/timing-methods/20260908-174159/00-mcpwm-ftm,mcpwm:ftm,0,37.99023275,0.31300000102874037
test-output/timing-methods/20260908-174159/00-mcpwm-ftm,mcpwm:ftm,0,38.990200937,0.0
test-output/timing-methods/20260908-174159/00-mcpwm-ftm,mcpwm:ftm,0,39.990169875,-0.0630000016599297
test-output/timing-methods/20260908-174159/00-mcpwm-ftm,mcpwm:ftm,0,40.99013825,-0.812000003236335
test-output/timing-methods/20260908-174159/00-mcpwm-ftm,mcpwm:ftm,0,41.990105437,0.18800000134433503
test-output/timing-methods/20260908-174159/00-mcpwm-ftm,mcpwm:ftm,0,42.990073625,-0.12499999968440534
test-output/timing-methods/20260908-174159/00-mcpwm-ftm,mcpwm:ftm,0,43.990041813,0.5620000038675244
test-output/timing-methods/20260908-174159/00-mcpwm-ftm,mcpwm:ftm,0,44.990009937,0.312999993923313
test-output/timing-methods/20260908-174159/00-mcpwm-ftm,mcpwm:ftm,0,45.989978125,0.0630000016599297
test-output/timing-methods/20260908-174159/00-mcpwm-ftm,mcpwm:ftm,0,46.989946313,0.6870000035519297
test-output/timing-methods/20260908-174159/00-mcpwm-ftm,mcpwm:ftm,0,47.98991475,-0.18799999423890768
test-output/timing-methods/20260908-174159/00-mcpwm-ftm,mcpwm:ftm,0,48.989883625,-0.8749999977908374
test-output/timing-methods/20260908-174159/00-mcpwm-ftm,mcpwm:ftm,0,49.989850625,0.0
test-output/timing-methods/20260908-174159/00-mcpwm-ftm,mcpwm:ftm,0,50.989818937,0.563000000397551
test-output/timing-methods/20260908-174159/00-mcpwm-ftm,mcpwm:ftm,0,51.989787062,0.31300000102874037
test-output/timing-methods/20260908-174159/00-mcpwm-ftm,mcpwm:ftm,0,52.98975525,0.0
test-output/timing-methods/20260908-174159/00-mcpwm-ftm,mcpwm:ftm,0,53.989724375,-0.24999999936881068
test-output/timing-methods/20260908-174159/00-mcpwm-ftm,mcpwm:ftm,0,54.9896915,0.49999999873762135
test-output/timing-methods/20260908-174159/00-mcpwm-ftm,mcpwm:ftm,0,55.989659688,0.18699999770888098
test-output/timing-methods/20260908-174159/00-mcpwm-ftm,mcpwm:ftm,0,56.989627875,-0.12499999968440534
test-output/timing-methods/20260908-174159/00-mcpwm-ftm,mcpwm:ftm,0,57.989596375,0.24999999936881068
test-output/timing-methods/20260908-174159/00-mcpwm-ftm,mcpwm:ftm,0,58.989564438,0.061999998024475644
test-output/timing-methods/20260908-174159/00-mcpwm-ftm,mcpwm:ftm,0,59.989532187,0.12599999621443203
test-output/timing-methods/20260908-174159/00-mcpwm-ftm,mcpwm:ftm,1,0.9914085,0.12500000001747225
test-output/timing-methods/20260908-174159/00-mcpwm-ftm,mcpwm:ftm,1,1.99137775,-1.1880000001518454
test-output/timing-methods/20260908-174159/00-mcpwm-ftm,mcpwm:ftm,1,2.99134525,-0.12500000012849455
test-output/timing-methods/20260908-174159/00-mcpwm-ftm,mcpwm:ftm,1,3.99131425,-1.7500000000225668
test-output/timing-methods/20260908-174159/00-mcpwm-ftm,mcpwm:ftm,1,4.9912815,1.0630000000233508
test-output/timing-methods/20260908-174159/00-mcpwm-ftm,mcpwm:ftm,1,5.99124975,-0.31300000014056195
test-output/timing-methods/20260908-174159/00-mcpwm-ftm,mcpwm:ftm,1,6.991218,0.37499999994139444
test-output/timing-methods/20260908-174159/00-mcpwm-ftm,mcpwm:ftm,1,7.99118625,0.12499999968440534
test-output/timing-methods/20260908-174159/00-mcpwm-ftm,mcpwm:ftm,1,8.9911555,-0.6250000001983835
test-output/timing-methods/20260908-174159/00-mcpwm-ftm,mcpwm:ftm,1,9.99112275,-0.5000000005139782
test-output/timing-methods/20260908-174159/00-mcpwm-ftm,mcpwm:ftm,1,10.991090937,-0.7499999998827889
test-output/timing-methods/20260908-174159/00-mcpwm-ftm,mcpwm:ftm,1,11.991059187,0.0
test-output/timing-methods/20260908-174159/00-mcpwm-ftm,mcpwm:ftm,1,12.991027437,-0.31199999916964316
test-output/timing-methods/20260908-174159/00-mcpwm-ftm,mcpwm:ftm,1,13.990996125,-1.0630000009115292
test-output/timing-methods/20260908-174159/00-mcpwm-ftm,mcpwm:ftm,1,14.990964937,-0.9369999993680267
test-output/timing-methods/20260908-174159/00-mcpwm-ftm,mcpwm:ftm,1,15.990932188,0.4369999988540485
test-output/timing-methods/20260908-174159/00-mcpwm-ftm,mcpwm:ftm,1,16.990900375,0.563000000397551
test-output/timing-methods/20260908-174159/00-mcpwm-ftm,mcpwm:ftm,1,17.990868625,-0.7500000016591457
test-output/timing-methods/20260908-174159/00-mcpwm-ftm,mcpwm:ftm,1,18.990836875,-0.06299999810721602
test-output/timing-methods/20260908-174159/00-mcpwm-ftm,mcpwm:ftm,1,19.990805063,-0.31300000102874037
test-output/timing-methods/20260908-174159/00-mcpwm-ftm,mcpwm:ftm,1,20.990774313,0.5620000003148107
test-output/timing-methods/20260908-174159/00-mcpwm-ftm,mcpwm:ftm,1,21.9907425,-0.875000001343551
test-output/timing-methods/20260908-174159/00-mcpwm-ftm,mcpwm:ftm,1,22.990709688,-0.12499999968440534
test-output/timing-methods/20260908-174159/00-mcpwm-ftm,mcpwm:ftm,1,23.990677937,-0.49900000220759466
test-output/timing-methods/20260908-174159/00-mcpwm-ftm,mcpwm:ftm,1,24.990646687,-1.3120000019739564
test-output/timing-methods/20260908-174159/00-mcpwm-ftm,mcpwm:ftm,1,25.990615375,-1.0629999991351724
test-output/timing-methods/20260908-174159/00-mcpwm-ftm,mcpwm:ftm,1,26.990582562,-0.312000000946
test-output/timing-methods/20260908-174159/00-mcpwm-ftm,mcpwm:ftm,1,27.990550813,-0.6259999985047671
test-output/timing-methods/20260908-174159/00-mcpwm-ftm,mcpwm:ftm,1,28.990519,0.06200000157718932
test-output/timing-methods/20260908-174159/00-mcpwm-ftm,mcpwm:ftm,1,29.990487188,-0.18799999779162135
test-output/timing-methods/20260908-174159/00-mcpwm-ftm,mcpwm:ftm,1,30.990455437,-0.49900000220759466
test-output/timing-methods/20260908-174159/00-mcpwm-ftm,mcpwm:ftm,1,31.990424625,-1.8120000007115777
test-output/timing-methods/20260908-174159/00-mcpwm-ftm,mcpwm:ftm,1,32.99039275,-0.9999999974752427
test-output/timing-methods/20260908-174159/00-mcpwm-ftm,mcpwm:ftm,1,33.99036,-0.374999999053216
test-output/timing-methods/20260908-174159/00-mcpwm-ftm,mcpwm:ftm,1,34.990328187,-0.625000005527454
test-output/timing-methods/20260908-174159/00-mcpwm-ftm,mcpwm:ftm,1,35.99029675,-0.31300000102874037
test-output/timing-methods/20260908-174159/00-mcpwm-ftm,mcpwm:ftm,1,36.990264563,-0.18799999423890768
test-output/timing-methods/20260908-174159/00-mcpwm-ftm,mcpwm:ftm,1,37.99023275,-0.49999999873762135
test-output/timing-methods/20260908-174159/00-mcpwm-ftm,mcpwm:ftm,1,38.990200937,0.18800000134433503
test-output/timing-methods/20260908-174159/00-mcpwm-ftm,mcpwm:ftm,1,39.990169875,-0.8749999977908374
test-output/timing-methods/20260908-174159/00-mcpwm-ftm,mcpwm:ftm,1,40.99013825,-0.3120000044987137
test-output/timing-methods/20260908-174159/00-mcpwm-ftm,mcpwm:ftm,1,41.990105437,-0.6239999947865726
test-output/timing-methods/20260908-174159/00-mcpwm-ftm,mcpwm:ftm,1,42.990073625,0.24999999936881068
test-output/timing-methods/20260908-174159/00-mcpwm-ftm,mcpwm:ftm,1,43.990041813,-0.18799999423890768
test-output/timing-methods/20260908-174159/00-mcpwm-ftm,mcpwm:ftm,1,44.990009937,-0.437000004183119
test-output/timing-methods/20260908-174159/00-mcpwm-ftm,mcpwm:ftm,1,45.989978125,-0.749999998106432
test-output/timing-methods/20260908-174159/00-mcpwm-ftm,mcpwm:ftm,1,46.989946313,-0.06299999455450234
test-output/timing-methods/20260908-174159/00-mcpwm-ftm,mcpwm:ftm,1,47.98991475,-0.6249999984220267
test-output/timing-methods/20260908-174159/00-mcpwm-ftm,mcpwm:ftm,1,48.989883625,-1.1879999988195777
test-output/timing-methods/20260908-174159/00-mcpwm-ftm,mcpwm:ftm,1,49.989850625,0.24999999936881068
test-output/timing-methods/20260908-174159/00-mcpwm-ftm,mcpwm:ftm,1,50.989818937,1.312999998503983
test-output/timing-methods/20260908-174159/00-mcpwm-ftm,mcpwm:ftm,1,51.989787062,-0.43699999707769166
test-output/timing-methods/20260908-174159/00-mcpwm-ftm,mcpwm:ftm,1,52.98975525,-0.6249999984220267
test-output/timing-methods/20260908-174159/00-mcpwm-ftm,mcpwm:ftm,1,53.989724375,-1.00000000458067
test-output/timing-methods/20260908-174159/00-mcpwm-ftm,mcpwm:ftm,1,54.9896915,-0.24999999936881068
test-output/timing-methods/20260908-174159/00-mcpwm-ftm,mcpwm:ftm,1,55.989659688,-0.563000000397551
test-output/timing-methods/20260908-174159/00-mcpwm-ftm,mcpwm:ftm,1,56.989627875,0.0630000016599297
test-output/timing-methods/20260908-174159/00-mcpwm-ftm,mcpwm:ftm,1,57.989596375,-0.563000000397551
test-output/timing-methods/20260908-174159/00-mcpwm-ftm,mcpwm:ftm,1,58.989564438,-0.7500000052118594
test-output/timing-methods/20260908-174159/00-mcpwm-ftm,mcpwm:ftm,1,59.989532187,-0.6249999984220267
test-output/timing-methods/20260908-174159/00-mcpwm-ftm,mcpwm:ftm,3,0.9914085,-0.3120000000578216
test-output/timing-methods/20260908-174159/00-mcpwm-ftm,mcpwm:ftm,3,1.99137775,-0.686999999999216
test-output/timing-methods/20260908-174159/00-mcpwm-ftm,mcpwm:ftm,3,2.99134525,-0.3120000000578216
test-output/timing-methods/20260908-174159/00-mcpwm-ftm,mcpwm:ftm,3,3.99131425,-1.4379999999647453
test-output/timing-methods/20260908-174159/00-mcpwm-ftm,mcpwm:ftm,3,4.9912815,0.18699999948523782
test-output/timing-methods/20260908-174159/00-mcpwm-ftm,mcpwm:ftm,3,5.99124975,-0.18699999948523782
test-output/timing-methods/20260908-174159/00-mcpwm-ftm,mcpwm:ftm,3,6.991218,-0.4999999996257998
test-output/timing-methods/20260908-174159/00-mcpwm-ftm,mcpwm:ftm,3,7.99118625,0.12499999968440534
test-output/timing-methods/20260908-174159/00-mcpwm-ftm,mcpwm:ftm,3,8.9911555,-1.250000000396767
test-output/timing-methods/20260908-174159/00-mcpwm-ftm,mcpwm:ftm,3,9.99112275,0.374999999053216
test-output/timing-methods/20260908-174159/00-mcpwm-ftm,mcpwm:ftm,3,10.991090937,0.0630000016599297
test-output/timing-methods/20260908-174159/00-mcpwm-ftm,mcpwm:ftm,3,11.991059187,-0.31199999916964316
test-output/timing-methods/20260908-174159/00-mcpwm-ftm,mcpwm:ftm,3,12.991027437,1.31300000028034
test-output/timing-methods/20260908-174159/00-mcpwm-ftm,mcpwm:ftm,3,13.990996125,-0.5000000005139782
test-output/timing-methods/20260908-174159/00-mcpwm-ftm,mcpwm:ftm,3,14.990964937,-1.4369999998820049
test-output/timing-methods/20260908-174159/00-mcpwm-ftm,mcpwm:ftm,3,15.990932188,0.12499999968440534
test-output/timing-methods/20260908-174159/00-mcpwm-ftm,mcpwm:ftm,3,16.990900375,-0.18799999779162135
test-output/timing-methods/20260908-174159/00-mcpwm-ftm,mcpwm:ftm,3,17.990868625,0.6249999984220267
test-output/timing-methods/20260908-174159/00-mcpwm-ftm,mcpwm:ftm,3,18.990836875,0.06200000157718932
test-output/timing-methods/20260908-174159/00-mcpwm-ftm,mcpwm:ftm,3,19.990805063,-0.25099999945155105
test-output/timing-methods/20260908-174159/00-mcpwm-ftm,mcpwm:ftm,3,20.990774313,-0.6259999985047671
test-output/timing-methods/20260908-174159/00-mcpwm-ftm,mcpwm:ftm,3,21.9907425,-1.0000000010279564
test-output/timing-methods/20260908-174159/00-mcpwm-ftm,mcpwm:ftm,3,22.990709688,-0.3129999974760267
test-output/timing-methods/20260908-174159/00-mcpwm-ftm,mcpwm:ftm,3,23.990677937,0.24999999936881068
test-output/timing-methods/20260908-174159/00-mcpwm-ftm,mcpwm:ftm,3,24.990646687,-0.624000001892
test-output/timing-methods/20260908-174159/00-mcpwm-ftm,mcpwm:ftm,3,25.990615375,-1.4370000016583617
test-output/timing-methods/20260908-174159/00-mcpwm-ftm,mcpwm:ftm,3,26.990582562,0.18800000134433503
test-output/timing-methods/20260908-174159/00-mcpwm-ftm,mcpwm:ftm,3,27.990550813,-0.18799999779162135
test-output/timing-methods/20260908-174159/00-mcpwm-ftm,mcpwm:ftm,3,28.990519,0.4380000007131457
test-output/timing-methods/20260908-174159/00-mcpwm-ftm,mcpwm:ftm,3,29.990487188,0.06200000157718932
test-output/timing-methods/20260908-174159/00-mcpwm-ftm,mcpwm:ftm,3,30.990455437,-0.312000000946
test-output/timing-methods/20260908-174159/00-mcpwm-ftm,mcpwm:ftm,3,31.990424625,-0.686999999999216
test-output/timing-methods/20260908-174159/00-mcpwm-ftm,mcpwm:ftm,3,32.99039275,-0.9999999974752427
test-output/timing-methods/20260908-174159/00-mcpwm-ftm,mcpwm:ftm,3,33.99036,-0.18700000481430834
test-output/timing-methods/20260908-174159/00-mcpwm-ftm,mcpwm:ftm,3,34.990328187,0.24999999936881068
test-output/timing-methods/20260908-174159/00-mcpwm-ftm,mcpwm:ftm,3,35.99029675,-0.49999999873762135
test-output/timing-methods/20260908-174159/00-mcpwm-ftm,mcpwm:ftm,3,36.990264563,-0.49999999873762135
test-output/timing-methods/20260908-174159/00-mcpwm-ftm,mcpwm:ftm,3,37.99023275,0.12499999968440534
test-output/timing-methods/20260908-174159/00-mcpwm-ftm,mcpwm:ftm,3,38.990200937,-0.18699999770888098
test-output/timing-methods/20260908-174159/00-mcpwm-ftm,mcpwm:ftm,3,39.990169875,-0.3119999973932863
test-output/timing-methods/20260908-174159/00-mcpwm-ftm,mcpwm:ftm,3,40.99013825,-0.8749999977908374
test-output/timing-methods/20260908-174159/00-mcpwm-ftm,mcpwm:ftm,3,41.990105437,0.563000000397551
test-output/timing-methods/20260908-174159/00-mcpwm-ftm,mcpwm:ftm,3,42.990073625,0.374999999053216
test-output/timing-methods/20260908-174159/00-mcpwm-ftm,mcpwm:ftm,3,43.990041813,0.0
test-output/timing-methods/20260908-174159/00-mcpwm-ftm,mcpwm:ftm,3,44.990009937,0.43799999360771835
test-output/timing-methods/20260908-174159/00-mcpwm-ftm,mcpwm:ftm,3,45.989978125,1.2499999968440534
test-output/timing-methods/20260908-174159/00-mcpwm-ftm,mcpwm:ftm,3,46.989946313,-0.12499999968440534
test-output/timing-methods/20260908-174159/00-mcpwm-ftm,mcpwm:ftm,3,47.98991475,-0.749999998106432
test-output/timing-methods/20260908-174159/00-mcpwm-ftm,mcpwm:ftm,3,48.989883625,-0.8129999997663617
test-output/timing-methods/20260908-174159/00-mcpwm-ftm,mcpwm:ftm,3,49.989850625,0.0
test-output/timing-methods/20260908-174159/00-mcpwm-ftm,mcpwm:ftm,3,50.989818937,-0.5000000058430487
test-output/timing-methods/20260908-174159/00-mcpwm-ftm,mcpwm:ftm,3,51.989787062,0.12499999968440534
test-output/timing-methods/20260908-174159/00-mcpwm-ftm,mcpwm:ftm,3,52.98975525,-0.24999999936881068
test-output/timing-methods/20260908-174159/00-mcpwm-ftm,mcpwm:ftm,3,53.989724375,-0.5620000038675244
test-output/timing-methods/20260908-174159/00-mcpwm-ftm,mcpwm:ftm,3,54.9896915,0.061999998024475644
test-output/timing-methods/20260908-174159/00-mcpwm-ftm,mcpwm:ftm,3,55.989659688,-0.31300000102874037
test-output/timing-methods/20260908-174159/00-mcpwm-ftm,mcpwm:ftm,3,56.989627875,0.31300000102874037
test-output/timing-methods/20260908-174159/00-mcpwm-ftm,mcpwm:ftm,3,57.989596375,-0.4380000007131457
test-output/timing-methods/20260908-174159/00-mcpwm-ftm,mcpwm:ftm,3,58.989564438,-0.6880000000819564
test-output/timing-methods/20260908-174159/00-mcpwm-ftm,mcpwm:ftm,3,59.989532187,0.31300000102874037
new-acquisition/20260909-063251-campaign/00-00-mcpwm-ftm,mcpwm:ftm,0,0.636923812,0.31299999991851735
new-acquisition/20260909-063251-campaign/00-00-mcpwm-ftm,mcpwm:ftm,0,1.636893813,0.4989999999871486
new-acquisition/20260909-063251-campaign/00-00-mcpwm-ftm,mcpwm:ftm,0,2.636863562,0.8750000000112834
new-acquisition/20260909-063251-campaign/00-00-mcpwm-ftm,mcpwm:ftm,0,3.636833312,0.25100000033972947
new-acquisition/20260909-063251-campaign/00-00-mcpwm-ftm,mcpwm:ftm,0,4.636803125,0.5619999994266323
new-acquisition/20260909-063251-campaign/00-00-mcpwm-ftm,mcpwm:ftm,1,0.636923812,0.5629999999534618
new-acquisition/20260909-063251-campaign/00-00-mcpwm-ftm,mcpwm:ftm,1,1.636893813,0.6249999999763389
new-acquisition/20260909-063251-campaign/00-00-mcpwm-ftm,mcpwm:ftm,1,2.636863562,0.0
new-acquisition/20260909-063251-campaign/00-00-mcpwm-ftm,mcpwm:ftm,1,3.636833312,0.37500000038548365
new-acquisition/20260909-063251-campaign/00-00-mcpwm-ftm,mcpwm:ftm,1,4.636803125,0.6250000001983835
new-acquisition/20260909-063251-campaign/00-00-mcpwm-ftm,mcpwm:ftm,3,0.636923812,0.6879999999709341
new-acquisition/20260909-063251-campaign/00-00-mcpwm-ftm,mcpwm:ftm,3,1.636893813,0.686999999999216
new-acquisition/20260909-063251-campaign/00-00-mcpwm-ftm,mcpwm:ftm,3,2.636863562,-0.12400000004575418
new-acquisition/20260909-063251-campaign/00-00-mcpwm-ftm,mcpwm:ftm,3,3.636833312,0.06300000032766206
new-acquisition/20260909-063251-campaign/00-00-mcpwm-ftm,mcpwm:ftm,3,4.636803125,0.18699999948523782
new-acquisition/20260909-063455-campaign/00-00-mcpwm-mac,mcpwm:mac,0,0.557558125,-449514.75
new-acquisition/20260909-063455-campaign/00-00-mcpwm-mac,mcpwm:mac,0,1.557527937,-449514.37399999984
new-acquisition/20260909-063455-campaign/00-00-mcpwm-mac,mcpwm:mac,0,2.55749775,-449514.0630000001
new-acquisition/20260909-063455-campaign/00-00-mcpwm-mac,mcpwm:mac,0,3.5574675,-449513.6249999998
new-acquisition/20260909-063455-campaign/00-00-mcpwm-mac,mcpwm:mac,0,4.557437313,-449513.31300000066
new-acquisition/20260909-063455-campaign/00-00-mcpwm-mac,mcpwm:mac,0,5.557407063,-449512.87499999994
new-acquisition/20260909-063455-campaign/00-00-mcpwm-mac,mcpwm:mac,0,6.557376875,-449512.5619999998
new-acquisition/20260909-063455-campaign/00-00-mcpwm-mac,mcpwm:mac,0,7.557346625,-449512.12500000006
new-acquisition/20260909-063455-campaign/00-00-mcpwm-mac,mcpwm:mac,0,8.55731625,-449511.62499999953
new-acquisition/20260909-063455-campaign/00-00-mcpwm-mac,mcpwm:mac,0,9.557286188,-449511.3750000002
new-acquisition/20260909-063455-campaign/00-00-mcpwm-mac,mcpwm:mac,0,10.557256,-449511.063000001
new-acquisition/20260909-063455-campaign/00-00-mcpwm-mac,mcpwm:mac,0,11.55722575,-449510.6870000001
new-acquisition/20260909-063455-campaign/00-00-mcpwm-mac,mcpwm:mac,0,12.557195563,-449510.31300000113
new-acquisition/20260909-063455-campaign/00-00-mcpwm-mac,mcpwm:mac,0,13.557165313,-449509.93800000026
new-acquisition/20260909-063455-campaign/00-00-mcpwm-mac,mcpwm:mac,0,14.557135437,-449509.9370000002
new-acquisition/20260909-063455-campaign/00-00-mcpwm-mac,mcpwm:mac,0,15.557104813,-449509.1880000004
new-acquisition/20260909-063455-campaign/00-00-mcpwm-mac,mcpwm:mac,0,16.557074625,-449508.87499999936
new-acquisition/20260909-063455-campaign/00-00-mcpwm-mac,mcpwm:mac,0,17.557044375,-449508.5000000003
new-acquisition/20260909-063455-campaign/00-00-mcpwm-mac,mcpwm:mac,0,18.557014125,-449508.12499999773
new-acquisition/20260909-063455-campaign/00-00-mcpwm-mac,mcpwm:mac,0,19.556983813,-449507.68799999706
new-acquisition/20260909-063455-campaign/00-00-mcpwm-mac,mcpwm:mac,0,20.556953625,-449507.3749999996
new-acquisition/20260909-063455-campaign/00-00-mcpwm-mac,mcpwm:mac,0,21.556923375,-449507.0000000005
new-acquisition/20260909-063455-campaign/00-00-mcpwm-mac,mcpwm:mac,0,22.556893062,-449506.56199999986
new-acquisition/20260909-063455-campaign/00-00-mcpwm-mac,mcpwm:mac,0,23.556862813,-449506.2499999989
new-acquisition/20260909-063455-campaign/00-00-mcpwm-mac,mcpwm:mac,0,24.556832562,-449505.8749999998
new-acquisition/20260909-063455-campaign/00-00-mcpwm-mac,mcpwm:mac,0,25.55680225,-449505.4379999992
new-acquisition/20260909-063455-campaign/00-00-mcpwm-mac,mcpwm:mac,0,26.556772,-449505.0620000001
new-acquisition/20260909-063455-campaign/00-00-mcpwm-mac,mcpwm:mac,0,27.556741688,-449504.6879999975
new-acquisition/20260909-063455-campaign/00-00-mcpwm-mac,mcpwm:mac,0,28.556711437,-449504.31200000196
new-acquisition/20260909-063455-campaign/00-00-mcpwm-mac,mcpwm:mac,0,29.556681437,-449504.2500000004
new-acquisition/20260909-063455-campaign/00-00-mcpwm-mac,mcpwm:mac,0,30.556650812,-449503.49900000216
new-acquisition/20260909-063455-campaign/00-00-mcpwm-mac,mcpwm:mac,0,31.556620563,-449503.12499999965
new-acquisition/20260909-063455-campaign/00-00-mcpwm-mac,mcpwm:mac,0,32.55659025,-449502.75000000064
new-acquisition/20260909-063455-campaign/00-00-mcpwm-mac,mcpwm:mac,0,33.556560938,-449503.3129999939
new-acquisition/20260909-063455-campaign/00-00-mcpwm-mac,mcpwm:mac,0,34.55652925,-449501.5619999947
new-acquisition/20260909-063455-campaign/00-00-mcpwm-mac,mcpwm:mac,0,35.55649925,-449501.4379999986
new-acquisition/20260909-063455-campaign/00-00-mcpwm-mac,mcpwm:mac,0,36.556468938,-449501.0629999996
new-acquisition/20260909-063455-campaign/00-00-mcpwm-mac,mcpwm:mac,0,37.556438625,-449500.6249999989
new-acquisition/20260909-063455-campaign/00-00-mcpwm-mac,mcpwm:mac,0,38.55640825,-449500.18799999467
new-acquisition/20260909-063455-campaign/00-00-mcpwm-mac,mcpwm:mac,0,39.556377938,-449499.81299999566
new-acquisition/20260909-063455-campaign/00-00-mcpwm-mac,mcpwm:mac,0,40.556347563,-449499.3760000057
new-acquisition/20260909-063455-campaign/00-00-mcpwm-mac,mcpwm:mac,0,41.55631725,-449498.9370000013
new-acquisition/20260909-063455-campaign/00-00-mcpwm-mac,mcpwm:mac,0,42.556286875,-449498.49999999715
new-acquisition/20260909-063455-campaign/00-00-mcpwm-mac,mcpwm:mac,0,43.5562565,-449498.0630000001
new-acquisition/20260909-063455-campaign/00-00-mcpwm-mac,mcpwm:mac,0,44.556226188,-449497.6879999939
new-acquisition/20260909-063455-campaign/00-00-mcpwm-mac,mcpwm:mac,0,45.556195813,-449497.2500000003
new-acquisition/20260909-063455-campaign/00-00-mcpwm-mac,mcpwm:mac,0,46.556165437,-449496.81199999957
new-acquisition/20260909-063455-campaign/00-00-mcpwm-mac,mcpwm:mac,0,47.556135062,-449496.37400000595
new-acquisition/20260909-063455-campaign/00-00-mcpwm-mac,mcpwm:mac,0,48.556104375,-449495.62499999726
new-acquisition/20260909-063455-campaign/00-00-mcpwm-mac,mcpwm:mac,0,49.556074313,-449495.5010000012
new-acquisition/20260909-063455-campaign/00-00-mcpwm-mac,mcpwm:mac,0,50.556043938,-449495.12499999854
new-acquisition/20260909-063455-campaign/00-00-mcpwm-mac,mcpwm:mac,0,51.556013562,-449494.6869999978
new-acquisition/20260909-063455-campaign/00-00-mcpwm-mac,mcpwm:mac,0,52.555983187,-449494.24900000426
new-acquisition/20260909-063455-campaign/00-00-mcpwm-mac,mcpwm:mac,0,53.555952813,-449493.8129999966
new-acquisition/20260909-063455-campaign/00-00-mcpwm-mac,mcpwm:mac,0,54.555922438,-449493.3760000066
new-acquisition/20260909-063455-campaign/00-00-mcpwm-mac,mcpwm:mac,0,55.555892062,-449492.9990000003
new-acquisition/20260909-063455-campaign/00-00-mcpwm-mac,mcpwm:mac,0,56.555861687,-449492.5619999961
new-acquisition/20260909-063455-campaign/00-00-mcpwm-mac,mcpwm:mac,0,57.555831312,-449492.124999999
new-acquisition/20260909-063455-campaign/00-00-mcpwm-mac,mcpwm:mac,0,58.555800938,-449491.74999999994
new-acquisition/20260909-063455-campaign/00-00-mcpwm-mac,mcpwm:mac,0,59.555770563,-449491.3130000029
new-acquisition/20260909-063455-campaign/00-00-mcpwm-mac,mcpwm:mac,1,0.557558125,269593.93700000003
new-acquisition/20260909-063455-campaign/00-00-mcpwm-mac,mcpwm:mac,1,1.557527937,269588.25
new-acquisition/20260909-063455-campaign/00-00-mcpwm-mac,mcpwm:mac,1,2.55749775,269582.56300000014
new-acquisition/20260909-063455-campaign/00-00-mcpwm-mac,mcpwm:mac,1,3.5574675,269576.93800000014
new-acquisition/20260909-063455-campaign/00-00-mcpwm-mac,mcpwm:mac,1,4.557437313,269571.2489999993
new-acquisition/20260909-063455-campaign/00-00-mcpwm-mac,mcpwm:mac,1,5.557407063,269564.6869999999
new-acquisition/20260909-063455-campaign/00-00-mcpwm-mac,mcpwm:mac,1,6.557376875,269560.00000000023
new-acquisition/20260909-063455-campaign/00-00-mcpwm-mac,mcpwm:mac,1,7.557346625,269553.3750000001
new-acquisition/20260909-063455-campaign/00-00-mcpwm-mac,mcpwm:mac,1,8.55731625,269548.8749999999
new-acquisition/20260909-063455-campaign/00-00-mcpwm-mac,mcpwm:mac,1,9.557286188,269543.0619999986
new-acquisition/20260909-063455-campaign/00-00-mcpwm-mac,mcpwm:mac,1,10.557256,269537.3749999987
new-acquisition/20260909-063455-campaign/00-00-mcpwm-mac,mcpwm:mac,1,11.55722575,269531.8119999985
new-acquisition/20260909-063455-campaign/00-00-mcpwm-mac,mcpwm:mac,1,12.557195563,269526.06199999887
new-acquisition/20260909-063455-campaign/00-00-mcpwm-mac,mcpwm:mac,1,13.557165313,269519.43699999957
new-acquisition/20260909-063455-campaign/00-00-mcpwm-mac,mcpwm:mac,1,14.557135437,269514.43799999985
new-acquisition/20260909-063455-campaign/00-00-mcpwm-mac,mcpwm:mac,1,15.557104813,269509.1869999988
new-acquisition/20260909-063455-campaign/00-00-mcpwm-mac,mcpwm:mac,1,16.557074625,269502.43799999997
new-acquisition/20260909-063455-campaign/00-00-mcpwm-mac,mcpwm:mac,1,17.557044375,269496.81199999986
new-acquisition/20260909-063455-campaign/00-00-mcpwm-mac,mcpwm:mac,1,18.557014125,269492.18800000096
new-acquisition/20260909-063455-campaign/00-00-mcpwm-mac,mcpwm:mac,1,19.556983813,269486.56200000085
new-acquisition/20260909-063455-campaign/00-00-mcpwm-mac,mcpwm:mac,1,20.556953625,269480.87500000285
new-acquisition/20260909-063455-campaign/00-00-mcpwm-mac,mcpwm:mac,1,21.556923375,269475.1870000012
new-acquisition/20260909-063455-campaign/00-00-mcpwm-mac,mcpwm:mac,1,22.556893062,269468.6259999983
new-acquisition/20260909-063455-campaign/00-00-mcpwm-mac,mcpwm:mac,1,23.556862813,269463.93700000114
new-acquisition/20260909-063455-campaign/00-00-mcpwm-mac,mcpwm:mac,1,24.556832562,269457.2509999986
new-acquisition/20260909-063455-campaign/00-00-mcpwm-mac,mcpwm:mac,1,25.55680225,269451.62499999854
new-acquisition/20260909-063455-campaign/00-00-mcpwm-mac,mcpwm:mac,1,26.556772,269446.99999999953
new-acquisition/20260909-063455-campaign/00-00-mcpwm-mac,mcpwm:mac,1,27.556741688,269441.37499999953
new-acquisition/20260909-063455-campaign/00-00-mcpwm-mac,mcpwm:mac,1,28.556711437,269435.6879999979
new-acquisition/20260909-063455-campaign/00-00-mcpwm-mac,mcpwm:mac,1,29.556681437,269429.750999997
new-acquisition/20260909-063455-campaign/00-00-mcpwm-mac,mcpwm:mac,1,30.556650812,269424.4379999979
new-acquisition/20260909-063455-campaign/00-00-mcpwm-mac,mcpwm:mac,1,31.556620563,269418.6250000001
new-acquisition/20260909-063455-campaign/00-00-mcpwm-mac,mcpwm:mac,1,32.55659025,269413.0619999982
new-acquisition/20260909-063455-campaign/00-00-mcpwm-mac,mcpwm:mac,1,33.556560938,269406.4370000007
new-acquisition/20260909-063455-campaign/00-00-mcpwm-mac,mcpwm:mac,1,34.55652925,269402.18800000084
new-acquisition/20260909-063455-campaign/00-00-mcpwm-mac,mcpwm:mac,1,35.55649925,269396.24999999977
new-acquisition/20260909-063455-campaign/00-00-mcpwm-mac,mcpwm:mac,1,36.556468938,269390.5619999981
new-acquisition/20260909-063455-campaign/00-00-mcpwm-mac,mcpwm:mac,1,37.556438625,269384.9369999981
new-acquisition/20260909-063455-campaign/00-00-mcpwm-mac,mcpwm:mac,1,38.55640825,269379.3120000052
new-acquisition/20260909-063455-campaign/00-00-mcpwm-mac,mcpwm:mac,1,39.556377938,269373.62500000006
new-acquisition/20260909-063455-campaign/00-00-mcpwm-mac,mcpwm:mac,1,40.556347563,269368.06199999806
new-acquisition/20260909-063455-campaign/00-00-mcpwm-mac,mcpwm:mac,1,41.55631725,269362.37500000006
new-acquisition/20260909-063455-campaign/00-00-mcpwm-mac,mcpwm:mac,1,42.556286875,269356.75000000006
new-acquisition/20260909-063455-campaign/00-00-mcpwm-mac,mcpwm:mac,1,43.5562565,269351.18799999455
new-acquisition/20260909-063455-campaign/00-00-mcpwm-mac,mcpwm:mac,1,44.556226188,269345.5
new-acquisition/20260909-063455-campaign/00-00-mcpwm-mac,mcpwm:mac,1,45.556195813,269339.875
new-acquisition/20260909-063455-campaign/00-00-mcpwm-mac,mcpwm:mac,1,46.556165437,269334.25
new-acquisition/20260909-063455-campaign/00-00-mcpwm-mac,mcpwm:mac,1,47.556135062,269328.625
new-acquisition/20260909-063455-campaign/00-00-mcpwm-mac,mcpwm:mac,1,48.556104375,269322.3119999999
new-acquisition/20260909-063455-campaign/00-00-mcpwm-mac,mcpwm:mac,1,49.556074313,269317.37499999994
new-acquisition/20260909-063455-campaign/00-00-mcpwm-mac,mcpwm:mac,1,50.556043938,269311.74999999994
new-acquisition/20260909-063455-campaign/00-00-mcpwm-mac,mcpwm:mac,1,51.556013562,269306.12499999994
new-acquisition/20260909-063455-campaign/00-00-mcpwm-mac,mcpwm:mac,1,52.555983187,269299.49999999534
new-acquisition/20260909-063455-campaign/00-00-mcpwm-mac,mcpwm:mac,1,53.555952813,269294.87499999994
new-acquisition/20260909-063455-campaign/00-00-mcpwm-mac,mcpwm:mac,1,54.555922438,269289.24999999994
new-acquisition/20260909-063455-campaign/00-00-mcpwm-mac,mcpwm:mac,1,55.555892062,269282.5630000044
new-acquisition/20260909-063455-campaign/00-00-mcpwm-mac,mcpwm:mac,1,56.555861687,269277.9380000019
new-acquisition/20260909-063455-campaign/00-00-mcpwm-mac,mcpwm:mac,1,57.555831312,269271.3129999973
new-acquisition/20260909-063455-campaign/00-00-mcpwm-mac,mcpwm:mac,1,58.555800938,269265.68700000073
new-acquisition/20260909-063455-campaign/00-00-mcpwm-mac,mcpwm:mac,1,59.555770563,269259.9989999991
new-acquisition/20260909-063455-campaign/00-00-mcpwm-mac,mcpwm:mac,3,0.557558125,-427702.68700000003
new-acquisition/20260909-063455-campaign/00-00-mcpwm-mac,mcpwm:mac,3,1.557527937,-427708.56199999986
new-acquisition/20260909-063455-campaign/00-00-mcpwm-mac,mcpwm:mac,3,2.55749775,-427715.375
new-acquisition/20260909-063455-campaign/00-00-mcpwm-mac,mcpwm:mac,3,3.5574675,-427721.187
new-acquisition/20260909-063455-campaign/00-00-mcpwm-mac,mcpwm:mac,3,4.557437313,-427726.99999999994
new-acquisition/20260909-063455-campaign/00-00-mcpwm-mac,mcpwm:mac,3,10.557256,-427761.0000000003
new-acquisition/20260909-063455-campaign/00-00-mcpwm-mac,mcpwm:mac,3,13.557165313,-427779.43799999997
new-acquisition/20260909-063455-campaign/00-00-mcpwm-mac,mcpwm:mac,3,14.557135437,-427785.6250000003
new-acquisition/20260909-063455-campaign/00-00-mcpwm-mac,mcpwm:mac,3,15.557104813,-427790.0629999998
new-acquisition/20260909-063455-campaign/00-00-mcpwm-mac,mcpwm:mac,3,19.556983813,-427814.25099999737
new-acquisition/20260909-063455-campaign/00-00-mcpwm-mac,mcpwm:mac,3,20.556953625,-427820.12500000023
new-acquisition/20260909-063455-campaign/00-00-mcpwm-mac,mcpwm:mac,3,21.556923375,-427825.8749999999
new-acquisition/20260909-063455-campaign/00-00-mcpwm-mac,mcpwm:mac,3,22.556893062,-427831.5620000015
new-acquisition/20260909-063455-campaign/00-00-mcpwm-mac,mcpwm:mac,3,23.556862813,-427837.3129999977
new-acquisition/20260909-063455-campaign/00-00-mcpwm-mac,mcpwm:mac,3,24.556832562,-427843.0620000009
new-acquisition/20260909-063455-campaign/00-00-mcpwm-mac,mcpwm:mac,3,25.55680225,-427847.7500000015
new-acquisition/20260909-063455-campaign/00-00-mcpwm-mac,mcpwm:mac,3,26.556772,-427854.4999999987
new-acquisition/20260909-063455-campaign/00-00-mcpwm-mac,mcpwm:mac,3,27.556741688,-427859.1259999978
new-acquisition/20260909-063455-campaign/00-00-mcpwm-mac,mcpwm:mac,3,28.556711437,-427865.81200000027
new-acquisition/20260909-063455-campaign/00-00-mcpwm-mac,mcpwm:mac,3,29.556681437,-427871.75000000134
new-acquisition/20260909-063455-campaign/00-00-mcpwm-mac,mcpwm:mac,3,30.556650812,-427877.0620000003
new-acquisition/20260909-063455-campaign/00-00-mcpwm-mac,mcpwm:mac,3,31.556620563,-427882.75099999853
new-acquisition/20260909-063455-campaign/00-00-mcpwm-mac,mcpwm:mac,3,32.55659025,-427888.375000002
new-acquisition/20260909-063455-campaign/00-00-mcpwm-mac,mcpwm:mac,3,33.556560938,-427894.9379999943
new-acquisition/20260909-063455-campaign/00-00-mcpwm-mac,mcpwm:mac,3,34.55652925,-427899.1869999942
new-acquisition/20260909-063455-campaign/00-00-mcpwm-mac,mcpwm:mac,3,35.55649925,-427905.1250000023
new-acquisition/20260909-063455-campaign/00-00-mcpwm-mac,mcpwm:mac,3,36.556468938,-427910.7509999989
new-acquisition/20260909-063455-campaign/00-00-mcpwm-mac,mcpwm:mac,3,37.556438625,-427916.3749999952
new-acquisition/20260909-063455-campaign/00-00-mcpwm-mac,mcpwm:mac,3,38.55640825,-427921.8749999956
new-acquisition/20260909-063455-campaign/00-00-mcpwm-mac,mcpwm:mac,3,39.556377938,-427927.4999999956
new-acquisition/20260909-063455-campaign/00-00-mcpwm-mac,mcpwm:mac,3,40.556347563,-427933.0630000047
new-acquisition/20260909-063455-campaign/00-00-mcpwm-mac,mcpwm:mac,3,41.55631725,-427938.6879999976
new-acquisition/20260909-063455-campaign/00-00-mcpwm-mac,mcpwm:mac,3,42.556286875,-427944.2499999959
new-acquisition/20260909-063455-campaign/00-00-mcpwm-mac,mcpwm:mac,3,43.5562565,-427949.8120000014
new-acquisition/20260909-063455-campaign/00-00-mcpwm-mac,mcpwm:mac,3,44.556226188,-427955.5009999996
new-acquisition/20260909-063455-campaign/00-00-mcpwm-mac,mcpwm:mac,3,45.556195813,-427961.06300000503
new-acquisition/20260909-063455-campaign/00-00-mcpwm-mac,mcpwm:mac,3,46.556165437,-427966.6239999997
new-acquisition/20260909-063455-campaign/00-00-mcpwm-mac,mcpwm:mac,3,47.556135062,-427972.1870000017
new-acquisition/20260909-063455-campaign/00-00-mcpwm-mac,mcpwm:mac,3,48.556104375,-427977.4999999972
new-acquisition/20260909-063455-campaign/00-00-mcpwm-mac,mcpwm:mac,3,49.556074313,-427983.3760000002
new-acquisition/20260909-063455-campaign/00-00-mcpwm-mac,mcpwm:mac,3,50.556043938,-427989.0000000037
new-acquisition/20260909-063455-campaign/00-00-mcpwm-mac,mcpwm:mac,3,51.556013562,-427993.5619999975
new-acquisition/20260909-063455-campaign/00-00-mcpwm-mac,mcpwm:mac,3,52.555983187,-428000.1870000021
new-acquisition/20260909-063455-campaign/00-00-mcpwm-mac,mcpwm:mac,3,53.555952813,-428005.75100000063
new-acquisition/20260909-063455-campaign/00-00-mcpwm-mac,mcpwm:mac,3,54.555922438,-428010.3750000066
new-acquisition/20260909-063455-campaign/00-00-mcpwm-mac,mcpwm:mac,3,55.555892062,-428016.9369999953
new-acquisition/20260909-063455-campaign/00-00-mcpwm-mac,mcpwm:mac,3,56.555861687,-428022.5619999953
new-acquisition/20260909-063455-campaign/00-00-mcpwm-mac,mcpwm:mac,3,57.555831312,-428028.1870000024
new-acquisition/20260909-063455-campaign/00-00-mcpwm-mac,mcpwm:mac,3,58.555800938,-428033.812999999
new-acquisition/20260909-063455-campaign/00-00-mcpwm-mac,mcpwm:mac,3,59.555770563,-428039.4380000061
new-acquisition/20260909-063455-campaign/00-01-mcpwm-tsf,mcpwm:tsf,0,0.0009765,-9.250000000000036
new-acquisition/20260909-063455-campaign/00-01-mcpwm-tsf,mcpwm:tsf,0,1.000987062,3.187999999987312
new-acquisition/20260909-063455-campaign/00-01-mcpwm-tsf,mcpwm:tsf,0,2.000996687,-2.437000000021783
new-acquisition/20260909-063455-campaign/00-01-mcpwm-tsf,mcpwm:tsf,0,3.001021312,-6.000000000394579
new-acquisition/20260909-063455-campaign/00-01-mcpwm-tsf,mcpwm:tsf,0,4.000924937,94.37599999984059
new-acquisition/20260909-063455-campaign/00-01-mcpwm-tsf,mcpwm:tsf,0,5.0010325,-1.1869999996250158
new-acquisition/20260909-063455-campaign/00-01-mcpwm-tsf,mcpwm:tsf,0,6.001042125,3.250000000676323
new-acquisition/20260909-063455-campaign/00-01-mcpwm-tsf,mcpwm:tsf,0,7.00106275,-7.375000000031662
new-acquisition/20260909-063455-campaign/00-01-mcpwm-tsf,mcpwm:tsf,0,8.001076375,-8.000000001118224
new-acquisition/20260909-063455-campaign/00-01-mcpwm-tsf,mcpwm:tsf,0,9.00107175,3.6880000013894687
new-acquisition/20260909-063455-campaign/00-01-mcpwm-tsf,mcpwm:tsf,0,10.001090562,5.874999999377906
new-acquisition/20260909-063455-campaign/00-01-mcpwm-tsf,mcpwm:tsf,0,11.001116187,-6.7489999988623595
new-acquisition/20260909-063455-campaign/00-01-mcpwm-tsf,mcpwm:tsf,0,12.001124813,-11.374999999702595
new-acquisition/20260909-063455-campaign/00-01-mcpwm-tsf,mcpwm:tsf,0,13.001144375,-15.875000000775685
new-acquisition/20260909-063455-campaign/00-01-mcpwm-tsf,mcpwm:tsf,0,14.001146,-5.50000000032469
new-acquisition/20260909-063455-campaign/00-01-mcpwm-tsf,mcpwm:tsf,0,15.001154875,-2.374999999332772
new-acquisition/20260909-063455-campaign/00-01-mcpwm-tsf,mcpwm:tsf,0,16.001170188,2.311999999449199
new-acquisition/20260909-063455-campaign/00-01-mcpwm-tsf,mcpwm:tsf,0,17.001186812,-0.312000000946
new-acquisition/20260909-063455-campaign/00-01-mcpwm-tsf,mcpwm:tsf,0,18.001193437,1.0629999991351724
new-acquisition/20260909-063455-campaign/00-01-mcpwm-tsf,mcpwm:tsf,0,19.001206,1.4999999997655777
new-acquisition/20260909-063455-campaign/00-01-mcpwm-tsf,mcpwm:tsf,0,20.001223625,-12.062999999784552
new-acquisition/20260909-063455-campaign/00-01-mcpwm-tsf,mcpwm:tsf,0,21.00123575,-11.187999998441
new-acquisition/20260909-063455-campaign/00-01-mcpwm-tsf,mcpwm:tsf,0,22.001241813,-1.250000000396767
new-acquisition/20260909-063455-campaign/00-01-mcpwm-tsf,mcpwm:tsf,0,23.001259437,4.187999998350733
new-acquisition/20260909-063455-campaign/00-01-mcpwm-tsf,mcpwm:tsf,0,24.001262063,0.5620000003148107
new-acquisition/20260909-063455-campaign/00-01-mcpwm-tsf,mcpwm:tsf,0,25.001283625,-5.999999999062311
new-acquisition/20260909-063455-campaign/00-01-mcpwm-tsf,mcpwm:tsf,0,26.00129525,-7.624999998512294
new-acquisition/20260909-063455-campaign/00-01-mcpwm-tsf,mcpwm:tsf,0,27.001306875,-2.2500000014247235
new-acquisition/20260909-063455-campaign/00-01-mcpwm-tsf,mcpwm:tsf,0,28.001320437,-9.812000001829801
new-acquisition/20260909-063455-campaign/00-01-mcpwm-tsf,mcpwm:tsf,0,29.001330062,-67.37500000042473
new-acquisition/20260909-063455-campaign/00-01-mcpwm-tsf,mcpwm:tsf,0,30.001345625,-9.937999998044234
new-acquisition/20260909-063455-campaign/00-01-mcpwm-tsf,mcpwm:tsf,0,31.001353188,-2.56299999890075
new-acquisition/20260909-063455-campaign/00-01-mcpwm-tsf,mcpwm:tsf,0,32.001366813,0.812000003236335
new-acquisition/20260909-063455-campaign/00-01-mcpwm-tsf,mcpwm:tsf,0,33.001374375,-2.750000000162345
new-acquisition/20260909-063455-campaign/00-01-mcpwm-tsf,mcpwm:tsf,0,34.001390937,-4.3119999943996845
new-acquisition/20260909-063455-campaign/00-01-mcpwm-tsf,mcpwm:tsf,0,35.0014015,-3.874999997321993
new-acquisition/20260909-063455-campaign/00-01-mcpwm-tsf,mcpwm:tsf,0,36.001413062,2.563000002453464
new-acquisition/20260909-063455-campaign/00-01-mcpwm-tsf,mcpwm:tsf,0,37.001429625,-11.00000000064938
new-acquisition/20260909-063455-campaign/00-01-mcpwm-tsf,mcpwm:tsf,0,38.001443188,-10.626000005231617
new-acquisition/20260909-063455-campaign/00-01-mcpwm-tsf,mcpwm:tsf,0,39.00144775,-1.1879999988195777
new-acquisition/20260909-063455-campaign/00-01-mcpwm-tsf,mcpwm:tsf,0,40.001464312,1.25099999337408
new-acquisition/20260909-063455-campaign/00-01-mcpwm-tsf,mcpwm:tsf,0,41.001478875,-10.311999993461995
new-acquisition/20260909-063455-campaign/00-01-mcpwm-tsf,mcpwm:tsf,0,42.001498437,-15.873999998916588
new-acquisition/20260909-063455-campaign/00-01-mcpwm-tsf,mcpwm:tsf,0,43.001552,-56.49999999945976
new-acquisition/20260909-063455-campaign/00-01-mcpwm-tsf,mcpwm:tsf,0,44.001515563,-9.063000000253396
new-acquisition/20260909-063455-campaign/00-01-mcpwm-tsf,mcpwm:tsf,0,45.001533188,-5.688000001669025
new-acquisition/20260909-063455-campaign/00-01-mcpwm-tsf,mcpwm:tsf,0,46.00154075,-10.24999999543752
new-acquisition/20260909-063455-campaign/00-01-mcpwm-tsf,mcpwm:tsf,0,47.001549313,-5.81300000135343
new-acquisition/20260909-063455-campaign/00-01-mcpwm-tsf,mcpwm:tsf,0,48.001559937,-2.500000000793534
new-acquisition/20260909-063455-campaign/00-01-mcpwm-tsf,mcpwm:tsf,0,49.0015785,-6.062000004192214
new-acquisition/20260909-063455-campaign/00-01-mcpwm-tsf,mcpwm:tsf,0,50.001593125,-14.686999996627037
new-acquisition/20260909-063455-campaign/00-01-mcpwm-tsf,mcpwm:tsf,0,51.00160275,-9.37500000475211
new-acquisition/20260909-063455-campaign/00-01-mcpwm-tsf,mcpwm:tsf,0,52.001614313,-5.937999993932408
new-acquisition/20260909-063455-campaign/00-01-mcpwm-tsf,mcpwm:tsf,0,53.001626937,-6.624000000954311
new-acquisition/20260909-063455-campaign/00-01-mcpwm-tsf,mcpwm:tsf,1,0.0009765,-6.125000000000054
new-acquisition/20260909-063455-campaign/00-01-mcpwm-tsf,mcpwm:tsf,1,1.000987062,-7.750000000195101
new-acquisition/20260909-063455-campaign/00-01-mcpwm-tsf,mcpwm:tsf,1,2.000996687,-3.3750000003607283
new-acquisition/20260909-063455-campaign/00-01-mcpwm-tsf,mcpwm:tsf,1,3.001021312,-16.062000000260923
new-acquisition/20260909-063455-campaign/00-01-mcpwm-tsf,mcpwm:tsf,1,4.000924937,97.31300000037635
new-acquisition/20260909-063455-campaign/00-01-mcpwm-tsf,mcpwm:tsf,1,5.0010325,-9.312000000427645
new-acquisition/20260909-063455-campaign/00-01-mcpwm-tsf,mcpwm:tsf,1,6.001042125,-2.937999999730323
new-acquisition/20260909-063455-campaign/00-01-mcpwm-tsf,mcpwm:tsf,1,7.00106275,-11.624999999959584
new-acquisition/20260909-063455-campaign/00-01-mcpwm-tsf,mcpwm:tsf,1,8.001076375,-13.250000000297746
new-acquisition/20260909-063455-campaign/00-01-mcpwm-tsf,mcpwm:tsf,1,9.00107175,-2.6880000003615123
new-acquisition/20260909-063455-campaign/00-01-mcpwm-tsf,mcpwm:tsf,1,10.001090562,-3.5000000000451337
new-acquisition/20260909-063455-campaign/00-01-mcpwm-tsf,mcpwm:tsf,1,11.001116187,-15.186999998917372
new-acquisition/20260909-063455-campaign/00-01-mcpwm-tsf,mcpwm:tsf,1,12.001124813,-15.813000000974853
new-acquisition/20260909-063455-campaign/00-01-mcpwm-tsf,mcpwm:tsf,1,13.001144375,-19.43700000062165
new-acquisition/20260909-063455-campaign/00-01-mcpwm-tsf,mcpwm:tsf,1,14.001146,-11.125000000333785
new-acquisition/20260909-063455-campaign/00-01-mcpwm-tsf,mcpwm:tsf,1,15.001154875,-1.5629999996491506
new-acquisition/20260909-063455-campaign/00-01-mcpwm-tsf,mcpwm:tsf,1,16.001170188,-11.374999999702595
new-acquisition/20260909-063455-campaign/00-01-mcpwm-tsf,mcpwm:tsf,1,17.001186812,-10.062000001198612
new-acquisition/20260909-063455-campaign/00-01-mcpwm-tsf,mcpwm:tsf,1,18.001193437,-7.687000000089483
new-acquisition/20260909-063455-campaign/00-01-mcpwm-tsf,mcpwm:tsf,1,19.001206,-3.3120000004771555
new-acquisition/20260909-063455-campaign/00-01-mcpwm-tsf,mcpwm:tsf,1,21.00123575,-14.187999997972156
new-acquisition/20260909-063455-campaign/00-01-mcpwm-tsf,mcpwm:tsf,1,22.001241813,-13.25099999860413
new-acquisition/20260909-063455-campaign/00-01-mcpwm-tsf,mcpwm:tsf,1,23.001259437,-9.937000001514207
new-acquisition/20260909-063455-campaign/00-01-mcpwm-tsf,mcpwm:tsf,1,24.001262063,-3.6259999980359225
new-acquisition/20260909-063455-campaign/00-01-mcpwm-tsf,mcpwm:tsf,1,25.001283625,-13.249999998521389
new-acquisition/20260909-063455-campaign/00-01-mcpwm-tsf,mcpwm:tsf,1,26.00129525,-11.937000000017406
new-acquisition/20260909-063455-campaign/00-01-mcpwm-tsf,mcpwm:tsf,1,27.001306875,-9.625000000568207
new-acquisition/20260909-063455-campaign/00-01-mcpwm-tsf,mcpwm:tsf,1,28.001320437,-6.249000001901095
new-acquisition/20260909-063455-campaign/00-01-mcpwm-tsf,mcpwm:tsf,1,29.001330062,-11.187000001910974
new-acquisition/20260909-063455-campaign/00-01-mcpwm-tsf,mcpwm:tsf,1,30.001345625,-1.5629999978727938
new-acquisition/20260909-063455-campaign/00-01-mcpwm-tsf,mcpwm:tsf,1,31.001353188,-3.2509999989827065
new-acquisition/20260909-063455-campaign/00-01-mcpwm-tsf,mcpwm:tsf,1,32.001366813,-8.93800000056899
new-acquisition/20260909-063455-campaign/00-01-mcpwm-tsf,mcpwm:tsf,1,33.001374375,8.437000005301343
new-acquisition/20260909-063455-campaign/00-01-mcpwm-tsf,mcpwm:tsf,1,34.001390937,-10.561999999936234
new-acquisition/20260909-063455-campaign/00-01-mcpwm-tsf,mcpwm:tsf,1,35.0014015,-8.874999998909061
new-acquisition/20260909-063455-campaign/00-01-mcpwm-tsf,mcpwm:tsf,1,36.001413062,-10.49999999480633
new-acquisition/20260909-063455-campaign/00-01-mcpwm-tsf,mcpwm:tsf,1,37.001429625,-7.125000003327386
new-acquisition/20260909-063455-campaign/00-01-mcpwm-tsf,mcpwm:tsf,1,38.001443188,-13.813000002471654
new-acquisition/20260909-063455-campaign/00-01-mcpwm-tsf,mcpwm:tsf,1,39.00144775,-6.437999999775457
new-acquisition/20260909-063455-campaign/00-01-mcpwm-tsf,mcpwm:tsf,1,40.001464312,-10.124000006328515
new-acquisition/20260909-063455-campaign/00-01-mcpwm-tsf,mcpwm:tsf,1,41.001478875,-6.749999997168743
new-acquisition/20260909-063455-campaign/00-01-mcpwm-tsf,mcpwm:tsf,1,42.001498437,-20.37500000540149
new-acquisition/20260909-063455-campaign/00-01-mcpwm-tsf,mcpwm:tsf,1,43.001552,-57.06299999985731
new-acquisition/20260909-063455-campaign/00-01-mcpwm-tsf,mcpwm:tsf,1,44.001515563,-7.68799999661951
new-acquisition/20260909-063455-campaign/00-01-mcpwm-tsf,mcpwm:tsf,1,45.001533188,-18.438000005005506
new-acquisition/20260909-063455-campaign/00-01-mcpwm-tsf,mcpwm:tsf,1,46.00154075,-6.124999998746716
new-acquisition/20260909-063455-campaign/00-01-mcpwm-tsf,mcpwm:tsf,1,47.001549313,-7.749999994643986
new-acquisition/20260909-063455-campaign/00-01-mcpwm-tsf,mcpwm:tsf,1,48.001559937,-9.499000000801061
new-acquisition/20260909-063455-campaign/00-01-mcpwm-tsf,mcpwm:tsf,1,49.0015785,-17.124999999396096
new-acquisition/20260909-063455-campaign/00-01-mcpwm-tsf,mcpwm:tsf,1,50.001593125,-13.87500000049613
new-acquisition/20260909-063455-campaign/00-01-mcpwm-tsf,mcpwm:tsf,1,51.00160275,-15.625000003183231
new-acquisition/20260909-063455-campaign/00-01-mcpwm-tsf,mcpwm:tsf,1,52.001614313,-12.312999999153362
new-acquisition/20260909-063455-campaign/00-01-mcpwm-tsf,mcpwm:tsf,1,53.001626937,-9.998999999538682
new-acquisition/20260909-063455-campaign/00-01-mcpwm-tsf,mcpwm:tsf,1,54.001632562,0.563000000397551
new-acquisition/20260909-063455-campaign/00-01-mcpwm-tsf,mcpwm:tsf,1,55.001652187,-15.498999999863372
new-acquisition/20260909-063455-campaign/00-01-mcpwm-tsf,mcpwm:tsf,1,56.001659875,-11.311999998042666
new-acquisition/20260909-063455-campaign/00-01-mcpwm-tsf,mcpwm:tsf,3,0.0009765,-15.499999999999996
new-acquisition/20260909-063455-campaign/00-01-mcpwm-tsf,mcpwm:tsf,3,1.000987062,-10.06200000008839
new-acquisition/20260909-063455-campaign/00-01-mcpwm-tsf,mcpwm:tsf,3,2.000996687,-11.749000000005339
new-acquisition/20260909-063455-campaign/00-01-mcpwm-tsf,mcpwm:tsf,3,3.001021312,-14.374000000039189
new-acquisition/20260909-063455-campaign/00-01-mcpwm-tsf,mcpwm:tsf,3,4.000924937,85.93800000067375
new-acquisition/20260909-063455-campaign/00-01-mcpwm-tsf,mcpwm:tsf,3,5.0010325,-6.625000000148873
new-acquisition/20260909-063455-campaign/00-01-mcpwm-tsf,mcpwm:tsf,3,6.001042125,-3.2499999997881446
new-acquisition/20260909-063455-campaign/00-01-mcpwm-tsf,mcpwm:tsf,3,7.00106275,-12.938000000239924
new-acquisition/20260909-063455-campaign/00-01-mcpwm-tsf,mcpwm:tsf,3,8.001076375,-10.624999999819806
new-acquisition/20260909-063455-campaign/00-01-mcpwm-tsf,mcpwm:tsf,3,9.00107175,3.0000000013075123
new-acquisition/20260909-063455-campaign/00-01-mcpwm-tsf,mcpwm:tsf,3,10.001090562,-0.8119999996836214
new-acquisition/20260909-063455-campaign/00-01-mcpwm-tsf,mcpwm:tsf,3,11.001116187,-17.49899999836657
new-acquisition/20260909-063455-campaign/00-01-mcpwm-tsf,mcpwm:tsf,3,12.001124813,-7.124999999774673
new-acquisition/20260909-063455-campaign/00-01-mcpwm-tsf,mcpwm:tsf,3,13.001144375,-17.750000001370836
new-acquisition/20260909-063455-campaign/00-01-mcpwm-tsf,mcpwm:tsf,3,14.001146,-9.375000001199396
new-acquisition/20260909-063455-campaign/00-01-mcpwm-tsf,mcpwm:tsf,3,15.001154875,-10.124999999305828
new-acquisition/20260909-063455-campaign/00-01-mcpwm-tsf,mcpwm:tsf,3,16.001170188,-3.687999999613112
new-acquisition/20260909-063455-campaign/00-01-mcpwm-tsf,mcpwm:tsf,3,17.001186812,-16.311999999629734
new-acquisition/20260909-063455-campaign/00-01-mcpwm-tsf,mcpwm:tsf,3,18.001193437,-11.999000001594595
new-acquisition/20260909-063455-campaign/00-01-mcpwm-tsf,mcpwm:tsf,3,19.001206,-8.62499999954025
new-acquisition/20260909-063455-campaign/00-01-mcpwm-tsf,mcpwm:tsf,3,20.001223625,-15.312000002154491
new-acquisition/20260909-063455-campaign/00-01-mcpwm-tsf,mcpwm:tsf,3,21.00123575,-7.499999998827889
new-acquisition/20260909-063455-campaign/00-01-mcpwm-tsf,mcpwm:tsf,3,22.001241813,-7.625999998595034
new-acquisition/20260909-063455-campaign/00-01-mcpwm-tsf,mcpwm:tsf,3,23.001259437,-8.250000000487034
new-acquisition/20260909-063455-campaign/00-01-mcpwm-tsf,mcpwm:tsf,3,24.001262063,-5.000999998117095
new-acquisition/20260909-063455-campaign/00-01-mcpwm-tsf,mcpwm:tsf,3,25.001283625,-7.624999998512294
new-acquisition/20260909-063455-campaign/00-01-mcpwm-tsf,mcpwm:tsf,3,26.00129525,-13.312999996628605
new-acquisition/20260909-063455-campaign/00-01-mcpwm-tsf,mcpwm:tsf,3,27.001306875,-4.000000000559112
new-acquisition/20260909-063455-campaign/00-01-mcpwm-tsf,mcpwm:tsf,3,28.001320437,-13.686999999151794
new-acquisition/20260909-063455-campaign/00-01-mcpwm-tsf,mcpwm:tsf,3,29.001330062,0.6259999985047671
new-acquisition/20260909-063455-campaign/00-01-mcpwm-tsf,mcpwm:tsf,3,30.001345625,-11.062999998756595
new-acquisition/20260909-063455-campaign/00-01-mcpwm-tsf,mcpwm:tsf,3,31.001353188,-6.687999999144267
new-acquisition/20260909-063455-campaign/00-01-mcpwm-tsf,mcpwm:tsf,3,32.001366813,-11.437999994257098
new-acquisition/20260909-063455-campaign/00-01-mcpwm-tsf,mcpwm:tsf,3,33.001374375,-8.125000000802629
new-acquisition/20260909-063455-campaign/00-01-mcpwm-tsf,mcpwm:tsf,3,34.001390937,-0.8119999961309077
new-acquisition/20260909-063455-campaign/00-01-mcpwm-tsf,mcpwm:tsf,3,35.0014015,-5.50000000032469
new-acquisition/20260909-063455-campaign/00-01-mcpwm-tsf,mcpwm:tsf,3,36.001413062,-9.186999996302347
new-acquisition/20260909-063455-campaign/00-01-mcpwm-tsf,mcpwm:tsf,3,37.001429625,-12.875000003020887
new-acquisition/20260909-063455-campaign/00-01-mcpwm-tsf,mcpwm:tsf,3,38.001443188,-1.5630000049782211
new-acquisition/20260909-063455-campaign/00-01-mcpwm-tsf,mcpwm:tsf,3,39.00144775,-7.249999995906364
new-acquisition/20260909-063455-campaign/00-01-mcpwm-tsf,mcpwm:tsf,3,40.001464312,-3.937000002451896
new-acquisition/20260909-063455-campaign/00-01-mcpwm-tsf,mcpwm:tsf,3,41.001478875,-13.686999999151794
new-acquisition/20260909-063455-campaign/00-01-mcpwm-tsf,mcpwm:tsf,3,42.001498437,-11.374999999702595
new-acquisition/20260909-063455-campaign/00-01-mcpwm-tsf,mcpwm:tsf,3,43.001552,-63.06299999891962
new-acquisition/20260909-063455-campaign/00-01-mcpwm-tsf,mcpwm:tsf,3,44.001515563,-10.750000001280569
new-acquisition/20260909-063455-campaign/00-01-mcpwm-tsf,mcpwm:tsf,3,45.001533188,-11.56300000104693
new-acquisition/20260909-063455-campaign/00-01-mcpwm-tsf,mcpwm:tsf,3,46.00154075,-17.2499999990805
new-acquisition/20260909-063455-campaign/00-01-mcpwm-tsf,mcpwm:tsf,3,47.001549313,-5.000000001587068
new-acquisition/20260909-063455-campaign/00-01-mcpwm-tsf,mcpwm:tsf,3,48.001559937,-4.812000000242733
new-acquisition/20260909-063455-campaign/00-01-mcpwm-tsf,mcpwm:tsf,3,49.0015785,-11.499999999387
new-acquisition/20260909-063455-campaign/00-01-mcpwm-tsf,mcpwm:tsf,3,50.001593125,-16.31299999615976
new-acquisition/20260909-063455-campaign/00-01-mcpwm-tsf,mcpwm:tsf,3,51.00160275,-6.125000005852144
new-acquisition/20260909-063455-campaign/00-01-mcpwm-tsf,mcpwm:tsf,3,52.001614313,-13.87500000049613
new-acquisition/20260909-063455-campaign/00-01-mcpwm-tsf,mcpwm:tsf,3,53.001626937,-6.686999995508813
new-acquisition/20260909-063455-campaign/00-01-mcpwm-tsf,mcpwm:tsf,3,54.001632562,-10.624999994490736
new-acquisition/20260909-063455-campaign/00-01-mcpwm-tsf,mcpwm:tsf,3,55.001652187,-9.311999995986753
new-acquisition/20260909-063455-campaign/00-01-mcpwm-tsf,mcpwm:tsf,3,56.001659875,-13.188000004049627
new-acquisition/20260909-063455-campaign/00-01-mcpwm-tsf,mcpwm:tsf,3,57.0016655,-2.0000000020559128
new-acquisition/20260909-063455-campaign/00-01-mcpwm-tsf,mcpwm:tsf,3,58.001690125,-10.812000006410472
new-acquisition/20260909-063455-campaign/00-02-mcpwm-ftm,mcpwm:ftm,0,0.277633625,0.12500000001747225
new-acquisition/20260909-063455-campaign/00-02-mcpwm-ftm,mcpwm:ftm,0,1.277603562,0.12599999998919031
new-acquisition/20260909-063455-campaign/00-02-mcpwm-ftm,mcpwm:ftm,0,2.277572938,0.7489999998000485
new-acquisition/20260909-063455-campaign/00-02-mcpwm-ftm,mcpwm:ftm,0,3.277542625,0.9999999996956888
new-acquisition/20260909-063455-campaign/00-02-mcpwm-ftm,mcpwm:ftm,0,5.277481938,0.6250000001983835
new-acquisition/20260909-063455-campaign/00-02-mcpwm-ftm,mcpwm:ftm,0,6.277451375,1.1249999998241833
new-acquisition/20260909-063455-campaign/00-02-mcpwm-ftm,mcpwm:ftm,0,18.277087375,0.9369999993680267
new-acquisition/20260909-063455-campaign/00-02-mcpwm-ftm,mcpwm:ftm,0,19.277057,0.312000000946
new-acquisition/20260909-063455-campaign/00-02-mcpwm-ftm,mcpwm:ftm,0,20.277026625,0.6249999984220267
new-acquisition/20260909-063455-campaign/00-02-mcpwm-ftm,mcpwm:ftm,0,21.276996187,1.0629999991351724
new-acquisition/20260909-063455-campaign/00-02-mcpwm-ftm,mcpwm:ftm,0,22.276965938,0.312000000946
new-acquisition/20260909-063455-campaign/00-02-mcpwm-ftm,mcpwm:ftm,0,23.276935563,0.624000001892
new-acquisition/20260909-063455-campaign/00-02-mcpwm-ftm,mcpwm:ftm,0,24.276905125,1.0620000026051457
new-acquisition/20260909-063455-campaign/00-02-mcpwm-ftm,mcpwm:ftm,0,25.27687475,0.43700000063040534
new-acquisition/20260909-063455-campaign/00-02-mcpwm-ftm,mcpwm:ftm,0,26.276845063,0.06200000157718932
new-acquisition/20260909-063455-campaign/00-02-mcpwm-ftm,mcpwm:ftm,0,27.276813937,0.18800000134433503
new-acquisition/20260909-063455-campaign/00-02-mcpwm-ftm,mcpwm:ftm,0,28.276783563,0.312000000946
new-acquisition/20260909-063455-campaign/00-02-mcpwm-ftm,mcpwm:ftm,0,29.27675275,1.312999998503983
new-acquisition/20260909-063455-campaign/00-02-mcpwm-ftm,mcpwm:ftm,0,30.27672275,0.3129999974760267
new-acquisition/20260909-063455-campaign/00-02-mcpwm-ftm,mcpwm:ftm,0,31.276692312,0.6880000000819564
new-acquisition/20260909-063455-campaign/00-02-mcpwm-ftm,mcpwm:ftm,0,32.276662875,0.061999998024475644
new-acquisition/20260909-063455-campaign/00-02-mcpwm-ftm,mcpwm:ftm,0,33.276631438,0.4989999951021673
new-acquisition/20260909-063455-campaign/00-02-mcpwm-ftm,mcpwm:ftm,0,34.276602,-0.06299999455450234
new-acquisition/20260909-063455-campaign/00-02-mcpwm-ftm,mcpwm:ftm,0,35.276570562,0.312999993923313
new-acquisition/20260909-063455-campaign/00-02-mcpwm-ftm,mcpwm:ftm,0,36.276540125,0.7500000052118594
new-acquisition/20260909-063455-campaign/00-02-mcpwm-ftm,mcpwm:ftm,0,37.276510688,-0.8750000048962647
new-acquisition/20260909-063455-campaign/00-02-mcpwm-ftm,mcpwm:ftm,0,38.27648025,-0.4380000007131457
new-acquisition/20260909-063455-campaign/00-02-mcpwm-ftm,mcpwm:ftm,0,39.276448812,1.00000000458067
new-acquisition/20260909-063455-campaign/00-02-mcpwm-ftm,mcpwm:ftm,0,40.276418375,0.374999999053216
new-acquisition/20260909-063455-campaign/00-02-mcpwm-ftm,mcpwm:ftm,0,41.276387875,0.8750000048962647
new-acquisition/20260909-063455-campaign/00-02-mcpwm-ftm,mcpwm:ftm,0,42.276357438,0.24999999936881068
new-acquisition/20260909-063455-campaign/00-02-mcpwm-ftm,mcpwm:ftm,0,43.276327,0.6880000000819564
new-acquisition/20260909-063455-campaign/00-02-mcpwm-ftm,mcpwm:ftm,0,45.276266062,0.563000000397551
new-acquisition/20260909-063455-campaign/00-02-mcpwm-ftm,mcpwm:ftm,0,46.276235562,1.0630000062405998
new-acquisition/20260909-063455-campaign/00-02-mcpwm-ftm,mcpwm:ftm,0,47.276205125,0.5000000058430487
new-acquisition/20260909-063455-campaign/00-02-mcpwm-ftm,mcpwm:ftm,0,48.276174625,0.9379999994507671
new-acquisition/20260909-063455-campaign/00-02-mcpwm-ftm,mcpwm:ftm,0,49.276144188,0.374999999053216
new-acquisition/20260909-063455-campaign/00-02-mcpwm-ftm,mcpwm:ftm,0,50.276113688,0.8119999961309077
new-acquisition/20260909-063455-campaign/00-02-mcpwm-ftm,mcpwm:ftm,0,51.27608325,0.24999999936881068
new-acquisition/20260909-063455-campaign/00-02-mcpwm-ftm,mcpwm:ftm,0,52.27605275,0.7500000052118594
new-acquisition/20260909-063455-campaign/00-02-mcpwm-ftm,mcpwm:ftm,0,53.27602225,0.18800000134433503
new-acquisition/20260909-063455-campaign/00-02-mcpwm-ftm,mcpwm:ftm,0,54.275991813,0.625000005527454
new-acquisition/20260909-063455-campaign/00-02-mcpwm-ftm,mcpwm:ftm,0,55.275961313,0.061999998024475644
new-acquisition/20260909-063455-campaign/00-02-mcpwm-ftm,mcpwm:ftm,0,56.275930813,0.561999996762097
new-acquisition/20260909-063455-campaign/00-02-mcpwm-ftm,mcpwm:ftm,0,57.275900375,0.9999999974752427
new-acquisition/20260909-063455-campaign/00-02-mcpwm-ftm,mcpwm:ftm,0,58.275869875,0.437000004183119
new-acquisition/20260909-063455-campaign/00-02-mcpwm-ftm,mcpwm:ftm,0,59.275839375,0.9380000065561944
new-acquisition/20260909-063455-campaign/00-02-mcpwm-ftm,mcpwm:ftm,1,0.277633625,-0.5000000000143778
new-acquisition/20260909-063455-campaign/00-02-mcpwm-ftm,mcpwm:ftm,1,1.277603562,0.4380000000470119
new-acquisition/20260909-063455-campaign/00-02-mcpwm-ftm,mcpwm:ftm,1,2.277572938,-0.06299999988357285
new-acquisition/20260909-063455-campaign/00-02-mcpwm-ftm,mcpwm:ftm,1,3.277542625,0.12499999968440534
new-acquisition/20260909-063455-campaign/00-02-mcpwm-ftm,mcpwm:ftm,1,4.27751225,0.37499999994139444
new-acquisition/20260909-063455-campaign/00-02-mcpwm-ftm,mcpwm:ftm,1,5.277481938,0.5619999994266323
new-acquisition/20260909-063455-campaign/00-02-mcpwm-ftm,mcpwm:ftm,1,6.277451375,1.000000000139778
new-acquisition/20260909-063455-campaign/00-02-mcpwm-ftm,mcpwm:ftm,1,14.277208687,0.6260000002811239
new-acquisition/20260909-063455-campaign/00-02-mcpwm-ftm,mcpwm:ftm,1,15.277178875,0.31199999916964316
new-acquisition/20260909-063455-campaign/00-02-mcpwm-ftm,mcpwm:ftm,1,16.277148187,-0.24900000283878398
new-acquisition/20260909-063455-campaign/00-02-mcpwm-ftm,mcpwm:ftm,1,17.277117687,0.18799999779162135
new-acquisition/20260909-063455-campaign/00-02-mcpwm-ftm,mcpwm:ftm,1,18.277087375,0.5620000003148107
new-acquisition/20260909-063455-campaign/00-02-mcpwm-ftm,mcpwm:ftm,1,19.277057,0.6250000019747404
new-acquisition/20260909-063455-campaign/00-02-mcpwm-ftm,mcpwm:ftm,1,20.277026625,-0.18800000134433503
new-acquisition/20260909-063455-campaign/00-02-mcpwm-ftm,mcpwm:ftm,1,21.276996187,0.12499999968440534
new-acquisition/20260909-063455-campaign/00-02-mcpwm-ftm,mcpwm:ftm,1,22.276965938,0.24999999936881068
new-acquisition/20260909-063455-campaign/00-02-mcpwm-ftm,mcpwm:ftm,1,23.276935563,0.43700000063040534
new-acquisition/20260909-063455-campaign/00-02-mcpwm-ftm,mcpwm:ftm,1,24.276905125,0.7500000016591457
new-acquisition/20260909-063455-campaign/00-02-mcpwm-ftm,mcpwm:ftm,1,25.27687475,-0.06200000157718932
new-acquisition/20260909-063455-campaign/00-02-mcpwm-ftm,mcpwm:ftm,1,26.276845063,-0.5009999988203617
new-acquisition/20260909-063455-campaign/00-02-mcpwm-ftm,mcpwm:ftm,1,27.276813937,0.4380000007131457
new-acquisition/20260909-063455-campaign/00-02-mcpwm-ftm,mcpwm:ftm,1,28.276783563,-0.3129999974760267
new-acquisition/20260909-063455-campaign/00-02-mcpwm-ftm,mcpwm:ftm,1,29.27675275,0.312000000946
new-acquisition/20260909-063455-campaign/00-02-mcpwm-ftm,mcpwm:ftm,1,30.27672275,0.12499999968440534
new-acquisition/20260909-063455-campaign/00-02-mcpwm-ftm,mcpwm:ftm,1,31.276692312,-0.5620000003148107
new-acquisition/20260909-063455-campaign/00-02-mcpwm-ftm,mcpwm:ftm,1,32.276662875,-1.3120000019739564
new-acquisition/20260909-063455-campaign/00-02-mcpwm-ftm,mcpwm:ftm,1,33.276631438,-0.0630000016599297
new-acquisition/20260909-063455-campaign/00-02-mcpwm-ftm,mcpwm:ftm,1,34.276602,-0.8129999997663617
new-acquisition/20260909-063455-campaign/00-02-mcpwm-ftm,mcpwm:ftm,1,35.276570562,0.49999999873762135
new-acquisition/20260909-063455-campaign/00-02-mcpwm-ftm,mcpwm:ftm,1,36.276540125,-0.24999999936881068
new-acquisition/20260909-063455-campaign/00-02-mcpwm-ftm,mcpwm:ftm,1,37.276510688,-1.00000000458067
new-acquisition/20260909-063455-campaign/00-02-mcpwm-ftm,mcpwm:ftm,1,38.27648025,-0.6869999964465023
new-acquisition/20260909-063455-campaign/00-02-mcpwm-ftm,mcpwm:ftm,1,39.276448812,0.563000000397551
new-acquisition/20260909-063455-campaign/00-02-mcpwm-ftm,mcpwm:ftm,1,40.276418375,-0.18800000134433503
new-acquisition/20260909-063455-campaign/00-02-mcpwm-ftm,mcpwm:ftm,1,41.276387875,0.12499999968440534
new-acquisition/20260909-063455-campaign/00-02-mcpwm-ftm,mcpwm:ftm,1,42.276357438,0.374999999053216
new-acquisition/20260909-063455-campaign/00-02-mcpwm-ftm,mcpwm:ftm,1,43.276327,-0.374999999053216
new-acquisition/20260909-063455-campaign/00-02-mcpwm-ftm,mcpwm:ftm,1,45.276266062,-0.8119999961309077
new-acquisition/20260909-063455-campaign/00-02-mcpwm-ftm,mcpwm:ftm,1,46.276235562,0.563000000397551
new-acquisition/20260909-063455-campaign/00-02-mcpwm-ftm,mcpwm:ftm,1,47.276205125,0.8129999997663617
new-acquisition/20260909-063455-campaign/00-02-mcpwm-ftm,mcpwm:ftm,1,48.276174625,0.12499999968440534
new-acquisition/20260909-063455-campaign/00-02-mcpwm-ftm,mcpwm:ftm,1,49.276144188,0.374999999053216
new-acquisition/20260909-063455-campaign/00-02-mcpwm-ftm,mcpwm:ftm,1,50.276113688,0.6869999964465023
new-acquisition/20260909-063455-campaign/00-02-mcpwm-ftm,mcpwm:ftm,1,51.27608325,-0.0630000016599297
new-acquisition/20260909-063455-campaign/00-02-mcpwm-ftm,mcpwm:ftm,1,52.27605275,0.24999999936881068
new-acquisition/20260909-063455-campaign/00-02-mcpwm-ftm,mcpwm:ftm,1,53.27602225,0.563000000397551
new-acquisition/20260909-063455-campaign/00-02-mcpwm-ftm,mcpwm:ftm,1,54.275991813,-0.18799999423890768
new-acquisition/20260909-063455-campaign/00-02-mcpwm-ftm,mcpwm:ftm,1,55.275961313,0.061999998024475644
new-acquisition/20260909-063455-campaign/00-02-mcpwm-ftm,mcpwm:ftm,1,56.275930813,0.37399999541776197
new-acquisition/20260909-063455-campaign/00-02-mcpwm-ftm,mcpwm:ftm,1,57.275900375,-0.374999999053216
new-acquisition/20260909-063455-campaign/00-02-mcpwm-ftm,mcpwm:ftm,1,58.275869875,-0.06299999455450234
new-acquisition/20260909-063455-campaign/00-02-mcpwm-ftm,mcpwm:ftm,1,59.275839375,0.25000000647423803
new-acquisition/20260909-063455-campaign/00-02-mcpwm-ftm,mcpwm:ftm,3,12.277269688,0.12499999968440534
new-acquisition/20260909-063455-campaign/00-02-mcpwm-ftm,mcpwm:ftm,3,13.27723925,0.43700000063040534
new-acquisition/20260909-063455-campaign/00-02-mcpwm-ftm,mcpwm:ftm,3,14.277208687,0.8129999997663617
new-acquisition/20260909-063455-campaign/00-02-mcpwm-ftm,mcpwm:ftm,3,15.277178875,-0.5000000005139782
new-acquisition/20260909-063455-campaign/00-02-mcpwm-ftm,mcpwm:ftm,3,16.277148187,0.0
new-acquisition/20260909-063455-campaign/00-02-mcpwm-ftm,mcpwm:ftm,3,17.277117687,1.312999998503983
new-acquisition/20260909-063455-campaign/00-02-mcpwm-ftm,mcpwm:ftm,3,18.277087375,0.49999999873762135
new-acquisition/20260909-063455-campaign/00-02-mcpwm-ftm,mcpwm:ftm,3,19.277057,1.6870000010271724
new-acquisition/20260909-063455-campaign/00-02-mcpwm-ftm,mcpwm:ftm,3,20.277026625,0.8749999977908374
new-acquisition/20260909-063455-campaign/00-02-mcpwm-ftm,mcpwm:ftm,3,21.276996187,-0.06200000157718932
new-acquisition/20260909-063455-campaign/00-02-mcpwm-ftm,mcpwm:ftm,3,22.276965938,0.18700000126159466
new-acquisition/20260909-063455-campaign/00-02-mcpwm-ftm,mcpwm:ftm,3,23.276935563,1.3750000000811724
new-acquisition/20260909-063455-campaign/00-02-mcpwm-ftm,mcpwm:ftm,3,24.276905125,0.6250000019747404
new-acquisition/20260909-063455-campaign/00-02-mcpwm-ftm,mcpwm:ftm,3,26.276845063,-0.7509999981891724
new-acquisition/20260909-063455-campaign/00-02-mcpwm-ftm,mcpwm:ftm,3,27.276813937,0.18800000134433503
new-acquisition/20260909-063455-campaign/00-02-mcpwm-ftm,mcpwm:ftm,3,28.276783563,0.3740000025231893
new-acquisition/20260909-063455-campaign/00-02-mcpwm-ftm,mcpwm:ftm,3,29.27675275,0.9379999994507671
new-acquisition/20260909-063455-campaign/00-02-mcpwm-ftm,mcpwm:ftm,3,30.27672275,0.686999999999216
new-acquisition/20260909-063455-campaign/00-02-mcpwm-ftm,mcpwm:ftm,3,31.276692312,-0.06200000157718932
new-acquisition/20260909-063455-campaign/00-02-mcpwm-ftm,mcpwm:ftm,3,32.276662875,-0.8119999961309077
new-acquisition/20260909-063455-campaign/00-02-mcpwm-ftm,mcpwm:ftm,3,33.276631438,0.37399999541776197
new-acquisition/20260909-063455-campaign/00-02-mcpwm-ftm,mcpwm:ftm,3,34.276602,-0.374999999053216
new-acquisition/20260909-063455-campaign/00-02-mcpwm-ftm,mcpwm:ftm,3,35.276570562,-0.625000005527454
new-acquisition/20260909-063455-campaign/00-02-mcpwm-ftm,mcpwm:ftm,3,36.276540125,0.18800000134433503
new-acquisition/20260909-063455-campaign/00-02-mcpwm-ftm,mcpwm:ftm,3,37.276510688,-0.563000000397551
new-acquisition/20260909-063455-campaign/00-02-mcpwm-ftm,mcpwm:ftm,3,38.27648025,-0.24999999936881068
new-acquisition/20260909-063455-campaign/00-02-mcpwm-ftm,mcpwm:ftm,3,39.276448812,0.0630000016599297
new-acquisition/20260909-063455-campaign/00-02-mcpwm-ftm,mcpwm:ftm,3,40.276418375,0.374999999053216
new-acquisition/20260909-063455-campaign/00-02-mcpwm-ftm,mcpwm:ftm,3,41.276387875,0.7500000052118594
new-acquisition/20260909-063455-campaign/00-02-mcpwm-ftm,mcpwm:ftm,3,42.276357438,0.12499999968440534
new-acquisition/20260909-063455-campaign/00-02-mcpwm-ftm,mcpwm:ftm,3,43.276327,0.4380000007131457
new-acquisition/20260909-063455-campaign/00-02-mcpwm-ftm,mcpwm:ftm,3,49.276144188,-0.1250000067898327
new-acquisition/20260909-063455-campaign/00-02-mcpwm-ftm,mcpwm:ftm,3,50.276113688,0.3119999973932863
new-acquisition/20260909-063455-campaign/00-02-mcpwm-ftm,mcpwm:ftm,3,51.27608325,1.687999997557199
new-acquisition/20260909-063455-campaign/00-02-mcpwm-ftm,mcpwm:ftm,3,52.27605275,0.12499999968440534
new-acquisition/20260909-063455-campaign/00-02-mcpwm-ftm,mcpwm:ftm,3,53.27602225,0.625000005527454
new-acquisition/20260909-063455-campaign/00-02-mcpwm-ftm,mcpwm:ftm,3,54.275991813,0.0
new-acquisition/20260909-063455-campaign/00-02-mcpwm-ftm,mcpwm:ftm,3,55.275961313,0.43699999707769166
new-acquisition/20260909-063455-campaign/00-02-mcpwm-ftm,mcpwm:ftm,3,56.275930813,-0.0630000016599297
new-acquisition/20260909-063455-campaign/00-02-mcpwm-ftm,mcpwm:ftm,3,57.275900375,0.437000004183119
new-acquisition/20260909-063455-campaign/00-02-mcpwm-ftm,mcpwm:ftm,3,58.275869875,-0.18800000134433503
new-acquisition/20260909-063455-campaign/00-02-mcpwm-ftm,mcpwm:ftm,3,59.275839375,0.25000000647423803
new-acquisition/20260909-063455-campaign/00-03-mcpwm-frozen,mcpwm:frozen,0,1.172179687,0.7509999999655292
new-acquisition/20260909-063455-campaign/00-03-mcpwm-frozen,mcpwm:frozen,0,2.172149188,0.24899999973015952
new-acquisition/20260909-063455-campaign/00-03-mcpwm-frozen,mcpwm:frozen,0,4.172088375,0.06299999988357285
new-acquisition/20260909-063455-campaign/00-03-mcpwm-frozen,mcpwm:frozen,0,8.17196625,1.1869999987368374
new-acquisition/20260909-063455-campaign/00-03-mcpwm-frozen,mcpwm:frozen,0,9.17193575,0.7499999998827889
new-acquisition/20260909-063455-campaign/00-03-mcpwm-frozen,mcpwm:frozen,0,10.17190525,1.250000000396767
new-acquisition/20260909-063455-campaign/00-03-mcpwm-frozen,mcpwm:frozen,0,11.17187475,0.7499999998827889
new-acquisition/20260909-063455-campaign/00-03-mcpwm-frozen,mcpwm:frozen,0,12.17184425,1.250000000396767
new-acquisition/20260909-063455-campaign/00-03-mcpwm-frozen,mcpwm:frozen,0,13.179027938,-7213.376000001048
new-acquisition/20260909-063455-campaign/00-03-mcpwm-frozen,mcpwm:frozen,0,14.17178325,1.3119999984212427
new-acquisition/20260909-063455-campaign/00-03-mcpwm-frozen,mcpwm:frozen,0,15.17175275,0.8119999996836214
new-acquisition/20260909-063455-campaign/00-03-mcpwm-frozen,mcpwm:frozen,0,16.17172225,1.3120000019739564
new-acquisition/20260909-063455-campaign/00-03-mcpwm-frozen,mcpwm:frozen,0,17.17169175,0.8749999977908374
new-acquisition/20260909-063455-campaign/00-03-mcpwm-frozen,mcpwm:frozen,0,19.17163075,0.875000001343551
new-acquisition/20260909-063455-campaign/00-03-mcpwm-frozen,mcpwm:frozen,0,20.17160025,1.4379999981883884
new-acquisition/20260909-063455-campaign/00-03-mcpwm-frozen,mcpwm:frozen,0,21.17156975,0.9379999994507671
new-acquisition/20260909-063455-campaign/00-03-mcpwm-frozen,mcpwm:frozen,0,22.17153925,1.4370000016583617
new-acquisition/20260909-063455-campaign/00-03-mcpwm-frozen,mcpwm:frozen,0,27.171386625,1.0629999991351724
new-acquisition/20260909-063455-campaign/00-03-mcpwm-frozen,mcpwm:frozen,0,28.171356125,1.562000001342767
new-acquisition/20260909-063455-campaign/00-03-mcpwm-frozen,mcpwm:frozen,0,30.171295,1.6870000010271724
new-acquisition/20260909-063455-campaign/00-03-mcpwm-frozen,mcpwm:frozen,0,31.1712645,2.187999999847534
new-acquisition/20260909-063455-campaign/00-03-mcpwm-frozen,mcpwm:frozen,0,32.171233937,1.7510000063225561
new-acquisition/20260909-063455-campaign/00-03-mcpwm-frozen,mcpwm:frozen,0,33.171203375,2.2500000014247235
new-acquisition/20260909-063455-campaign/00-03-mcpwm-frozen,mcpwm:frozen,0,34.171173812,0.8129999997663617
new-acquisition/20260909-063455-campaign/00-03-mcpwm-frozen,mcpwm:frozen,0,35.171142313,2.2490000048946968
new-acquisition/20260909-063455-campaign/00-03-mcpwm-frozen,mcpwm:frozen,0,38.171050625,1.8129999972416044
new-acquisition/20260909-063455-campaign/00-03-mcpwm-frozen,mcpwm:frozen,0,39.171020062,2.375000001109129
new-acquisition/20260909-063455-campaign/00-03-mcpwm-frozen,mcpwm:frozen,0,40.1709895,1.8750000023715074
new-acquisition/20260909-063455-campaign/00-03-mcpwm-frozen,mcpwm:frozen,0,42.170928375,0.9379999994507671
new-acquisition/20260909-063455-campaign/00-03-mcpwm-frozen,mcpwm:frozen,0,43.170897813,2.3749999940037014
new-acquisition/20260909-063455-campaign/00-03-mcpwm-frozen,mcpwm:frozen,0,44.17086725,1.8750000023715074
new-acquisition/20260909-063455-campaign/00-03-mcpwm-frozen,mcpwm:frozen,0,45.17083675,2.313000003084653
new-acquisition/20260909-063455-campaign/00-03-mcpwm-frozen,mcpwm:frozen,0,46.17080625,1.750000002687102
new-acquisition/20260909-063455-campaign/00-03-mcpwm-frozen,mcpwm:frozen,0,47.17077575,2.2500000014247235
new-acquisition/20260909-063455-campaign/00-03-mcpwm-frozen,mcpwm:frozen,0,48.17074525,1.686999993921745
new-acquisition/20260909-063455-campaign/00-03-mcpwm-frozen,mcpwm:frozen,0,49.17071475,2.1249999946348908
new-acquisition/20260909-063455-campaign/00-03-mcpwm-frozen,mcpwm:frozen,0,50.170684375,0.6869999964465023
new-acquisition/20260909-063455-campaign/00-03-mcpwm-frozen,mcpwm:frozen,0,51.170653812,1.9380000040314371
new-acquisition/20260909-063455-campaign/00-03-mcpwm-frozen,mcpwm:frozen,0,52.170623375,1.312999998503983
new-acquisition/20260909-063455-campaign/00-03-mcpwm-frozen,mcpwm:frozen,0,53.170592937,1.687999997557199
new-acquisition/20260909-063455-campaign/00-03-mcpwm-frozen,mcpwm:frozen,0,54.170562438,2.1240000052102914
new-acquisition/20260909-063455-campaign/00-03-mcpwm-frozen,mcpwm:frozen,0,55.170531938,1.4989999996828374
new-acquisition/20260909-063455-campaign/00-03-mcpwm-frozen,mcpwm:frozen,0,56.170501438,1.937000000395983
new-acquisition/20260909-063455-campaign/00-03-mcpwm-frozen,mcpwm:frozen,0,57.170471,1.312999998503983
new-acquisition/20260909-063455-campaign/00-03-mcpwm-frozen,mcpwm:frozen,0,58.1704405,1.750000002687102
new-acquisition/20260909-063455-campaign/00-03-mcpwm-frozen,mcpwm:frozen,0,59.17041,1.188000005925005
new-acquisition/20260909-063455-campaign/00-03-mcpwm-frozen,mcpwm:frozen,1,1.172179687,0.8129999999884063
new-acquisition/20260909-063455-campaign/00-03-mcpwm-frozen,mcpwm:frozen,1,2.172149188,0.061999999800832484
new-acquisition/20260909-063455-campaign/00-03-mcpwm-frozen,mcpwm:frozen,1,4.172088375,0.4999999996257998
new-acquisition/20260909-063455-campaign/00-03-mcpwm-frozen,mcpwm:frozen,1,8.17196625,-0.12499999968440534
new-acquisition/20260909-063455-campaign/00-03-mcpwm-frozen,mcpwm:frozen,1,9.17193575,0.18800000134433503
new-acquisition/20260909-063455-campaign/00-03-mcpwm-frozen,mcpwm:frozen,1,10.17190525,-0.24999999936881068
new-acquisition/20260909-063455-campaign/00-03-mcpwm-frozen,mcpwm:frozen,3,1.172179687,0.6259999998370347
new-acquisition/20260909-063455-campaign/00-03-mcpwm-frozen,mcpwm:frozen,3,2.172149188,1.123999999741443
new-acquisition/20260909-063455-campaign/00-03-mcpwm-frozen,mcpwm:frozen,3,9.17193575,0.31300000102874037
new-acquisition/20260909-063455-campaign/00-03-mcpwm-frozen,mcpwm:frozen,3,10.17190525,0.7499999998827889
new-acquisition/20260909-063455-campaign/00-03-mcpwm-frozen,mcpwm:frozen,3,12.17184425,0.686999999999216
new-acquisition/20260909-063455-campaign/00-03-mcpwm-frozen,mcpwm:frozen,3,13.179027938,-7214.063000001048
new-acquisition/20260909-063455-campaign/00-03-mcpwm-frozen,mcpwm:frozen,3,14.17178325,0.5619999985384538
new-acquisition/20260909-063455-campaign/00-03-mcpwm-frozen,mcpwm:frozen,3,15.17175275,1.0630000009115292
new-acquisition/20260909-063455-campaign/00-03-mcpwm-frozen,mcpwm:frozen,3,16.17172225,0.500000002290335
new-acquisition/20260909-063455-campaign/00-03-mcpwm-frozen,mcpwm:frozen,3,17.17169175,-0.06200000157718932
new-acquisition/20260909-063455-campaign/00-03-mcpwm-frozen,mcpwm:frozen,3,19.17163075,0.8129999997663617
new-acquisition/20260909-063455-campaign/00-03-mcpwm-frozen,mcpwm:frozen,3,20.17160025,0.24999999936881068
new-acquisition/20260909-063455-campaign/00-03-mcpwm-frozen,mcpwm:frozen,3,21.17156975,0.6880000000819564
new-acquisition/20260909-063455-campaign/00-03-mcpwm-frozen,mcpwm:frozen,3,22.17153925,0.12499999968440534
new-acquisition/20260909-063455-campaign/00-03-mcpwm-frozen,mcpwm:frozen,3,27.171386625,0.374999999053216
new-acquisition/20260909-063455-campaign/00-03-mcpwm-frozen,mcpwm:frozen,3,28.171356125,0.8129999997663617
new-acquisition/20260909-063455-campaign/00-03-mcpwm-frozen,mcpwm:frozen,3,30.171295,0.686999999999216
new-acquisition/20260909-063455-campaign/00-03-mcpwm-frozen,mcpwm:frozen,3,31.1712645,0.06200000157718932
new-acquisition/20260909-063455-campaign/00-03-mcpwm-frozen,mcpwm:frozen,3,32.171233937,0.563000000397551
new-acquisition/20260909-063455-campaign/00-03-mcpwm-frozen,mcpwm:frozen,3,33.171203375,0.0
new-acquisition/20260909-063455-campaign/00-03-mcpwm-frozen,mcpwm:frozen,3,34.171173812,-0.561999996762097
new-acquisition/20260909-063455-campaign/00-03-mcpwm-frozen,mcpwm:frozen,3,35.171142313,-0.18799999423890768
new-acquisition/20260909-063455-campaign/00-03-mcpwm-frozen,mcpwm:frozen,3,38.171050625,0.061999998024475644
new-acquisition/20260909-063455-campaign/00-03-mcpwm-frozen,mcpwm:frozen,3,39.171020062,0.5000000058430487
new-acquisition/20260909-063455-campaign/00-03-mcpwm-frozen,mcpwm:frozen,3,40.1709895,-0.06299999455450234
new-acquisition/20260909-063455-campaign/00-03-mcpwm-frozen,mcpwm:frozen,3,42.170928375,-0.18700000481430834
new-acquisition/20260909-063455-campaign/00-03-mcpwm-frozen,mcpwm:frozen,3,43.170897813,0.12499999968440534
new-acquisition/20260909-063455-campaign/00-03-mcpwm-frozen,mcpwm:frozen,3,44.17086725,-0.43699999707769166
new-acquisition/20260909-063455-campaign/00-03-mcpwm-frozen,mcpwm:frozen,3,45.17083675,-0.12499999968440534
new-acquisition/20260909-063455-campaign/00-03-mcpwm-frozen,mcpwm:frozen,3,46.17080625,0.18700000481430834
new-acquisition/20260909-063455-campaign/00-03-mcpwm-frozen,mcpwm:frozen,3,47.17077575,0.563000000397551
new-acquisition/20260909-063455-campaign/00-03-mcpwm-frozen,mcpwm:frozen,3,48.17074525,-0.12499999968440534
new-acquisition/20260909-063455-campaign/00-03-mcpwm-frozen,mcpwm:frozen,3,49.17071475,-0.8129999997663617
new-acquisition/20260909-063455-campaign/00-03-mcpwm-frozen,mcpwm:frozen,3,50.170684375,0.374999999053216
new-acquisition/20260909-063455-campaign/00-03-mcpwm-frozen,mcpwm:frozen,3,51.170653812,-1.2490000003140267
new-acquisition/20260909-063455-campaign/00-03-mcpwm-frozen,mcpwm:frozen,3,52.170623375,-0.936999995815313
new-acquisition/20260909-063455-campaign/00-03-mcpwm-frozen,mcpwm:frozen,3,53.170592937,-1.6870000010271724
new-acquisition/20260909-063455-campaign/00-03-mcpwm-frozen,mcpwm:frozen,3,54.170562438,-0.4380000007131457
new-acquisition/20260909-063455-campaign/00-03-mcpwm-frozen,mcpwm:frozen,3,55.170531938,-2.126000005375772
new-acquisition/20260909-063455-campaign/00-03-mcpwm-frozen,mcpwm:frozen,3,56.170501438,-1.8130000043470318
new-acquisition/20260909-063455-campaign/00-03-mcpwm-frozen,mcpwm:frozen,3,57.170471,-1.562000001342767
new-acquisition/20260909-063455-campaign/00-03-mcpwm-frozen,mcpwm:frozen,3,58.1704405,-2.2500000014247235
new-acquisition/20260909-063455-campaign/00-03-mcpwm-frozen,mcpwm:frozen,3,59.17041,-1.9999999949504854
new-acquisition/20260909-064935-campaign/00-00-mcpwm-ntp,mcpwm:ntp,0,0.809716625,1952.1250000000823
new-acquisition/20260909-064935-campaign/00-00-mcpwm-ntp,mcpwm:ntp,0,1.809685625,-692.6249999998912
new-acquisition/20260909-064935-campaign/00-00-mcpwm-ntp,mcpwm:ntp,0,2.809654563,1053.9989999998056
new-acquisition/20260909-064935-campaign/00-00-mcpwm-ntp,mcpwm:ntp,0,3.809623812,751.3750000001096
new-acquisition/20260909-064935-campaign/00-00-mcpwm-ntp,mcpwm:ntp,0,4.809591437,752.3760000003322
new-acquisition/20260909-064935-campaign/00-00-mcpwm-ntp,mcpwm:ntp,1,0.809716625,-4765.312999999937
new-acquisition/20260909-064935-campaign/00-00-mcpwm-ntp,mcpwm:ntp,1,1.809685625,4813.936999999991
new-acquisition/20260909-064935-campaign/00-00-mcpwm-ntp,mcpwm:ntp,1,2.809654563,-1122.9379999999624
new-acquisition/20260909-064935-campaign/00-00-mcpwm-ntp,mcpwm:ntp,1,3.809623812,-231.62500000006858
new-acquisition/20260909-064935-campaign/00-00-mcpwm-ntp,mcpwm:ntp,1,4.809591437,-4476.4999999999945
new-acquisition/20260909-064935-campaign/00-00-mcpwm-ntp,mcpwm:ntp,3,0.809716625,-338.99999999997823
new-acquisition/20260909-064935-campaign/00-00-mcpwm-ntp,mcpwm:ntp,3,1.809685625,5698.0630000000865
new-acquisition/20260909-064935-campaign/00-00-mcpwm-ntp,mcpwm:ntp,3,2.809654563,-487.3130000002668
new-acquisition/20260909-064935-campaign/00-00-mcpwm-ntp,mcpwm:ntp,3,3.809623812,65.75100000016931
new-acquisition/20260909-064935-campaign/00-00-mcpwm-ntp,mcpwm:ntp,3,4.809591437,178.06299999989506
new-acquisition/20260909-064935-campaign/00-01-mcpwm-ftm,mcpwm:ftm,0,0.086094937,-0.8749999999974056
new-acquisition/20260909-064935-campaign/00-01-mcpwm-ftm,mcpwm:ftm,0,1.086062937,0.7510000001875738
new-acquisition/20260909-064935-campaign/00-01-mcpwm-ftm,mcpwm:ftm,0,2.086033437,-1.1250000002682725
new-acquisition/20260909-064935-campaign/00-01-mcpwm-ftm,mcpwm:ftm,0,3.086001875,-0.9369999998121159
new-acquisition/20260909-064935-campaign/00-01-mcpwm-ftm,mcpwm:ftm,0,4.08597,0.563000000397551
new-acquisition/20260909-064935-campaign/00-01-mcpwm-ftm,mcpwm:ftm,1,0.086094937,-0.12399999999024303
new-acquisition/20260909-064935-campaign/00-01-mcpwm-ftm,mcpwm:ftm,1,1.086062937,0.7510000001875738
new-acquisition/20260909-064935-campaign/00-01-mcpwm-ftm,mcpwm:ftm,1,2.086033437,-0.8750000000112834
new-acquisition/20260909-064935-campaign/00-01-mcpwm-ftm,mcpwm:ftm,1,3.086001875,-0.43700000018631613
new-acquisition/20260909-064935-campaign/00-01-mcpwm-ftm,mcpwm:ftm,1,4.08597,0.3120000000578216
new-acquisition/20260909-064935-campaign/00-01-mcpwm-ftm,mcpwm:ftm,3,0.086094937,-1.1239999999912431
new-acquisition/20260909-064935-campaign/00-01-mcpwm-ftm,mcpwm:ftm,3,1.086062937,1.1880000001518454
new-acquisition/20260909-064935-campaign/00-01-mcpwm-ftm,mcpwm:ftm,3,2.086033437,-0.062000000244921694
new-acquisition/20260909-064935-campaign/00-01-mcpwm-ftm,mcpwm:ftm,3,3.086001875,-0.18699999992932703
new-acquisition/20260909-064935-campaign/00-01-mcpwm-ftm,mcpwm:ftm,3,4.08597,0.0
new-acquisition/20260909-065110-campaign/00-00-mcpwm-ftm,mcpwm:ftm,0,0.842550687,0.625999999948057
new-acquisition/20260909-065110-campaign/00-00-mcpwm-ftm,mcpwm:ftm,0,1.842520563,-0.6879999998599118
new-acquisition/20260909-065110-campaign/00-00-mcpwm-ftm,mcpwm:ftm,0,2.842488438,0.9989999996129484
new-acquisition/20260909-065110-campaign/00-00-mcpwm-ftm,mcpwm:ftm,0,3.842458312,-0.37500000038548365
new-acquisition/20260909-065110-campaign/00-00-mcpwm-ftm,mcpwm:ftm,0,4.842427188,-0.6880000000819564
new-acquisition/20260909-065110-campaign/00-00-mcpwm-ftm,mcpwm:ftm,0,5.842395062,0.9380000003389455
new-acquisition/20260909-065110-campaign/00-00-mcpwm-ftm,mcpwm:ftm,0,6.842363938,0.6250000001983835
new-acquisition/20260909-065110-campaign/00-00-mcpwm-ftm,mcpwm:ftm,0,7.842332812,0.24999999936881068
new-acquisition/20260909-065110-campaign/00-00-mcpwm-ftm,mcpwm:ftm,0,8.842301687,0.9379999994507671
new-acquisition/20260909-065110-campaign/00-00-mcpwm-ftm,mcpwm:ftm,0,9.842271563,-0.4380000007131457
new-acquisition/20260909-065110-campaign/00-00-mcpwm-ftm,mcpwm:ftm,0,10.842240375,-0.7499999998827889
new-acquisition/20260909-065110-campaign/00-00-mcpwm-ftm,mcpwm:ftm,0,11.84220925,-0.06299999988357285
new-acquisition/20260909-065110-campaign/00-00-mcpwm-ftm,mcpwm:ftm,0,12.842177125,0.5620000003148107
new-acquisition/20260909-065110-campaign/00-00-mcpwm-ftm,mcpwm:ftm,0,13.842146938,-0.7509999999655292
new-acquisition/20260909-065110-campaign/00-00-mcpwm-ftm,mcpwm:ftm,0,14.842114813,1.250000000396767
new-acquisition/20260909-065110-campaign/00-00-mcpwm-ftm,mcpwm:ftm,0,15.842083625,0.5619999985384538
new-acquisition/20260909-065110-campaign/00-00-mcpwm-ftm,mcpwm:ftm,0,16.842053437,-0.7490000015764053
new-acquisition/20260909-065110-campaign/00-00-mcpwm-ftm,mcpwm:ftm,0,17.842021312,0.8129999997663617
new-acquisition/20260909-065110-campaign/00-00-mcpwm-ftm,mcpwm:ftm,0,18.841990125,0.500000002290335
new-acquisition/20260909-065110-campaign/00-00-mcpwm-ftm,mcpwm:ftm,0,19.841959938,-0.8129999997663617
new-acquisition/20260909-065110-campaign/00-00-mcpwm-ftm,mcpwm:ftm,0,20.84192775,0.8129999997663617
new-acquisition/20260909-065110-campaign/00-00-mcpwm-ftm,mcpwm:ftm,0,21.841897563,-0.5009999988203617
new-acquisition/20260909-065110-campaign/00-00-mcpwm-ftm,mcpwm:ftm,0,22.841866312,-0.8119999996836214
new-acquisition/20260909-065110-campaign/00-00-mcpwm-ftm,mcpwm:ftm,0,23.841835125,-0.12499999968440534
new-acquisition/20260909-065110-campaign/00-00-mcpwm-ftm,mcpwm:ftm,0,24.841803937,-0.49900000220759466
new-acquisition/20260909-065110-campaign/00-00-mcpwm-ftm,mcpwm:ftm,0,25.84177275,-0.875000001343551
new-acquisition/20260909-065110-campaign/00-00-mcpwm-ftm,mcpwm:ftm,0,26.8417405,0.8129999997663617
new-acquisition/20260909-065110-campaign/00-00-mcpwm-ftm,mcpwm:ftm,0,27.841709313,0.49900000220759466
new-acquisition/20260909-065110-campaign/00-00-mcpwm-ftm,mcpwm:ftm,0,28.841679062,-0.8119999996836214
new-acquisition/20260909-065110-campaign/00-00-mcpwm-ftm,mcpwm:ftm,0,29.841647438,0.24999999936881068
new-acquisition/20260909-065110-campaign/00-00-mcpwm-ftm,mcpwm:ftm,0,30.841616625,-0.49999999873762135
new-acquisition/20260909-065110-campaign/00-00-mcpwm-ftm,mcpwm:ftm,0,31.841584375,0.18700000126159466
new-acquisition/20260909-065110-campaign/00-00-mcpwm-ftm,mcpwm:ftm,0,32.841553187,0.8129999997663617
new-acquisition/20260909-065110-campaign/00-00-mcpwm-ftm,mcpwm:ftm,0,33.84152225,0.12499999968440534
new-acquisition/20260909-065110-campaign/00-00-mcpwm-ftm,mcpwm:ftm,0,34.8414905,0.3120000044987137
new-acquisition/20260909-065110-campaign/00-00-mcpwm-ftm,mcpwm:ftm,0,35.841460437,-0.18700000481430834
new-acquisition/20260909-065110-campaign/00-00-mcpwm-ftm,mcpwm:ftm,0,36.841428188,0.43699999707769166
new-acquisition/20260909-065110-campaign/00-00-mcpwm-ftm,mcpwm:ftm,0,37.841396938,0.12499999968440534
new-acquisition/20260909-065110-campaign/00-00-mcpwm-ftm,mcpwm:ftm,0,38.841365688,0.748999994470978
new-acquisition/20260909-065110-campaign/00-00-mcpwm-ftm,mcpwm:ftm,0,39.841334438,0.437000004183119
new-acquisition/20260909-065110-campaign/00-00-mcpwm-ftm,mcpwm:ftm,0,40.841303188,0.062000005129903
new-acquisition/20260909-065110-campaign/00-00-mcpwm-ftm,mcpwm:ftm,0,41.841272938,-0.31300000102874037
new-acquisition/20260909-065110-campaign/00-00-mcpwm-ftm,mcpwm:ftm,0,42.841241625,-0.625000005527454
new-acquisition/20260909-065110-campaign/00-00-mcpwm-ftm,mcpwm:ftm,0,43.841209375,0.0
new-acquisition/20260909-065110-campaign/00-00-mcpwm-ftm,mcpwm:ftm,0,44.841178125,0.6249999984220267
new-acquisition/20260909-065110-campaign/00-00-mcpwm-ftm,mcpwm:ftm,0,45.841146812,0.31300000102874037
new-acquisition/20260909-065110-campaign/00-00-mcpwm-ftm,mcpwm:ftm,0,46.841115563,0.936999995815313
new-acquisition/20260909-065110-campaign/00-00-mcpwm-ftm,mcpwm:ftm,0,47.84108425,0.563000000397551
new-acquisition/20260909-065110-campaign/00-00-mcpwm-ftm,mcpwm:ftm,0,48.841052938,0.24999999936881068
new-acquisition/20260909-065110-campaign/00-00-mcpwm-ftm,mcpwm:ftm,0,49.841022688,-0.18800000134433503
new-acquisition/20260909-065110-campaign/00-00-mcpwm-ftm,mcpwm:ftm,0,50.840991375,-0.49999999873762135
new-acquisition/20260909-065110-campaign/00-00-mcpwm-ftm,mcpwm:ftm,0,51.840959062,0.12499999968440534
new-acquisition/20260909-065110-campaign/00-00-mcpwm-ftm,mcpwm:ftm,0,52.84092875,-0.18800000134433503
new-acquisition/20260909-065110-campaign/00-00-mcpwm-ftm,mcpwm:ftm,0,53.8408965,0.374999999053216
new-acquisition/20260909-065110-campaign/00-00-mcpwm-ftm,mcpwm:ftm,0,54.840866187,-0.999000000945216
new-acquisition/20260909-065110-campaign/00-00-mcpwm-ftm,mcpwm:ftm,0,55.840833875,0.6249999984220267
new-acquisition/20260909-065110-campaign/00-00-mcpwm-ftm,mcpwm:ftm,0,56.840802563,0.25000000647423803
new-acquisition/20260909-065110-campaign/00-00-mcpwm-ftm,mcpwm:ftm,0,57.84077125,0.8749999977908374
new-acquisition/20260909-065110-campaign/00-00-mcpwm-ftm,mcpwm:ftm,0,58.840740938,-0.5000000058430487
new-acquisition/20260909-065110-campaign/00-00-mcpwm-ftm,mcpwm:ftm,0,59.840709563,-0.8129999997663617
new-acquisition/20260909-065110-campaign/00-00-mcpwm-ftm,mcpwm:ftm,1,0.842550687,1.1249999999352056
new-acquisition/20260909-065110-campaign/00-00-mcpwm-ftm,mcpwm:ftm,1,1.842520563,0.12400000004575418
new-acquisition/20260909-065110-campaign/00-00-mcpwm-ftm,mcpwm:ftm,1,2.842488438,0.061999999800832484
new-acquisition/20260909-065110-campaign/00-00-mcpwm-ftm,mcpwm:ftm,1,3.842458312,0.0
new-acquisition/20260909-065110-campaign/00-00-mcpwm-ftm,mcpwm:ftm,1,4.842427188,0.0
new-acquisition/20260909-065110-campaign/00-00-mcpwm-ftm,mcpwm:ftm,1,5.842395062,0.9380000003389455
new-acquisition/20260909-065110-campaign/00-00-mcpwm-ftm,mcpwm:ftm,1,6.842363938,0.8739999994844538
new-acquisition/20260909-065110-campaign/00-00-mcpwm-ftm,mcpwm:ftm,1,7.842332812,0.8759999996499346
new-acquisition/20260909-065110-campaign/00-00-mcpwm-ftm,mcpwm:ftm,1,8.842301687,0.8129999997663617
new-acquisition/20260909-065110-campaign/00-00-mcpwm-ftm,mcpwm:ftm,1,9.842271563,-0.2510000012279079
new-acquisition/20260909-065110-campaign/00-00-mcpwm-ftm,mcpwm:ftm,1,10.842240375,-0.24999999936881068
new-acquisition/20260909-065110-campaign/00-00-mcpwm-ftm,mcpwm:ftm,1,11.84220925,-0.31199999916964316
new-acquisition/20260909-065110-campaign/00-00-mcpwm-ftm,mcpwm:ftm,1,12.842177125,0.6250000001983835
new-acquisition/20260909-065110-campaign/00-00-mcpwm-ftm,mcpwm:ftm,1,13.842146938,-0.3760000009123132
new-acquisition/20260909-065110-campaign/00-00-mcpwm-ftm,mcpwm:ftm,1,14.842114813,0.5620000003148107
new-acquisition/20260909-065110-campaign/00-00-mcpwm-ftm,mcpwm:ftm,1,15.842083625,0.5619999985384538
new-acquisition/20260909-065110-campaign/00-00-mcpwm-ftm,mcpwm:ftm,1,16.842053437,-1.4370000016583617
new-acquisition/20260909-065110-campaign/00-00-mcpwm-ftm,mcpwm:ftm,1,17.842021312,-0.5620000003148107
new-acquisition/20260909-065110-campaign/00-00-mcpwm-ftm,mcpwm:ftm,1,18.841990125,-0.18799999779162135
new-acquisition/20260909-065110-campaign/00-00-mcpwm-ftm,mcpwm:ftm,1,19.841959938,-0.563000000397551
new-acquisition/20260909-065110-campaign/00-00-mcpwm-ftm,mcpwm:ftm,1,20.84192775,0.374999999053216
new-acquisition/20260909-065110-campaign/00-00-mcpwm-ftm,mcpwm:ftm,1,21.841897563,0.312000000946
new-acquisition/20260909-065110-campaign/00-00-mcpwm-ftm,mcpwm:ftm,1,22.841866312,0.3759999991359564
new-acquisition/20260909-065110-campaign/00-00-mcpwm-ftm,mcpwm:ftm,1,23.841835125,0.312000000946
new-acquisition/20260909-065110-campaign/00-00-mcpwm-ftm,mcpwm:ftm,1,24.841803937,0.24999999936881068
new-acquisition/20260909-065110-campaign/00-00-mcpwm-ftm,mcpwm:ftm,1,25.84177275,0.18799999779162135
new-acquisition/20260909-065110-campaign/00-00-mcpwm-ftm,mcpwm:ftm,1,26.8417405,1.1879999988195777
new-acquisition/20260909-065110-campaign/00-00-mcpwm-ftm,mcpwm:ftm,1,27.841709313,0.12499999968440534
new-acquisition/20260909-065110-campaign/00-00-mcpwm-ftm,mcpwm:ftm,1,28.841679062,-0.8740000012608107
new-acquisition/20260909-065110-campaign/00-00-mcpwm-ftm,mcpwm:ftm,1,29.841647438,0.49900000220759466
new-acquisition/20260909-065110-campaign/00-00-mcpwm-ftm,mcpwm:ftm,1,30.841616625,0.06299999810721602
new-acquisition/20260909-065110-campaign/00-00-mcpwm-ftm,mcpwm:ftm,1,31.841584375,1.0629999991351724
new-acquisition/20260909-065110-campaign/00-00-mcpwm-ftm,mcpwm:ftm,1,32.841553187,0.9999999974752427
new-acquisition/20260909-065110-campaign/00-00-mcpwm-ftm,mcpwm:ftm,1,33.84152225,0.625000005527454
new-acquisition/20260909-065110-campaign/00-00-mcpwm-ftm,mcpwm:ftm,1,34.8414905,1.1250000042650754
new-acquisition/20260909-065110-campaign/00-00-mcpwm-ftm,mcpwm:ftm,1,35.841460437,-0.12499999968440534
new-acquisition/20260909-065110-campaign/00-00-mcpwm-ftm,mcpwm:ftm,1,36.841428188,0.8740000012608107
new-acquisition/20260909-065110-campaign/00-00-mcpwm-ftm,mcpwm:ftm,1,37.841396938,0.8119999961309077
new-acquisition/20260909-065110-campaign/00-00-mcpwm-ftm,mcpwm:ftm,1,38.841365688,0.8119999961309077
new-acquisition/20260909-065110-campaign/00-00-mcpwm-ftm,mcpwm:ftm,1,39.841334438,0.7500000052118594
new-acquisition/20260909-065110-campaign/00-00-mcpwm-ftm,mcpwm:ftm,1,40.841303188,0.6870000035519297
new-acquisition/20260909-065110-campaign/00-00-mcpwm-ftm,mcpwm:ftm,1,41.841272938,-0.31300000102874037
new-acquisition/20260909-065110-campaign/00-00-mcpwm-ftm,mcpwm:ftm,1,42.841241625,-0.3120000044987137
new-acquisition/20260909-065110-campaign/00-00-mcpwm-ftm,mcpwm:ftm,1,43.841209375,0.6249999984220267
new-acquisition/20260909-065110-campaign/00-00-mcpwm-ftm,mcpwm:ftm,1,44.841178125,0.5620000038675244
new-acquisition/20260909-065110-campaign/00-00-mcpwm-ftm,mcpwm:ftm,1,45.841146812,0.563000000397551
new-acquisition/20260909-065110-campaign/00-00-mcpwm-ftm,mcpwm:ftm,1,46.841115563,0.4989999951021673
new-acquisition/20260909-065110-campaign/00-00-mcpwm-ftm,mcpwm:ftm,1,47.84108425,0.49999999873762135
new-acquisition/20260909-065110-campaign/00-00-mcpwm-ftm,mcpwm:ftm,1,48.841052938,0.437000004183119
new-acquisition/20260909-065110-campaign/00-00-mcpwm-ftm,mcpwm:ftm,1,49.841022688,-1.6259999995327235
new-acquisition/20260909-065110-campaign/00-00-mcpwm-ftm,mcpwm:ftm,1,50.840991375,-1.1879999988195777
new-acquisition/20260909-065110-campaign/00-00-mcpwm-ftm,mcpwm:ftm,1,51.840959062,0.312999993923313
new-acquisition/20260909-065110-campaign/00-00-mcpwm-ftm,mcpwm:ftm,1,52.84092875,0.312999993923313
new-acquisition/20260909-065110-campaign/00-00-mcpwm-ftm,mcpwm:ftm,1,53.8408965,1.187000002289551
new-acquisition/20260909-065110-campaign/00-00-mcpwm-ftm,mcpwm:ftm,1,54.840866187,0.18799999423890768
new-acquisition/20260909-065110-campaign/00-00-mcpwm-ftm,mcpwm:ftm,1,55.840833875,1.124999997159648
new-acquisition/20260909-065110-campaign/00-00-mcpwm-ftm,mcpwm:ftm,1,56.840802563,1.1240000006296214
new-acquisition/20260909-065110-campaign/00-00-mcpwm-ftm,mcpwm:ftm,1,57.84077125,1.0629999991351724
new-acquisition/20260909-065110-campaign/00-00-mcpwm-ftm,mcpwm:ftm,1,58.840740938,0.0
new-acquisition/20260909-065110-campaign/00-00-mcpwm-ftm,mcpwm:ftm,1,59.840709563,0.0
new-acquisition/20260909-065110-campaign/00-00-mcpwm-ftm,mcpwm:ftm,3,0.842550687,-0.18700000004034933
new-acquisition/20260909-065110-campaign/00-00-mcpwm-ftm,mcpwm:ftm,3,1.842520563,-0.8749999997892388
new-acquisition/20260909-065110-campaign/00-00-mcpwm-ftm,mcpwm:ftm,3,2.842488438,1.4369999998820049
new-acquisition/20260909-065110-campaign/00-00-mcpwm-ftm,mcpwm:ftm,3,3.842458312,-1.187000000069105
new-acquisition/20260909-065110-campaign/00-00-mcpwm-ftm,mcpwm:ftm,3,4.842427188,-0.876000000538113
new-acquisition/20260909-065110-campaign/00-00-mcpwm-ftm,mcpwm:ftm,3,5.842395062,0.4380000007131457
new-acquisition/20260909-065110-campaign/00-00-mcpwm-ftm,mcpwm:ftm,3,6.842363938,0.7489999998000485
new-acquisition/20260909-065110-campaign/00-00-mcpwm-ftm,mcpwm:ftm,3,7.842332812,1.0629999991351724
new-acquisition/20260909-065110-campaign/00-00-mcpwm-ftm,mcpwm:ftm,3,8.842301687,0.374999999053216
new-acquisition/20260909-065110-campaign/00-00-mcpwm-ftm,mcpwm:ftm,3,9.842271563,-1.31300000028034
new-acquisition/20260909-065110-campaign/00-00-mcpwm-ftm,mcpwm:ftm,3,10.842240375,0.061999999800832484
new-acquisition/20260909-065110-campaign/00-00-mcpwm-ftm,mcpwm:ftm,3,11.84220925,0.37500000082957285
new-acquisition/20260909-065110-campaign/00-00-mcpwm-ftm,mcpwm:ftm,3,12.842177125,0.6250000001983835
new-acquisition/20260909-065110-campaign/00-00-mcpwm-ftm,mcpwm:ftm,3,13.842146938,0.0
new-acquisition/20260909-065110-campaign/00-00-mcpwm-ftm,mcpwm:ftm,3,14.842114813,0.31199999916964316
new-acquisition/20260909-065110-campaign/00-00-mcpwm-ftm,mcpwm:ftm,3,15.842083625,0.6249999984220267
new-acquisition/20260909-065110-campaign/00-00-mcpwm-ftm,mcpwm:ftm,3,16.842053437,-0.06200000157718932
new-acquisition/20260909-065110-campaign/00-00-mcpwm-ftm,mcpwm:ftm,3,17.842021312,0.25099999945155105
new-acquisition/20260909-065110-campaign/00-00-mcpwm-ftm,mcpwm:ftm,3,18.841990125,0.563000000397551
new-acquisition/20260909-065110-campaign/00-00-mcpwm-ftm,mcpwm:ftm,3,19.841959938,-0.12499999968440534
new-acquisition/20260909-065110-campaign/00-00-mcpwm-ftm,mcpwm:ftm,3,20.84192775,1.1879999988195777
new-acquisition/20260909-065110-campaign/00-00-mcpwm-ftm,mcpwm:ftm,3,21.841897563,0.49999999873762135
new-acquisition/20260909-065110-campaign/00-00-mcpwm-ftm,mcpwm:ftm,3,22.841866312,-1.1240000006296214
new-acquisition/20260909-065110-campaign/00-00-mcpwm-ftm,mcpwm:ftm,3,23.841835125,0.12499999968440534
new-acquisition/20260909-065110-campaign/00-00-mcpwm-ftm,mcpwm:ftm,3,24.841803937,-0.5620000003148107
new-acquisition/20260909-065110-campaign/00-00-mcpwm-ftm,mcpwm:ftm,3,25.84177275,-0.24999999936881068
new-acquisition/20260909-065110-campaign/00-00-mcpwm-ftm,mcpwm:ftm,3,26.8417405,0.06299999810721602
new-acquisition/20260909-065110-campaign/00-00-mcpwm-ftm,mcpwm:ftm,3,27.841709313,1.3750000000811724
new-acquisition/20260909-065110-campaign/00-00-mcpwm-ftm,mcpwm:ftm,3,28.841679062,-0.312000000946
new-acquisition/20260909-065110-campaign/00-00-mcpwm-ftm,mcpwm:ftm,3,29.841647438,-0.6259999985047671
new-acquisition/20260909-065110-campaign/00-00-mcpwm-ftm,mcpwm:ftm,3,30.841616625,0.312000000946
new-acquisition/20260909-065110-campaign/00-00-mcpwm-ftm,mcpwm:ftm,3,31.841584375,0.6249999984220267
new-acquisition/20260909-065110-campaign/00-00-mcpwm-ftm,mcpwm:ftm,3,32.841553187,-0.12499999968440534
new-acquisition/20260909-065110-campaign/00-00-mcpwm-ftm,mcpwm:ftm,3,33.84152225,-0.12499999968440534
new-acquisition/20260909-065110-campaign/00-00-mcpwm-ftm,mcpwm:ftm,3,34.8414905,1.687999997557199
new-acquisition/20260909-065110-campaign/00-00-mcpwm-ftm,mcpwm:ftm,3,35.841460437,-1.187000002289551
new-acquisition/20260909-065110-campaign/00-00-mcpwm-ftm,mcpwm:ftm,3,36.841428188,1.1240000006296214
new-acquisition/20260909-065110-campaign/00-00-mcpwm-ftm,mcpwm:ftm,3,37.841396938,0.37399999541776197
new-acquisition/20260909-065110-campaign/00-00-mcpwm-ftm,mcpwm:ftm,3,38.841365688,0.6869999964465023
new-acquisition/20260909-065110-campaign/00-00-mcpwm-ftm,mcpwm:ftm,3,39.841334438,-0.6880000000819564
new-acquisition/20260909-065110-campaign/00-00-mcpwm-ftm,mcpwm:ftm,3,40.841303188,0.24999999936881068
new-acquisition/20260909-065110-campaign/00-00-mcpwm-ftm,mcpwm:ftm,3,41.841272938,-0.4380000007131457
new-acquisition/20260909-065110-campaign/00-00-mcpwm-ftm,mcpwm:ftm,3,42.841241625,-0.12499999968440534
new-acquisition/20260909-065110-campaign/00-00-mcpwm-ftm,mcpwm:ftm,3,43.841209375,0.18700000481430834
new-acquisition/20260909-065110-campaign/00-00-mcpwm-ftm,mcpwm:ftm,3,44.841178125,1.4379999981883884
new-acquisition/20260909-065110-campaign/00-00-mcpwm-ftm,mcpwm:ftm,3,45.841146812,0.7500000052118594
new-acquisition/20260909-065110-campaign/00-00-mcpwm-ftm,mcpwm:ftm,3,46.841115563,0.061999998024475644
new-acquisition/20260909-065110-campaign/00-00-mcpwm-ftm,mcpwm:ftm,3,47.84108425,0.749999998106432
new-acquisition/20260909-065110-campaign/00-00-mcpwm-ftm,mcpwm:ftm,3,48.841052938,1.6870000010271724
new-acquisition/20260909-065110-campaign/00-00-mcpwm-ftm,mcpwm:ftm,3,49.841022688,-0.0630000016599297
new-acquisition/20260909-065110-campaign/00-00-mcpwm-ftm,mcpwm:ftm,3,50.840991375,-0.749999998106432
new-acquisition/20260909-065110-campaign/00-00-mcpwm-ftm,mcpwm:ftm,3,51.840959062,1.5629999978727938
new-acquisition/20260909-065110-campaign/00-00-mcpwm-ftm,mcpwm:ftm,3,52.84092875,-0.18800000134433503
new-acquisition/20260909-065110-campaign/00-00-mcpwm-ftm,mcpwm:ftm,3,53.8408965,0.061999998024475644
new-acquisition/20260909-065110-campaign/00-00-mcpwm-ftm,mcpwm:ftm,3,54.840866187,0.374999999053216
new-acquisition/20260909-065110-campaign/00-00-mcpwm-ftm,mcpwm:ftm,3,55.840833875,1.6249999958972694
new-acquisition/20260909-065110-campaign/00-00-mcpwm-ftm,mcpwm:ftm,3,56.840802563,0.9370000029207404
new-acquisition/20260909-065110-campaign/00-00-mcpwm-ftm,mcpwm:ftm,3,57.84077125,0.18799999423890768
new-acquisition/20260909-065110-campaign/00-00-mcpwm-ftm,mcpwm:ftm,3,58.840740938,-0.5000000058430487
new-acquisition/20260909-065110-campaign/00-00-mcpwm-ftm,mcpwm:ftm,3,59.840709563,-0.18799999423890768
new-acquisition/20260909-065110-campaign/00-01-mcpwm-ntp,mcpwm:ntp,0,0.480718375,819.8120000000308
new-acquisition/20260909-065110-campaign/00-01-mcpwm-ntp,mcpwm:ntp,0,1.480687062,-4858.437000000215
new-acquisition/20260909-065110-campaign/00-01-mcpwm-ntp,mcpwm:ntp,0,2.480654687,-1594.4989999998604
new-acquisition/20260909-065110-campaign/00-01-mcpwm-ntp,mcpwm:ntp,0,3.480624375,-381.2500000002217
new-acquisition/20260909-065110-campaign/00-01-mcpwm-ntp,mcpwm:ntp,0,4.480593062,468.3130000007196
new-acquisition/20260909-065110-campaign/00-01-mcpwm-ntp,mcpwm:ntp,0,5.48056175,7504.686999999954
new-acquisition/20260909-065110-campaign/00-01-mcpwm-ntp,mcpwm:ntp,0,6.480529375,-879.3749999993495
new-acquisition/20260909-065110-campaign/00-01-mcpwm-ntp,mcpwm:ntp,0,7.480498062,271.1880000001443
new-acquisition/20260909-065110-campaign/00-01-mcpwm-ntp,mcpwm:ntp,0,8.48046675,-196.1880000003191
new-acquisition/20260909-065110-campaign/00-01-mcpwm-ntp,mcpwm:ntp,0,9.480435937,-230.06199999997534
new-acquisition/20260909-065110-campaign/00-01-mcpwm-ntp,mcpwm:ntp,0,10.480404062,-187.93699999974933
new-acquisition/20260909-065110-campaign/00-01-mcpwm-ntp,mcpwm:ntp,0,11.48037275,3009.6249999989054
new-acquisition/20260909-065110-campaign/00-01-mcpwm-ntp,mcpwm:ntp,0,12.480342437,97.31300000126453
new-acquisition/20260909-065110-campaign/00-01-mcpwm-ntp,mcpwm:ntp,0,13.480311063,3812.81199999961
new-acquisition/20260909-065110-campaign/00-01-mcpwm-ntp,mcpwm:ntp,0,14.48027975,1737.3750000011512
new-acquisition/20260909-065110-campaign/00-01-mcpwm-ntp,mcpwm:ntp,0,15.480247437,-685.8119999986201
new-acquisition/20260909-065110-campaign/00-01-mcpwm-ntp,mcpwm:ntp,0,16.480216062,771.8130000000656
new-acquisition/20260909-065110-campaign/00-01-mcpwm-ntp,mcpwm:ntp,0,17.48018475,-6738.374999997632
new-acquisition/20260909-065110-campaign/00-01-mcpwm-ntp,mcpwm:ntp,0,18.480153438,-129.9999999986312
new-acquisition/20260909-065110-campaign/00-01-mcpwm-ntp,mcpwm:ntp,0,19.480123062,-174.31200000217473
new-acquisition/20260909-065110-campaign/00-01-mcpwm-ntp,mcpwm:ntp,0,20.48009075,2850.188000000031
new-acquisition/20260909-065110-campaign/00-01-mcpwm-ntp,mcpwm:ntp,0,21.480059375,-276.06200000107606
new-acquisition/20260909-065110-campaign/00-01-mcpwm-ntp,mcpwm:ntp,0,22.480029,-619.4379999975297
new-acquisition/20260909-065110-campaign/00-01-mcpwm-ntp,mcpwm:ntp,0,23.479997687,327.1259999984011
new-acquisition/20260909-065110-campaign/00-01-mcpwm-ntp,mcpwm:ntp,0,25.479934875,93.4999999984143
new-acquisition/20260909-065110-campaign/00-01-mcpwm-ntp,mcpwm:ntp,0,26.479902625,628.9999999999907
new-acquisition/20260909-065110-campaign/00-01-mcpwm-ntp,mcpwm:ntp,0,27.47987225,-181.31299999879502
new-acquisition/20260909-065110-campaign/00-01-mcpwm-ntp,mcpwm:ntp,0,28.479840875,-99.31299999976773
new-acquisition/20260909-065110-campaign/00-01-mcpwm-ntp,mcpwm:ntp,0,29.479809563,-6940.875000001512
new-acquisition/20260909-065110-campaign/00-01-mcpwm-ntp,mcpwm:ntp,0,30.479778187,278.5000000002924
new-acquisition/20260909-065110-campaign/00-01-mcpwm-ntp,mcpwm:ntp,0,31.479746813,4110.062000002301
new-acquisition/20260909-065110-campaign/00-01-mcpwm-ntp,mcpwm:ntp,0,32.479715437,3831.6879999982234
new-acquisition/20260909-065110-campaign/00-01-mcpwm-ntp,mcpwm:ntp,0,33.479683625,-52.12499999629472
new-acquisition/20260909-065110-campaign/00-01-mcpwm-ntp,mcpwm:ntp,0,34.479652687,323.06300000328747
new-acquisition/20260909-065110-campaign/00-01-mcpwm-ntp,mcpwm:ntp,0,35.479621313,899.6870000004265
new-acquisition/20260909-065110-campaign/00-01-mcpwm-ntp,mcpwm:ntp,0,36.479589938,-226.687999997921
new-acquisition/20260909-065110-campaign/00-01-mcpwm-ntp,mcpwm:ntp,0,37.479558563,4073.1250000050068
new-acquisition/20260909-065110-campaign/00-01-mcpwm-ntp,mcpwm:ntp,0,38.479526187,-123.43699999917135
new-acquisition/20260909-065110-campaign/00-01-mcpwm-ntp,mcpwm:ntp,0,39.479494875,-563.0619999976716
new-acquisition/20260909-065110-campaign/00-01-mcpwm-ntp,mcpwm:ntp,0,40.479464437,-10.18699999377759
new-acquisition/20260909-065110-campaign/00-01-mcpwm-ntp,mcpwm:ntp,0,41.479432063,-296.56299999913927
new-acquisition/20260909-065110-campaign/00-01-mcpwm-ntp,mcpwm:ntp,0,42.479400813,-41.062999997620864
new-acquisition/20260909-065110-campaign/00-01-mcpwm-ntp,mcpwm:ntp,0,43.47937025,-1471.1869999999294
new-acquisition/20260909-065110-campaign/00-01-mcpwm-ntp,mcpwm:ntp,0,44.479338875,-2265.5620000051613
new-acquisition/20260909-065110-campaign/00-01-mcpwm-ntp,mcpwm:ntp,0,45.4793075,-3950.874999993914
new-acquisition/20260909-065110-campaign/00-01-mcpwm-ntp,mcpwm:ntp,0,46.479276062,1484.6250000033478
new-acquisition/20260909-065110-campaign/00-01-mcpwm-ntp,mcpwm:ntp,0,47.479244687,878.2499999995252
new-acquisition/20260909-065110-campaign/00-01-mcpwm-ntp,mcpwm:ntp,0,48.479212313,-999.1249999998786
new-acquisition/20260909-065110-campaign/00-01-mcpwm-ntp,mcpwm:ntp,0,49.479181875,640.1869999947962
new-acquisition/20260909-065110-campaign/00-01-mcpwm-ntp,mcpwm:ntp,0,50.4791495,-161.87499999631427
new-acquisition/20260909-065110-campaign/00-01-mcpwm-ntp,mcpwm:ntp,0,51.479118125,-3031.1880000013502
new-acquisition/20260909-065110-campaign/00-01-mcpwm-ntp,mcpwm:ntp,0,52.479086688,-535.1880000006304
new-acquisition/20260909-065110-campaign/00-01-mcpwm-ntp,mcpwm:ntp,0,53.479056312,443.00100000072007
new-acquisition/20260909-065110-campaign/00-01-mcpwm-ntp,mcpwm:ntp,0,54.479024875,1282.625000001758
new-acquisition/20260909-065110-campaign/00-01-mcpwm-ntp,mcpwm:ntp,0,55.4789925,1815.4380000012793
new-acquisition/20260909-065110-campaign/00-01-mcpwm-ntp,mcpwm:ntp,0,56.478961125,-3275.9999999996126
new-acquisition/20260909-065110-campaign/00-01-mcpwm-ntp,mcpwm:ntp,0,57.478930687,916.4999999953238
new-acquisition/20260909-065110-campaign/00-01-mcpwm-ntp,mcpwm:ntp,0,58.478899312,-46.87400000591424
new-acquisition/20260909-065110-campaign/00-01-mcpwm-ntp,mcpwm:ntp,0,59.478867875,635.7500000007121
new-acquisition/20260909-065110-campaign/00-01-mcpwm-ntp,mcpwm:ntp,1,0.480718375,-5470.437999999966
new-acquisition/20260909-065110-campaign/00-01-mcpwm-ntp,mcpwm:ntp,1,1.480687062,-216.68700000021522
new-acquisition/20260909-065110-campaign/00-01-mcpwm-ntp,mcpwm:ntp,1,2.480654687,-5388.500000000018
new-acquisition/20260909-065110-campaign/00-01-mcpwm-ntp,mcpwm:ntp,1,3.480624375,569.2499999998546
new-acquisition/20260909-065110-campaign/00-01-mcpwm-ntp,mcpwm:ntp,1,4.480593062,-2430.6869999994874
new-acquisition/20260909-065110-campaign/00-01-mcpwm-ntp,mcpwm:ntp,1,5.48056175,262.1249999998909
new-acquisition/20260909-065110-campaign/00-01-mcpwm-ntp,mcpwm:ntp,1,6.480529375,-6580.624999999784
new-acquisition/20260909-065110-campaign/00-01-mcpwm-ntp,mcpwm:ntp,1,7.480498062,8255.81299999989
new-acquisition/20260909-065110-campaign/00-01-mcpwm-ntp,mcpwm:ntp,1,8.48046675,-3357.8119999990718
new-acquisition/20260909-065110-campaign/00-01-mcpwm-ntp,mcpwm:ntp,1,9.480435937,-30.499999999378247
new-acquisition/20260909-065110-campaign/00-01-mcpwm-ntp,mcpwm:ntp,1,10.480404062,-392.9999999989775
new-acquisition/20260909-065110-campaign/00-01-mcpwm-ntp,mcpwm:ntp,1,11.48037275,-1344.0000000013442
new-acquisition/20260909-065110-campaign/00-01-mcpwm-ntp,mcpwm:ntp,1,12.480342437,-4240.624999999553
new-acquisition/20260909-065110-campaign/00-01-mcpwm-ntp,mcpwm:ntp,1,13.480311063,-6278.8749999995725
new-acquisition/20260909-065110-campaign/00-01-mcpwm-ntp,mcpwm:ntp,1,14.48027975,-10202.749999999483
new-acquisition/20260909-065110-campaign/00-01-mcpwm-ntp,mcpwm:ntp,1,15.480247437,-891.1869999987942
new-acquisition/20260909-065110-campaign/00-01-mcpwm-ntp,mcpwm:ntp,1,16.480216062,-875.1870000018869
new-acquisition/20260909-065110-campaign/00-01-mcpwm-ntp,mcpwm:ntp,1,17.48018475,-1567.18799999922
new-acquisition/20260909-065110-campaign/00-01-mcpwm-ntp,mcpwm:ntp,1,18.480153438,17723.000000000156
new-acquisition/20260909-065110-campaign/00-01-mcpwm-ntp,mcpwm:ntp,1,19.480123062,-4073.1869999994788
new-acquisition/20260909-065110-campaign/00-01-mcpwm-ntp,mcpwm:ntp,1,20.48009075,-5214.93799999817
new-acquisition/20260909-065110-campaign/00-01-mcpwm-ntp,mcpwm:ntp,1,21.480059375,2881.5000000008695
new-acquisition/20260909-065110-campaign/00-01-mcpwm-ntp,mcpwm:ntp,1,22.480029,-5292.249999996557
new-acquisition/20260909-065110-campaign/00-01-mcpwm-ntp,mcpwm:ntp,1,23.479997687,-6809.249999999878
new-acquisition/20260909-065110-campaign/00-01-mcpwm-ntp,mcpwm:ntp,1,24.479966313,-65.50099999813597
new-acquisition/20260909-065110-campaign/00-01-mcpwm-ntp,mcpwm:ntp,1,25.479934875,-2672.3750000030577
new-acquisition/20260909-065110-campaign/00-01-mcpwm-ntp,mcpwm:ntp,1,26.479902625,-110.6250000013631
new-acquisition/20260909-065110-campaign/00-01-mcpwm-ntp,mcpwm:ntp,1,27.47987225,-15239.06299999922
new-acquisition/20260909-065110-campaign/00-01-mcpwm-ntp,mcpwm:ntp,1,28.479840875,-39774.1879999991
new-acquisition/20260909-065110-campaign/00-01-mcpwm-ntp,mcpwm:ntp,1,29.479809563,22702.43699999952
new-acquisition/20260909-065110-campaign/00-01-mcpwm-ntp,mcpwm:ntp,1,30.479778187,-6359.562000000096
new-acquisition/20260909-065110-campaign/00-01-mcpwm-ntp,mcpwm:ntp,1,31.479746813,-6610.562999998848
new-acquisition/20260909-065110-campaign/00-01-mcpwm-ntp,mcpwm:ntp,1,32.479715437,-4754.624000000263
new-acquisition/20260909-065110-campaign/00-01-mcpwm-ntp,mcpwm:ntp,1,33.479683625,-1056.2499999977604
new-acquisition/20260909-065110-campaign/00-01-mcpwm-ntp,mcpwm:ntp,1,34.479652687,3309.001000005196
new-acquisition/20260909-065110-campaign/00-01-mcpwm-ntp,mcpwm:ntp,1,35.479621313,-1108.8749999998981
new-acquisition/20260909-065110-campaign/00-01-mcpwm-ntp,mcpwm:ntp,1,36.479589938,-250.99999999866895
new-acquisition/20260909-065110-campaign/00-01-mcpwm-ntp,mcpwm:ntp,1,37.479558563,1011.9370000012395
new-acquisition/20260909-065110-campaign/00-01-mcpwm-ntp,mcpwm:ntp,1,38.479526187,-714.0620000001263
new-acquisition/20260909-065110-campaign/00-01-mcpwm-ntp,mcpwm:ntp,1,39.479494875,-276.18699999720775
new-acquisition/20260909-065110-campaign/00-01-mcpwm-ntp,mcpwm:ntp,1,40.479464437,-4753.998999994736
new-acquisition/20260909-065110-campaign/00-01-mcpwm-ntp,mcpwm:ntp,1,41.479432063,95.81200000496892
new-acquisition/20260909-065110-campaign/00-01-mcpwm-ntp,mcpwm:ntp,1,42.479400813,-7089.125000000251
new-acquisition/20260909-065110-campaign/00-01-mcpwm-ntp,mcpwm:ntp,1,43.47937025,-35.25000000337286
new-acquisition/20260909-065110-campaign/00-01-mcpwm-ntp,mcpwm:ntp,1,44.479338875,96.68799999928979
new-acquisition/20260909-065110-campaign/00-01-mcpwm-ntp,mcpwm:ntp,1,45.4793075,-1167.3119999997539
new-acquisition/20260909-065110-campaign/00-01-mcpwm-ntp,mcpwm:ntp,1,46.479276062,-9815.936999999052
new-acquisition/20260909-065110-campaign/00-01-mcpwm-ntp,mcpwm:ntp,1,47.479244687,-2477.3119999963455
new-acquisition/20260909-065110-campaign/00-01-mcpwm-ntp,mcpwm:ntp,1,48.479212313,-3930.562999997278
new-acquisition/20260909-065110-campaign/00-01-mcpwm-ntp,mcpwm:ntp,1,49.479181875,-3041.313000004209
new-acquisition/20260909-065110-campaign/00-01-mcpwm-ntp,mcpwm:ntp,1,50.4791495,-1859.4370000002414
new-acquisition/20260909-065110-campaign/00-01-mcpwm-ntp,mcpwm:ntp,1,51.479118125,-11633.75000000144
new-acquisition/20260909-065110-campaign/00-01-mcpwm-ntp,mcpwm:ntp,1,52.479086688,-1634.501000005173
new-acquisition/20260909-065110-campaign/00-01-mcpwm-ntp,mcpwm:ntp,1,53.479056312,663.3130000039955
new-acquisition/20260909-065110-campaign/00-01-mcpwm-ntp,mcpwm:ntp,1,54.479024875,2521.2500000009186
new-acquisition/20260909-065110-campaign/00-01-mcpwm-ntp,mcpwm:ntp,1,55.4789925,-5278.499999995745
new-acquisition/20260909-065110-campaign/00-01-mcpwm-ntp,mcpwm:ntp,1,56.478961125,-13218.312999995873
new-acquisition/20260909-065110-campaign/00-01-mcpwm-ntp,mcpwm:ntp,1,57.478930687,-11173.374999998487
new-acquisition/20260909-065110-campaign/00-01-mcpwm-ntp,mcpwm:ntp,1,58.478899312,-6794.3120000038
new-acquisition/20260909-065110-campaign/00-01-mcpwm-ntp,mcpwm:ntp,1,59.478867875,-3345.7500000011464
new-acquisition/20260909-065110-campaign/00-01-mcpwm-ntp,mcpwm:ntp,3,0.480718375,-291.5000000000001
new-acquisition/20260909-065110-campaign/00-01-mcpwm-ntp,mcpwm:ntp,3,1.480687062,2343.6879999998437
new-acquisition/20260909-065110-campaign/00-01-mcpwm-ntp,mcpwm:ntp,3,2.480654687,1955.688000000233
new-acquisition/20260909-065110-campaign/00-01-mcpwm-ntp,mcpwm:ntp,3,3.480624375,8337.000000000038
new-acquisition/20260909-065110-campaign/00-01-mcpwm-ntp,mcpwm:ntp,3,4.480593062,-2069.3119999997125
new-acquisition/20260909-065110-campaign/00-01-mcpwm-ntp,mcpwm:ntp,3,5.48056175,966.813000000677
new-acquisition/20260909-065110-campaign/00-01-mcpwm-ntp,mcpwm:ntp,3,6.480529375,124.12500000014148
new-acquisition/20260909-065110-campaign/00-01-mcpwm-ntp,mcpwm:ntp,3,7.480498062,-362.5619999994001
new-acquisition/20260909-065110-campaign/00-01-mcpwm-ntp,mcpwm:ntp,3,8.48046675,46.62499999952274
new-acquisition/20260909-065110-campaign/00-01-mcpwm-ntp,mcpwm:ntp,3,9.480435937,14.43800000089368
new-acquisition/20260909-065110-campaign/00-01-mcpwm-ntp,mcpwm:ntp,3,10.480404062,-1964.6869999991877
new-acquisition/20260909-065110-campaign/00-01-mcpwm-ntp,mcpwm:ntp,3,11.48037275,-9.562000000684634
new-acquisition/20260909-065110-campaign/00-01-mcpwm-ntp,mcpwm:ntp,3,12.480342437,86.68800000144472
new-acquisition/20260909-065110-campaign/00-01-mcpwm-ntp,mcpwm:ntp,3,13.480311063,235.99899999915408
new-acquisition/20260909-065110-campaign/00-01-mcpwm-ntp,mcpwm:ntp,3,14.48027975,150.25000000079558
new-acquisition/20260909-065110-campaign/00-01-mcpwm-ntp,mcpwm:ntp,3,15.480247437,594.4380000002525
new-acquisition/20260909-065110-campaign/00-01-mcpwm-ntp,mcpwm:ntp,3,16.480216062,-258.1870000000208
new-acquisition/20260909-065110-campaign/00-01-mcpwm-ntp,mcpwm:ntp,3,17.48018475,1563.93800000032
new-acquisition/20260909-065110-campaign/00-01-mcpwm-ntp,mcpwm:ntp,3,18.480153438,237.25000000140994
new-acquisition/20260909-065110-campaign/00-01-mcpwm-ntp,mcpwm:ntp,3,19.480123062,-424.43699999950013
new-acquisition/20260909-065110-campaign/00-01-mcpwm-ntp,mcpwm:ntp,3,20.48009075,-3767.062999997961
new-acquisition/20260909-065110-campaign/00-01-mcpwm-ntp,mcpwm:ntp,3,21.480059375,4245.874999998733
new-acquisition/20260909-065110-campaign/00-01-mcpwm-ntp,mcpwm:ntp,3,22.480029,-407.62499999758006
new-acquisition/20260909-065110-campaign/00-01-mcpwm-ntp,mcpwm:ntp,3,23.479997687,-138.43700000037984
new-acquisition/20260909-065110-campaign/00-01-mcpwm-ntp,mcpwm:ntp,3,24.479966313,430.81200000116837
new-acquisition/20260909-065110-campaign/00-01-mcpwm-ntp,mcpwm:ntp,3,25.479934875,-12695.374999999842
new-acquisition/20260909-065110-campaign/00-01-mcpwm-ntp,mcpwm:ntp,3,26.479902625,197.31299999747876
new-acquisition/20260909-065110-campaign/00-01-mcpwm-ntp,mcpwm:ntp,3,27.47987225,-1951.3129999992884
new-acquisition/20260909-065110-campaign/00-01-mcpwm-ntp,mcpwm:ntp,3,28.479840875,-10279.374999999647
new-acquisition/20260909-065110-campaign/00-01-mcpwm-ntp,mcpwm:ntp,3,29.479809563,1593.0620000013107
new-acquisition/20260909-065110-campaign/00-01-mcpwm-ntp,mcpwm:ntp,3,30.479778187,1178.313000000486
new-acquisition/20260909-065110-campaign/00-01-mcpwm-ntp,mcpwm:ntp,3,31.479746813,956.6250000005994
new-acquisition/20260909-065110-campaign/00-01-mcpwm-ntp,mcpwm:ntp,3,32.479715437,-596.0619999996197
new-acquisition/20260909-065110-campaign/00-01-mcpwm-ntp,mcpwm:ntp,3,33.479683625,295.56199999802857
new-acquisition/20260909-065110-campaign/00-01-mcpwm-ntp,mcpwm:ntp,3,34.479652687,3739.313000004074
new-acquisition/20260909-065110-campaign/00-01-mcpwm-ntp,mcpwm:ntp,3,35.479621313,-318.3130000010692
new-acquisition/20260909-065110-campaign/00-01-mcpwm-ntp,mcpwm:ntp,3,36.479589938,-3003.9379999990956
new-acquisition/20260909-065110-campaign/00-01-mcpwm-ntp,mcpwm:ntp,3,37.479558563,-955.7499999957031
new-acquisition/20260909-065110-campaign/00-01-mcpwm-ntp,mcpwm:ntp,3,38.479526187,-5996.312000000615
new-acquisition/20260909-065110-campaign/00-01-mcpwm-ntp,mcpwm:ntp,3,39.479494875,-2230.812999997056
new-acquisition/20260909-065110-campaign/00-01-mcpwm-ntp,mcpwm:ntp,3,40.479464437,356.93800000302645
new-acquisition/20260909-065110-campaign/00-01-mcpwm-ntp,mcpwm:ntp,3,41.479432063,-581.8129999966004
new-acquisition/20260909-065110-campaign/00-01-mcpwm-ntp,mcpwm:ntp,3,42.479400813,-1819.6249999959946
new-acquisition/20260909-065110-campaign/00-01-mcpwm-ntp,mcpwm:ntp,3,43.47937025,-509.2500000003497
new-acquisition/20260909-065110-campaign/00-01-mcpwm-ntp,mcpwm:ntp,3,44.479338875,150.93699999368937
new-acquisition/20260909-065110-campaign/00-01-mcpwm-ntp,mcpwm:ntp,3,45.4793075,2363.125000002242
new-acquisition/20260909-065110-campaign/00-01-mcpwm-ntp,mcpwm:ntp,3,46.479276062,-1970.436999997105
new-acquisition/20260909-065110-campaign/00-01-mcpwm-ntp,mcpwm:ntp,3,47.479244687,111.75100000571092
new-acquisition/20260909-065110-campaign/00-01-mcpwm-ntp,mcpwm:ntp,3,48.479212313,754.9370000035083
new-acquisition/20260909-065110-campaign/00-01-mcpwm-ntp,mcpwm:ntp,3,49.479181875,-1410.6879999999933
new-acquisition/20260909-065110-campaign/00-01-mcpwm-ntp,mcpwm:ntp,3,50.4791495,1113.4380000044075
new-acquisition/20260909-065110-campaign/00-01-mcpwm-ntp,mcpwm:ntp,3,51.479118125,-253.3130000017536
new-acquisition/20260909-065110-campaign/00-01-mcpwm-ntp,mcpwm:ntp,3,52.479086688,1325.9369999971682
new-acquisition/20260909-065110-campaign/00-01-mcpwm-ntp,mcpwm:ntp,3,53.479056312,1385.1880000004257
new-acquisition/20260909-065110-campaign/00-01-mcpwm-ntp,mcpwm:ntp,3,54.479024875,-636.4999999988186
new-acquisition/20260909-065110-campaign/00-01-mcpwm-ntp,mcpwm:ntp,3,55.4789925,737.6880000009578
new-acquisition/20260909-065110-campaign/00-01-mcpwm-ntp,mcpwm:ntp,3,56.478961125,-633.0000000005498
new-acquisition/20260909-065110-campaign/00-01-mcpwm-ntp,mcpwm:ntp,3,57.478930687,-2040.7499999990364
new-acquisition/20260909-065110-campaign/00-01-mcpwm-ntp,mcpwm:ntp,3,58.478899312,-1291.5000000006671
new-acquisition/20260909-065110-campaign/00-01-mcpwm-ntp,mcpwm:ntp,3,59.478867875,-421.2500000022601
new-acquisition/20260909-065110-campaign/00-02-mcpwm-mac,mcpwm:mac,0,0.678095875,-7076.124999999989
new-acquisition/20260909-065110-campaign/00-02-mcpwm-mac,mcpwm:mac,0,1.678063438,-7075.812999999931
new-acquisition/20260909-065110-campaign/00-02-mcpwm-mac,mcpwm:mac,0,2.678033,-7076.813000000293
new-acquisition/20260909-065110-campaign/00-02-mcpwm-mac,mcpwm:mac,0,3.678000625,-7076.250000000339
new-acquisition/20260909-065110-campaign/00-02-mcpwm-mac,mcpwm:mac,0,4.677969187,-7076.562000000841
new-acquisition/20260909-065110-campaign/00-02-mcpwm-mac,mcpwm:mac,0,5.67793875,-7077.9380000001165
new-acquisition/20260909-065110-campaign/00-02-mcpwm-mac,mcpwm:mac,0,6.677907375,-7078.374999999859
new-acquisition/20260909-065110-campaign/00-02-mcpwm-mac,mcpwm:mac,0,7.677875937,-7078.686999999917
new-acquisition/20260909-065110-campaign/00-02-mcpwm-mac,mcpwm:mac,0,8.677843562,-7078.12399999952
new-acquisition/20260909-065110-campaign/00-02-mcpwm-mac,mcpwm:mac,0,9.677812125,-7077.81200000035
new-acquisition/20260909-065110-campaign/00-02-mcpwm-mac,mcpwm:mac,0,10.67778175,-7079.936999998537
new-acquisition/20260909-065110-campaign/00-02-mcpwm-mac,mcpwm:mac,0,11.677750313,-7080.251000001425
new-acquisition/20260909-065110-campaign/00-02-mcpwm-mac,mcpwm:mac,0,12.677718875,-7080.625000000396
new-acquisition/20260909-065110-campaign/00-02-mcpwm-mac,mcpwm:mac,0,13.6776875,-7081.06199999925
new-acquisition/20260909-065110-campaign/00-02-mcpwm-mac,mcpwm:mac,0,14.677656063,-7081.438000000162
new-acquisition/20260909-065110-campaign/00-02-mcpwm-mac,mcpwm:mac,0,15.677624625,-7081.811999999132
new-acquisition/20260909-065110-campaign/00-02-mcpwm-mac,mcpwm:mac,0,16.67759325,-7082.187000001739
new-acquisition/20260909-065110-campaign/00-02-mcpwm-mac,mcpwm:mac,0,17.677560813,-7081.562999999846
new-acquisition/20260909-065110-campaign/00-02-mcpwm-mac,mcpwm:mac,0,18.677530375,-7082.937999999927
new-acquisition/20260909-065110-campaign/00-02-mcpwm-mac,mcpwm:mac,0,19.677499,-7083.375000000558
new-acquisition/20260909-065110-campaign/00-02-mcpwm-mac,mcpwm:mac,0,20.677467562,-7083.749999999611
new-acquisition/20260909-065110-campaign/00-02-mcpwm-mac,mcpwm:mac,0,21.677436125,-7085.124999999693
new-acquisition/20260909-065110-campaign/00-02-mcpwm-mac,mcpwm:mac,0,22.677403688,-7084.5009999978
new-acquisition/20260909-065110-campaign/00-02-mcpwm-mac,mcpwm:mac,0,23.677372313,-7083.938000000955
new-acquisition/20260909-065110-campaign/00-02-mcpwm-mac,mcpwm:mac,0,24.677340875,-7084.374999998034
new-acquisition/20260909-065110-campaign/00-02-mcpwm-mac,mcpwm:mac,0,25.677310438,-7085.750999998198
new-acquisition/20260909-065110-campaign/00-02-mcpwm-mac,mcpwm:mac,0,26.677278,-7085.124999999693
new-acquisition/20260909-065110-campaign/00-02-mcpwm-mac,mcpwm:mac,0,27.677247562,-7086.499000003243
new-acquisition/20260909-065110-campaign/00-02-mcpwm-mac,mcpwm:mac,0,28.677216125,-7086.875000002379
new-acquisition/20260909-065110-campaign/00-02-mcpwm-mac,mcpwm:mac,0,29.677184687,-7087.311999999457
new-acquisition/20260909-065110-campaign/00-02-mcpwm-mac,mcpwm:mac,0,30.67715225,-7086.687999997565
new-acquisition/20260909-065110-campaign/00-02-mcpwm-mac,mcpwm:mac,0,31.677121813,-7088.062999997646
new-acquisition/20260909-065110-campaign/00-02-mcpwm-mac,mcpwm:mac,0,32.677090375,-7088.50000000183
new-acquisition/20260909-065110-campaign/00-02-mcpwm-mac,mcpwm:mac,0,33.677057938,-7087.875999999937
new-acquisition/20260909-065110-campaign/00-02-mcpwm-mac,mcpwm:mac,0,34.6770265,-7088.249999995355
new-acquisition/20260909-065110-campaign/00-02-mcpwm-mac,mcpwm:mac,0,35.676996063,-7089.6880000006495
new-acquisition/20260909-065110-campaign/00-02-mcpwm-mac,mcpwm:mac,0,36.676965313,-7090.750999999784
new-acquisition/20260909-065110-campaign/00-02-mcpwm-mac,mcpwm:mac,0,37.676933187,-7090.49900000025
new-acquisition/20260909-065110-campaign/00-02-mcpwm-mac,mcpwm:mac,0,38.67690075,-7089.874999998357
new-acquisition/20260909-065110-campaign/00-02-mcpwm-mac,mcpwm:mac,0,39.676870313,-7091.501000004996
new-acquisition/20260909-065110-campaign/00-02-mcpwm-mac,mcpwm:mac,0,40.676838875,-7091.6869999990695
new-acquisition/20260909-065110-campaign/00-02-mcpwm-mac,mcpwm:mac,0,41.676807375,-7092.062000005228
new-acquisition/20260909-065110-campaign/00-02-mcpwm-mac,mcpwm:mac,0,42.676775937,-7092.437000004282
new-acquisition/20260909-065110-campaign/00-02-mcpwm-mac,mcpwm:mac,0,43.6767445,-7092.874999997889
new-acquisition/20260909-065110-campaign/00-02-mcpwm-mac,mcpwm:mac,0,44.676712063,-7092.249999999467
new-acquisition/20260909-065110-campaign/00-02-mcpwm-mac,mcpwm:mac,0,45.676681563,-7093.625999999631
new-acquisition/20260909-065110-campaign/00-02-mcpwm-mac,mcpwm:mac,0,46.676649125,-7093.062999999233
new-acquisition/20260909-065110-campaign/00-02-mcpwm-mac,mcpwm:mac,0,47.676617687,-7093.436999994651
new-acquisition/20260909-065110-campaign/00-02-mcpwm-mac,mcpwm:mac,0,48.676587187,-7094.8120000053905
new-acquisition/20260909-065110-campaign/00-02-mcpwm-mac,mcpwm:mac,0,49.67655575,-7095.188000000973
new-acquisition/20260909-065110-campaign/00-02-mcpwm-mac,mcpwm:mac,0,50.676523313,-7094.624999993471
new-acquisition/20260909-065110-campaign/00-02-mcpwm-mac,mcpwm:mac,0,51.676492813,-7096.0010000007405
new-acquisition/20260909-065110-campaign/00-02-mcpwm-mac,mcpwm:mac,0,52.676460375,-7095.438000000342
new-acquisition/20260909-065110-campaign/00-02-mcpwm-mac,mcpwm:mac,0,53.676429875,-7096.749999995211
new-acquisition/20260909-065110-campaign/00-02-mcpwm-mac,mcpwm:mac,0,54.676398437,-7097.187000006499
new-acquisition/20260909-065110-campaign/00-02-mcpwm-mac,mcpwm:mac,0,55.676365938,-7096.563000004608
new-acquisition/20260909-065110-campaign/00-02-mcpwm-mac,mcpwm:mac,0,56.6763355,-7097.936999997501
new-acquisition/20260909-065110-campaign/00-02-mcpwm-mac,mcpwm:mac,0,57.676304,-7098.31200000366
new-acquisition/20260909-065110-campaign/00-02-mcpwm-mac,mcpwm:mac,0,58.6762715,-7097.688000001767
new-acquisition/20260909-065110-campaign/00-02-mcpwm-mac,mcpwm:mac,0,59.676240062,-7098.1239999952095
new-acquisition/20260909-065110-campaign/00-02-mcpwm-mac,mcpwm:mac,1,0.678095875,-184878.31300000002
new-acquisition/20260909-065110-campaign/00-02-mcpwm-mac,mcpwm:mac,1,1.678063438,-184882.3129999999
new-acquisition/20260909-065110-campaign/00-02-mcpwm-mac,mcpwm:mac,1,2.678033,-184889.31300000023
new-acquisition/20260909-065110-campaign/00-02-mcpwm-mac,mcpwm:mac,1,3.678000625,-184894.3750000003
new-acquisition/20260909-065110-campaign/00-02-mcpwm-mac,mcpwm:mac,1,4.677969187,-184901.43700000062
new-acquisition/20260909-065110-campaign/00-02-mcpwm-mac,mcpwm:mac,1,5.67793875,-184907.43699999969
new-acquisition/20260909-065110-campaign/00-02-mcpwm-mac,mcpwm:mac,1,6.677907375,-184913.5000000004
new-acquisition/20260909-065110-campaign/00-02-mcpwm-mac,mcpwm:mac,1,7.677875937,-184919.49899999937
new-acquisition/20260909-065110-campaign/00-02-mcpwm-mac,mcpwm:mac,1,8.677843562,-184924.62399999888
new-acquisition/20260909-065110-campaign/00-02-mcpwm-mac,mcpwm:mac,1,9.677812125,-184930.62500000157
new-acquisition/20260909-065110-campaign/00-02-mcpwm-mac,mcpwm:mac,1,10.67778175,-184937.68799999976
new-acquisition/20260909-065110-campaign/00-02-mcpwm-mac,mcpwm:mac,1,11.677750313,-184943.6880000006
new-acquisition/20260909-065110-campaign/00-02-mcpwm-mac,mcpwm:mac,1,12.677718875,-184949.74999999948
new-acquisition/20260909-065110-campaign/00-02-mcpwm-mac,mcpwm:mac,1,13.6776875,-184955.8130000002
new-acquisition/20260909-065110-campaign/00-02-mcpwm-mac,mcpwm:mac,1,14.677656063,-184961.81300000104
new-acquisition/20260909-065110-campaign/00-02-mcpwm-mac,mcpwm:mac,1,15.677624625,-184967.81300000008
new-acquisition/20260909-065110-campaign/00-02-mcpwm-mac,mcpwm:mac,1,16.67759325,-184973.9370000023
new-acquisition/20260909-065110-campaign/00-02-mcpwm-mac,mcpwm:mac,1,17.677560813,-184978.93800000043
new-acquisition/20260909-065110-campaign/00-02-mcpwm-mac,mcpwm:mac,1,18.677530375,-184986.93700000146
new-acquisition/20260909-065110-campaign/00-02-mcpwm-mac,mcpwm:mac,1,19.677499,-184992.06299999927
new-acquisition/20260909-065110-campaign/00-02-mcpwm-mac,mcpwm:mac,1,20.677467562,-184999.06199999928
new-acquisition/20260909-065110-campaign/00-02-mcpwm-mac,mcpwm:mac,1,21.677436125,-185004.12499999895
new-acquisition/20260909-065110-campaign/00-02-mcpwm-mac,mcpwm:mac,1,22.677403688,-185010.1259999981
new-acquisition/20260909-065110-campaign/00-02-mcpwm-mac,mcpwm:mac,1,23.677372313,-185016.25000000032
new-acquisition/20260909-065110-campaign/00-02-mcpwm-mac,mcpwm:mac,1,24.677340875,-185022.2499999994
new-acquisition/20260909-065110-campaign/00-02-mcpwm-mac,mcpwm:mac,1,25.677310438,-185028.3130000001
new-acquisition/20260909-065110-campaign/00-02-mcpwm-mac,mcpwm:mac,1,26.677278,-185033.3120000016
new-acquisition/20260909-065110-campaign/00-02-mcpwm-mac,mcpwm:mac,1,27.677247562,-185040.37400000327
new-acquisition/20260909-065110-campaign/00-02-mcpwm-mac,mcpwm:mac,1,28.677216125,-185046.37500000242
new-acquisition/20260909-065110-campaign/00-02-mcpwm-mac,mcpwm:mac,1,29.677184687,-185052.4369999995
new-acquisition/20260909-065110-campaign/00-02-mcpwm-mac,mcpwm:mac,1,30.67715225,-185057.4999999992
new-acquisition/20260909-065110-campaign/00-02-mcpwm-mac,mcpwm:mac,1,31.677121813,-185064.50099999938
new-acquisition/20260909-065110-campaign/00-02-mcpwm-mac,mcpwm:mac,1,32.677090375,-185071.56300000104
new-acquisition/20260909-065110-campaign/00-02-mcpwm-mac,mcpwm:mac,1,33.677057938,-185075.62599999973
new-acquisition/20260909-065110-campaign/00-02-mcpwm-mac,mcpwm:mac,1,34.6770265,-185082.6879999943
new-acquisition/20260909-065110-campaign/00-02-mcpwm-mac,mcpwm:mac,1,35.676996063,-185089.68799999793
new-acquisition/20260909-065110-campaign/00-02-mcpwm-mac,mcpwm:mac,1,36.676965313,-185095.4379999976
new-acquisition/20260909-065110-campaign/00-02-mcpwm-mac,mcpwm:mac,1,37.676933187,-185101.8120000063
new-acquisition/20260909-065110-campaign/00-02-mcpwm-mac,mcpwm:mac,1,38.67690075,-185105.87500000498
new-acquisition/20260909-065110-campaign/00-02-mcpwm-mac,mcpwm:mac,1,39.676870313,-185113.93800000063
new-acquisition/20260909-065110-campaign/00-02-mcpwm-mac,mcpwm:mac,1,40.676838875,-185120.00000000483
new-acquisition/20260909-065110-campaign/00-02-mcpwm-mac,mcpwm:mac,1,41.676807375,-185126.62500000233
new-acquisition/20260909-065110-campaign/00-02-mcpwm-mac,mcpwm:mac,1,42.676775937,-185131.0620000035
new-acquisition/20260909-065110-campaign/00-02-mcpwm-mac,mcpwm:mac,1,43.6767445,-185137.06199999547
new-acquisition/20260909-065110-campaign/00-02-mcpwm-mac,mcpwm:mac,1,44.676712063,-185143.12599999981
new-acquisition/20260909-065110-campaign/00-02-mcpwm-mac,mcpwm:mac,1,45.676681563,-185150.12499999983
new-acquisition/20260909-065110-campaign/00-02-mcpwm-mac,mcpwm:mac,1,46.676649125,-185155.249999994
new-acquisition/20260909-065110-campaign/00-02-mcpwm-mac,mcpwm:mac,1,47.676617687,-185160.3119999936
new-acquisition/20260909-065110-campaign/00-02-mcpwm-mac,mcpwm:mac,1,48.676587187,-185168.31200000184
new-acquisition/20260909-065110-campaign/00-02-mcpwm-mac,mcpwm:mac,1,49.67655575,-185174.37499999546
new-acquisition/20260909-065110-campaign/00-02-mcpwm-mac,mcpwm:mac,1,50.676523313,-185178.43799999412
new-acquisition/20260909-065110-campaign/00-02-mcpwm-mac,mcpwm:mac,1,51.676492813,-185185.43800000485
new-acquisition/20260909-065110-campaign/00-02-mcpwm-mac,mcpwm:mac,1,52.676460375,-185190.49999999738
new-acquisition/20260909-065110-campaign/00-02-mcpwm-mac,mcpwm:mac,1,53.676429875,-185198.4999999985
new-acquisition/20260909-065110-campaign/00-02-mcpwm-mac,mcpwm:mac,1,54.676398437,-185203.56200000521
new-acquisition/20260909-065110-campaign/00-02-mcpwm-mac,mcpwm:mac,1,55.676365938,-185209.62500000594
new-acquisition/20260909-065110-campaign/00-02-mcpwm-mac,mcpwm:mac,1,56.6763355,-185215.687000003
new-acquisition/20260909-065110-campaign/00-02-mcpwm-mac,mcpwm:mac,1,57.676304,-185222.68699999954
new-acquisition/20260909-065110-campaign/00-02-mcpwm-mac,mcpwm:mac,1,58.6762715,-185226.6880000002
new-acquisition/20260909-065110-campaign/00-02-mcpwm-mac,mcpwm:mac,1,59.676240062,-185233.8119999999
new-acquisition/20260909-065110-campaign/00-02-mcpwm-mac,mcpwm:mac,3,0.678095875,-32819.374999999985
new-acquisition/20260909-065110-campaign/00-02-mcpwm-mac,mcpwm:mac,3,1.678063438,-32824.312999999886
new-acquisition/20260909-065110-campaign/00-02-mcpwm-mac,mcpwm:mac,3,2.678033,-32831.188000000286
new-acquisition/20260909-065110-campaign/00-02-mcpwm-mac,mcpwm:mac,3,3.678000625,-32835.68699999995
new-acquisition/20260909-065110-campaign/00-02-mcpwm-mac,mcpwm:mac,3,4.677969187,-32842.68700000048
new-acquisition/20260909-065110-campaign/00-02-mcpwm-mac,mcpwm:mac,3,5.67793875,-32848.2499999998
new-acquisition/20260909-065110-campaign/00-02-mcpwm-mac,mcpwm:mac,3,6.677907375,-32855.187000000005
new-acquisition/20260909-065110-campaign/00-02-mcpwm-mac,mcpwm:mac,3,7.677875937,-32859.62399999942
new-acquisition/20260909-065110-campaign/00-02-mcpwm-mac,mcpwm:mac,3,8.677843562,-32865.49999999977
new-acquisition/20260909-065110-campaign/00-02-mcpwm-mac,mcpwm:mac,3,9.677812125,-32870.31200000001
new-acquisition/20260909-065110-campaign/00-02-mcpwm-mac,mcpwm:mac,3,10.67778175,-32877.81199999884
new-acquisition/20260909-065110-campaign/00-02-mcpwm-mac,mcpwm:mac,3,11.677750313,-32882.62600000102
new-acquisition/20260909-065110-campaign/00-02-mcpwm-mac,mcpwm:mac,3,12.677718875,-32888.37500000063
new-acquisition/20260909-065110-campaign/00-02-mcpwm-mac,mcpwm:mac,3,13.6776875,-32893.687999999696
new-acquisition/20260909-065110-campaign/00-02-mcpwm-mac,mcpwm:mac,3,14.677656063,-32899.56300000085
new-acquisition/20260909-065110-campaign/00-02-mcpwm-mac,mcpwm:mac,3,15.677624625,-32905.1249999992
new-acquisition/20260909-065110-campaign/00-02-mcpwm-mac,mcpwm:mac,3,16.67759325,-32910.938000000555
new-acquisition/20260909-065110-campaign/00-02-mcpwm-mac,mcpwm:mac,3,17.677560813,-32915.68799999922
new-acquisition/20260909-065110-campaign/00-02-mcpwm-mac,mcpwm:mac,3,18.677530375,-32923.12499999994
new-acquisition/20260909-065110-campaign/00-02-mcpwm-mac,mcpwm:mac,3,19.677499,-32929.93700000224
new-acquisition/20260909-065110-campaign/00-02-mcpwm-mac,mcpwm:mac,3,20.677467562,-32934.68700000091
new-acquisition/20260909-065110-campaign/00-02-mcpwm-mac,mcpwm:mac,3,21.677436125,-32940.24999999934
new-acquisition/20260909-065110-campaign/00-02-mcpwm-mac,mcpwm:mac,3,22.677403688,-32946.18799999682
new-acquisition/20260909-065110-campaign/00-02-mcpwm-mac,mcpwm:mac,3,23.677372313,-32951.249999999985
new-acquisition/20260909-065110-campaign/00-02-mcpwm-mac,mcpwm:mac,3,24.677340875,-32956.624999997075
new-acquisition/20260909-065110-campaign/00-02-mcpwm-mac,mcpwm:mac,3,25.677310438,-32963.50099999757
new-acquisition/20260909-065110-campaign/00-02-mcpwm-mac,mcpwm:mac,3,26.677278,-32968.62500000231
new-acquisition/20260909-065110-campaign/00-02-mcpwm-mac,mcpwm:mac,3,27.677247562,-32975.18700000168
new-acquisition/20260909-065110-campaign/00-02-mcpwm-mac,mcpwm:mac,3,28.677216125,-32980.37500000106
new-acquisition/20260909-065110-campaign/00-02-mcpwm-mac,mcpwm:mac,3,29.677184687,-32986.56200000139
new-acquisition/20260909-065110-campaign/00-02-mcpwm-mac,mcpwm:mac,3,30.67715225,-32990.93799999753
new-acquisition/20260909-065110-campaign/00-02-mcpwm-mac,mcpwm:mac,3,31.677121813,-32998.18800000054
new-acquisition/20260909-065110-campaign/00-02-mcpwm-mac,mcpwm:mac,3,32.677090375,-33003.43800000149
new-acquisition/20260909-065110-campaign/00-02-mcpwm-mac,mcpwm:mac,3,33.677057938,-33008.687999995345
new-acquisition/20260909-065110-campaign/00-02-mcpwm-mac,mcpwm:mac,3,34.6770265,-33014.99999999891
new-acquisition/20260909-065110-campaign/00-02-mcpwm-mac,mcpwm:mac,3,35.676996063,-33021.25099999387
new-acquisition/20260909-065110-campaign/00-02-mcpwm-mac,mcpwm:mac,3,36.676965313,-33027.562999997426
new-acquisition/20260909-065110-campaign/00-02-mcpwm-mac,mcpwm:mac,3,37.676933187,-33032.62400000051
new-acquisition/20260909-065110-campaign/00-02-mcpwm-mac,mcpwm:mac,3,38.67690075,-33037.437000004385
new-acquisition/20260909-065110-campaign/00-02-mcpwm-mac,mcpwm:mac,3,39.676870313,-33045.50000000006
new-acquisition/20260909-065110-campaign/00-02-mcpwm-mac,mcpwm:mac,3,40.676838875,-33050.18800000426
new-acquisition/20260909-065110-campaign/00-02-mcpwm-mac,mcpwm:mac,3,41.676807375,-33056.062
new-acquisition/20260909-065110-campaign/00-02-mcpwm-mac,mcpwm:mac,3,42.676775937,-33061.74900000513
new-acquisition/20260909-065110-campaign/00-02-mcpwm-mac,mcpwm:mac,3,43.6767445,-33067.18700000033
new-acquisition/20260909-065110-campaign/00-02-mcpwm-mac,mcpwm:mac,3,44.676712063,-33072.31299999813
new-acquisition/20260909-065110-campaign/00-02-mcpwm-mac,mcpwm:mac,3,45.676681563,-33079.18800000209
new-acquisition/20260909-065110-campaign/00-02-mcpwm-mac,mcpwm:mac,3,46.676649125,-33083.62499999617
new-acquisition/20260909-065110-campaign/00-02-mcpwm-mac,mcpwm:mac,3,47.676617687,-33089.43699999389
new-acquisition/20260909-065110-campaign/00-02-mcpwm-mac,mcpwm:mac,3,48.676587187,-33097.18700000275
new-acquisition/20260909-065110-campaign/00-02-mcpwm-mac,mcpwm:mac,3,49.67655575,-33102.936999995334
new-acquisition/20260909-065110-campaign/00-02-mcpwm-mac,mcpwm:mac,3,50.676523313,-33106.87499999432
new-acquisition/20260909-065110-campaign/00-02-mcpwm-mac,mcpwm:mac,3,51.676492813,-33113.50000000601
new-acquisition/20260909-065110-campaign/00-02-mcpwm-mac,mcpwm:mac,3,52.676460375,-33118.500000000495
new-acquisition/20260909-065110-campaign/00-02-mcpwm-mac,mcpwm:mac,3,53.676429875,-33125.12499999798
new-acquisition/20260909-065110-campaign/00-02-mcpwm-mac,mcpwm:mac,3,54.676398437,-33131.812000000595
new-acquisition/20260909-065110-campaign/00-02-mcpwm-mac,mcpwm:mac,3,55.676365938,-33135.87600000289
new-acquisition/20260909-065110-campaign/00-02-mcpwm-mac,mcpwm:mac,3,56.6763355,-33142.937999997455
new-acquisition/20260909-065110-campaign/00-02-mcpwm-mac,mcpwm:mac,3,58.6762715,-33153.31199999605
new-acquisition/20260909-065110-campaign/00-02-mcpwm-mac,mcpwm:mac,3,59.676240062,-33158.24899999598
new-acquisition/20260909-065110-campaign/00-03-mcpwm-tsf,mcpwm:tsf,0,0.851073125,-7.2500000000141895
new-acquisition/20260909-065110-campaign/00-03-mcpwm-tsf,mcpwm:tsf,0,1.851080625,-8.62499999998434
new-acquisition/20260909-065110-campaign/00-03-mcpwm-tsf,mcpwm:tsf,0,2.851096125,-12.000000000345068
new-acquisition/20260909-065110-campaign/00-03-mcpwm-tsf,mcpwm:tsf,0,3.8511085,-12.250000000157968
new-acquisition/20260909-065110-campaign/00-03-mcpwm-tsf,mcpwm:tsf,0,4.851110187,-2.750000000162345
new-acquisition/20260909-065110-campaign/00-03-mcpwm-tsf,mcpwm:tsf,0,5.851128688,-8.12499999991445
new-acquisition/20260909-065110-campaign/00-03-mcpwm-tsf,mcpwm:tsf,0,6.851148187,-17.499000000142928
new-acquisition/20260909-065110-campaign/00-03-mcpwm-tsf,mcpwm:tsf,0,7.85114975,-4.875000000126306
new-acquisition/20260909-065110-campaign/00-03-mcpwm-tsf,mcpwm:tsf,0,8.85116325,-8.250000000487034
new-acquisition/20260909-065110-campaign/00-03-mcpwm-tsf,mcpwm:tsf,0,9.85117775,-4.624999998981139
new-acquisition/20260909-065110-campaign/00-03-mcpwm-tsf,mcpwm:tsf,0,10.85119325,-12.999999999152578
new-acquisition/20260909-065110-campaign/00-03-mcpwm-tsf,mcpwm:tsf,0,11.851203812,-11.374999999702595
new-acquisition/20260909-065110-campaign/00-03-mcpwm-tsf,mcpwm:tsf,0,12.851215313,-16.063000000343663
new-acquisition/20260909-065110-campaign/00-03-mcpwm-tsf,mcpwm:tsf,0,13.851222812,-12.123999999502644
new-acquisition/20260909-065110-campaign/00-03-mcpwm-tsf,mcpwm:tsf,0,14.851243312,-22.437000000152807
new-acquisition/20260909-065110-campaign/00-03-mcpwm-tsf,mcpwm:tsf,0,15.851242875,-2.87499999984675
new-acquisition/20260909-065110-campaign/00-03-mcpwm-tsf,mcpwm:tsf,0,16.851261375,-2.2500000014247235
new-acquisition/20260909-065110-campaign/00-03-mcpwm-tsf,mcpwm:tsf,0,17.851263875,-9.56200000246099
new-acquisition/20260909-065110-campaign/00-03-mcpwm-tsf,mcpwm:tsf,0,18.851285375,-11.937000000017406
new-acquisition/20260909-065110-campaign/00-03-mcpwm-tsf,mcpwm:tsf,0,19.851301875,-14.312000001126535
new-acquisition/20260909-065110-campaign/00-03-mcpwm-tsf,mcpwm:tsf,0,20.851302375,-0.686999999999216
new-acquisition/20260909-065110-campaign/00-03-mcpwm-tsf,mcpwm:tsf,0,21.851315875,-8.000000001118224
new-acquisition/20260909-065110-campaign/00-03-mcpwm-tsf,mcpwm:tsf,0,22.851326437,7.563000000487818
new-acquisition/20260909-065110-campaign/00-03-mcpwm-tsf,mcpwm:tsf,0,23.851344937,-9.812000001829801
new-acquisition/20260909-065110-campaign/00-03-mcpwm-tsf,mcpwm:tsf,0,24.851362313,-12.687999998206578
new-acquisition/20260909-065110-campaign/00-03-mcpwm-tsf,mcpwm:tsf,0,25.851365937,3.438000000244301
new-acquisition/20260909-065110-campaign/00-03-mcpwm-tsf,mcpwm:tsf,0,26.851378437,-8.93700000048625
new-acquisition/20260909-065110-campaign/00-03-mcpwm-tsf,mcpwm:tsf,0,27.851303937,84.68799999761245
new-acquisition/20260909-065110-campaign/00-03-mcpwm-tsf,mcpwm:tsf,0,28.851407625,-10.187000000883017
new-acquisition/20260909-065110-campaign/00-03-mcpwm-tsf,mcpwm:tsf,0,29.851416875,-3.000000003083869
new-acquisition/20260909-065110-campaign/00-03-mcpwm-tsf,mcpwm:tsf,0,30.851429375,-11.374999999702595
new-acquisition/20260909-065110-campaign/00-03-mcpwm-tsf,mcpwm:tsf,0,31.851439875,-9.750000000252612
new-acquisition/20260909-065110-campaign/00-03-mcpwm-tsf,mcpwm:tsf,0,32.851451375,-7.125000003327386
new-acquisition/20260909-065110-campaign/00-03-mcpwm-tsf,mcpwm:tsf,0,33.851468875,-5.50000000032469
new-acquisition/20260909-065110-campaign/00-03-mcpwm-tsf,mcpwm:tsf,0,34.851476312,-11.812000003885714
new-acquisition/20260909-065110-campaign/00-03-mcpwm-tsf,mcpwm:tsf,0,35.851486812,-9.248999994326823
new-acquisition/20260909-065110-campaign/00-03-mcpwm-tsf,mcpwm:tsf,0,36.851500313,-9.626000000650947
new-acquisition/20260909-065110-campaign/00-03-mcpwm-tsf,mcpwm:tsf,0,37.851506812,-7.999999994012796
new-acquisition/20260909-065110-campaign/00-03-mcpwm-tsf,mcpwm:tsf,0,38.85152625,-0.374999999053216
new-acquisition/20260909-065110-campaign/00-03-mcpwm-tsf,mcpwm:tsf,0,39.85153275,-7.749999994643986
new-acquisition/20260909-065110-campaign/00-03-mcpwm-tsf,mcpwm:tsf,0,40.85145925,82.87500000392356
new-acquisition/20260909-065110-campaign/00-03-mcpwm-tsf,mcpwm:tsf,0,41.851560687,-7.499000005850576
new-acquisition/20260909-065110-campaign/00-03-mcpwm-tsf,mcpwm:tsf,0,42.851573188,-9.876000000019758
new-acquisition/20260909-065110-campaign/00-03-mcpwm-tsf,mcpwm:tsf,0,43.851580875,-8.437000005301343
new-acquisition/20260909-065110-campaign/00-03-mcpwm-tsf,mcpwm:tsf,0,44.851602125,-8.62499999954025
new-acquisition/20260909-065110-campaign/00-03-mcpwm-tsf,mcpwm:tsf,0,45.851610562,-7.936999999458294
new-acquisition/20260909-065110-campaign/00-03-mcpwm-tsf,mcpwm:tsf,0,46.851619062,1.6259999995327235
new-acquisition/20260909-065110-campaign/00-03-mcpwm-tsf,mcpwm:tsf,0,47.8516335,-9.686999995039969
new-acquisition/20260909-065110-campaign/00-03-mcpwm-tsf,mcpwm:tsf,0,48.851645938,-14.062999994735037
new-acquisition/20260909-065110-campaign/00-03-mcpwm-tsf,mcpwm:tsf,0,49.851664437,-20.436999996320537
new-acquisition/20260909-065110-campaign/00-03-mcpwm-tsf,mcpwm:tsf,0,50.851671875,-11.812000003885714
new-acquisition/20260909-065110-campaign/00-03-mcpwm-tsf,mcpwm:tsf,0,51.851681312,-60.18699999543742
new-acquisition/20260909-065110-campaign/00-03-mcpwm-tsf,mcpwm:tsf,0,52.851690813,-6.562999999459862
new-acquisition/20260909-065110-campaign/00-03-mcpwm-tsf,mcpwm:tsf,0,53.85170225,0.06299999455450234
new-acquisition/20260909-065110-campaign/00-03-mcpwm-tsf,mcpwm:tsf,0,54.851707688,-0.31300000102874037
new-acquisition/20260909-065110-campaign/00-03-mcpwm-tsf,mcpwm:tsf,0,55.851732187,-6.687000002614241
new-acquisition/20260909-065110-campaign/00-03-mcpwm-tsf,mcpwm:tsf,0,56.851741625,-8.0619999991427
new-acquisition/20260909-065110-campaign/00-03-mcpwm-tsf,mcpwm:tsf,0,57.851752062,-3.4370000037142745
new-acquisition/20260909-065110-campaign/00-03-mcpwm-tsf,mcpwm:tsf,0,58.8517595,0.24999999936881068
new-acquisition/20260909-065110-campaign/00-03-mcpwm-tsf,mcpwm:tsf,0,59.851776,-176.18799999752355
new-acquisition/20260909-065110-campaign/00-03-mcpwm-tsf,mcpwm:tsf,1,0.851073125,-14.999999999987246
new-acquisition/20260909-065110-campaign/00-03-mcpwm-tsf,mcpwm:tsf,1,1.851080625,-2.9999999999752447
new-acquisition/20260909-065110-campaign/00-03-mcpwm-tsf,mcpwm:tsf,1,2.851096125,-14.061999999981367
new-acquisition/20260909-065110-campaign/00-03-mcpwm-tsf,mcpwm:tsf,1,3.8511085,-8.938000000124902
new-acquisition/20260909-065110-campaign/00-03-mcpwm-tsf,mcpwm:tsf,1,4.851110187,-2.1249999999639613
new-acquisition/20260909-065110-campaign/00-03-mcpwm-tsf,mcpwm:tsf,1,5.851128688,-5.1260000004660355
new-acquisition/20260909-065110-campaign/00-03-mcpwm-tsf,mcpwm:tsf,1,6.851148187,-18.186999999336706
new-acquisition/20260909-065110-campaign/00-03-mcpwm-tsf,mcpwm:tsf,1,7.85114975,-10.249999999878412
new-acquisition/20260909-065110-campaign/00-03-mcpwm-tsf,mcpwm:tsf,1,8.85116325,-13.250000000297746
new-acquisition/20260909-065110-campaign/00-03-mcpwm-tsf,mcpwm:tsf,1,9.85117775,-52.24999999953184
new-acquisition/20260909-065110-campaign/00-03-mcpwm-tsf,mcpwm:tsf,1,10.85119325,7.687000000089483
new-acquisition/20260909-065110-campaign/00-03-mcpwm-tsf,mcpwm:tsf,1,11.851203812,-9.373999999340299
new-acquisition/20260909-065110-campaign/00-03-mcpwm-tsf,mcpwm:tsf,1,12.851215313,-8.37500000017144
new-acquisition/20260909-065110-campaign/00-03-mcpwm-tsf,mcpwm:tsf,1,13.851222812,-9.436999999223872
new-acquisition/20260909-065110-campaign/00-03-mcpwm-tsf,mcpwm:tsf,1,14.851243312,-8.248999998627937
new-acquisition/20260909-065110-campaign/00-03-mcpwm-tsf,mcpwm:tsf,1,15.851242875,-2.500000000793534
new-acquisition/20260909-065110-campaign/00-03-mcpwm-tsf,mcpwm:tsf,1,16.851261375,-16.50000000097407
new-acquisition/20260909-065110-campaign/00-03-mcpwm-tsf,mcpwm:tsf,1,17.851263875,-9.56200000246099
new-acquisition/20260909-065110-campaign/00-03-mcpwm-tsf,mcpwm:tsf,1,18.851285375,-4.5620000008739225
new-acquisition/20260909-065110-campaign/00-03-mcpwm-tsf,mcpwm:tsf,1,19.851301875,-12.625000000099362
new-acquisition/20260909-065110-campaign/00-03-mcpwm-tsf,mcpwm:tsf,1,20.851302375,-5.625000000009095
new-acquisition/20260909-065110-campaign/00-03-mcpwm-tsf,mcpwm:tsf,1,21.851315875,-8.62499999954025
new-acquisition/20260909-065110-campaign/00-03-mcpwm-tsf,mcpwm:tsf,1,22.851326437,-1.7490000026043617
new-acquisition/20260909-065110-campaign/00-03-mcpwm-tsf,mcpwm:tsf,1,23.851344937,-4.749999998665544
new-acquisition/20260909-065110-campaign/00-03-mcpwm-tsf,mcpwm:tsf,1,24.851362313,-15.687999997737734
new-acquisition/20260909-065110-campaign/00-03-mcpwm-tsf,mcpwm:tsf,1,25.851365937,-2.812000001739534
new-acquisition/20260909-065110-campaign/00-03-mcpwm-tsf,mcpwm:tsf,1,26.851378437,-14.874000001441345
new-acquisition/20260909-065110-campaign/00-03-mcpwm-tsf,mcpwm:tsf,1,27.851303937,80.1250000002085
new-acquisition/20260909-065110-campaign/00-03-mcpwm-tsf,mcpwm:tsf,1,28.851407625,-17.124999999396096
new-acquisition/20260909-065110-campaign/00-03-mcpwm-tsf,mcpwm:tsf,1,29.851416875,-5.875000002930619
new-acquisition/20260909-065110-campaign/00-03-mcpwm-tsf,mcpwm:tsf,1,30.851429375,-16.9379999981345
new-acquisition/20260909-065110-campaign/00-03-mcpwm-tsf,mcpwm:tsf,1,31.851439875,-2.0000000020559128
new-acquisition/20260909-065110-campaign/00-03-mcpwm-tsf,mcpwm:tsf,1,32.851451375,-13.000000002705292
new-acquisition/20260909-065110-campaign/00-03-mcpwm-tsf,mcpwm:tsf,1,33.851468875,-20.06200000437275
new-acquisition/20260909-065110-campaign/00-03-mcpwm-tsf,mcpwm:tsf,1,34.851476312,-1.0620000026051457
new-acquisition/20260909-065110-campaign/00-03-mcpwm-tsf,mcpwm:tsf,1,35.851486812,-12.061999996149098
new-acquisition/20260909-065110-campaign/00-03-mcpwm-tsf,mcpwm:tsf,1,36.851500313,-16.126000005556307
new-acquisition/20260909-065110-campaign/00-03-mcpwm-tsf,mcpwm:tsf,1,37.851506812,-11.18699999835826
new-acquisition/20260909-065110-campaign/00-03-mcpwm-tsf,mcpwm:tsf,1,38.85152625,-9.186999996302347
new-acquisition/20260909-065110-campaign/00-03-mcpwm-tsf,mcpwm:tsf,1,39.85153275,-11.25000000001819
new-acquisition/20260909-065110-campaign/00-03-mcpwm-tsf,mcpwm:tsf,1,40.85145925,85.75000000377031
new-acquisition/20260909-065110-campaign/00-03-mcpwm-tsf,mcpwm:tsf,1,41.851560687,-11.25000000001819
new-acquisition/20260909-065110-campaign/00-03-mcpwm-tsf,mcpwm:tsf,1,42.851573188,-10.313000004202877
new-acquisition/20260909-065110-campaign/00-03-mcpwm-tsf,mcpwm:tsf,1,43.851580875,-11.56300000104693
new-acquisition/20260909-065110-campaign/00-03-mcpwm-tsf,mcpwm:tsf,1,44.851602125,-15.374999996708993
new-acquisition/20260909-065110-campaign/00-03-mcpwm-tsf,mcpwm:tsf,1,45.851610562,-11.374999999702595
new-acquisition/20260909-065110-campaign/00-03-mcpwm-tsf,mcpwm:tsf,1,46.851619062,-15.436999994733469
new-acquisition/20260909-065110-campaign/00-03-mcpwm-tsf,mcpwm:tsf,1,47.8516335,-6.436999996140003
new-acquisition/20260909-065110-campaign/00-03-mcpwm-tsf,mcpwm:tsf,1,48.851645938,-17.438000000424836
new-acquisition/20260909-065110-campaign/00-03-mcpwm-tsf,mcpwm:tsf,1,49.851664437,-16.49999999386864
new-acquisition/20260909-065110-campaign/00-03-mcpwm-tsf,mcpwm:tsf,1,50.851671875,-19.500000000505224
new-acquisition/20260909-065110-campaign/00-03-mcpwm-tsf,mcpwm:tsf,1,51.851681312,-3.498999994633323
new-acquisition/20260909-065110-campaign/00-03-mcpwm-tsf,mcpwm:tsf,1,52.851690813,-12.562999998522173
new-acquisition/20260909-065110-campaign/00-03-mcpwm-tsf,mcpwm:tsf,1,53.85170225,-0.563000000397551
new-acquisition/20260909-065110-campaign/00-03-mcpwm-tsf,mcpwm:tsf,1,54.851707688,-8.562999994410347
new-acquisition/20260909-065110-campaign/00-03-mcpwm-tsf,mcpwm:tsf,1,55.851732187,-9.624000000485466
new-acquisition/20260909-065110-campaign/00-03-mcpwm-tsf,mcpwm:tsf,1,57.851752062,-12.624000000016622
new-acquisition/20260909-065110-campaign/00-03-mcpwm-tsf,mcpwm:tsf,1,58.8517595,-6.624999997484338
new-acquisition/20260909-065110-campaign/00-03-mcpwm-tsf,mcpwm:tsf,1,59.851776,-6.687999999144267
new-acquisition/20260909-065110-campaign/00-03-mcpwm-tsf,mcpwm:tsf,3,0.851073125,-19.187000000031595
new-acquisition/20260909-065110-campaign/00-03-mcpwm-tsf,mcpwm:tsf,3,1.851080625,-17.936999999967895
new-acquisition/20260909-065110-campaign/00-03-mcpwm-tsf,mcpwm:tsf,3,2.851096125,-13.687000000039973
new-acquisition/20260909-065110-campaign/00-03-mcpwm-tsf,mcpwm:tsf,3,3.8511085,-22.374999999907885
new-acquisition/20260909-065110-campaign/00-03-mcpwm-tsf,mcpwm:tsf,3,4.851110187,-12.3119999999588
new-acquisition/20260909-065110-campaign/00-03-mcpwm-tsf,mcpwm:tsf,3,5.851128688,-16.063000000343663
new-acquisition/20260909-065110-campaign/00-03-mcpwm-tsf,mcpwm:tsf,3,6.851148187,-22.874999999977774
new-acquisition/20260909-065110-campaign/00-03-mcpwm-tsf,mcpwm:tsf,3,7.85114975,-9.68800000045178
new-acquisition/20260909-065110-campaign/00-03-mcpwm-tsf,mcpwm:tsf,3,8.85116325,-16.438000001173236
new-acquisition/20260909-065110-campaign/00-03-mcpwm-tsf,mcpwm:tsf,3,9.85117775,-17.2499999990805
new-acquisition/20260909-065110-campaign/00-03-mcpwm-tsf,mcpwm:tsf,3,10.85119325,-21.000000000270802
new-acquisition/20260909-065110-campaign/00-03-mcpwm-tsf,mcpwm:tsf,3,11.851203812,-13.87500000049613
new-acquisition/20260909-065110-campaign/00-03-mcpwm-tsf,mcpwm:tsf,3,12.851215313,-15.626000001489615
new-acquisition/20260909-065110-campaign/00-03-mcpwm-tsf,mcpwm:tsf,3,13.851222812,-13.374999999982151
new-acquisition/20260909-065110-campaign/00-03-mcpwm-tsf,mcpwm:tsf,3,14.851243312,-18.187000000224884
new-acquisition/20260909-065110-campaign/00-03-mcpwm-tsf,mcpwm:tsf,3,15.851242875,-8.000000001118224
new-acquisition/20260909-065110-campaign/00-03-mcpwm-tsf,mcpwm:tsf,3,16.851261375,-15.812000000892112
new-acquisition/20260909-065110-campaign/00-03-mcpwm-tsf,mcpwm:tsf,3,17.851263875,-12.562000001992146
new-acquisition/20260909-065110-campaign/00-03-mcpwm-tsf,mcpwm:tsf,3,18.851285375,-16.312999999712474
new-acquisition/20260909-065110-campaign/00-03-mcpwm-tsf,mcpwm:tsf,3,19.851301875,-17.124999999396096
new-acquisition/20260909-065110-campaign/00-03-mcpwm-tsf,mcpwm:tsf,3,20.851302375,-6.875000000405862
new-acquisition/20260909-065110-campaign/00-03-mcpwm-tsf,mcpwm:tsf,3,21.851315875,-7.688000000172224
new-acquisition/20260909-065110-campaign/00-03-mcpwm-tsf,mcpwm:tsf,3,22.851326437,-9.56200000246099
new-acquisition/20260909-065110-campaign/00-03-mcpwm-tsf,mcpwm:tsf,3,23.851344937,-15.311999998601777
new-acquisition/20260909-065110-campaign/00-03-mcpwm-tsf,mcpwm:tsf,3,24.851362313,-11.00000000064938
new-acquisition/20260909-065110-campaign/00-03-mcpwm-tsf,mcpwm:tsf,3,25.851365937,-16.875000000027285
new-acquisition/20260909-065110-campaign/00-03-mcpwm-tsf,mcpwm:tsf,3,26.851378437,-10.686999999620639
new-acquisition/20260909-065110-campaign/00-03-mcpwm-tsf,mcpwm:tsf,3,27.851303937,74.5000000001994
new-acquisition/20260909-065110-campaign/00-03-mcpwm-tsf,mcpwm:tsf,3,28.851407625,-13.437999999865724
new-acquisition/20260909-065110-campaign/00-03-mcpwm-tsf,mcpwm:tsf,3,29.851416875,-14.937000003101275
new-acquisition/20260909-065110-campaign/00-03-mcpwm-tsf,mcpwm:tsf,3,30.851429375,-13.8119999988362
new-acquisition/20260909-065110-campaign/00-03-mcpwm-tsf,mcpwm:tsf,3,31.851439875,-10.625000001596163
new-acquisition/20260909-065110-campaign/00-03-mcpwm-tsf,mcpwm:tsf,3,32.851451375,-10.375000002227353
new-acquisition/20260909-065110-campaign/00-03-mcpwm-tsf,mcpwm:tsf,3,33.851468875,-13.188000004049627
new-acquisition/20260909-065110-campaign/00-03-mcpwm-tsf,mcpwm:tsf,3,34.851476312,-15.937000000576518
new-acquisition/20260909-065110-campaign/00-03-mcpwm-tsf,mcpwm:tsf,3,35.851486812,-14.748999994651513
new-acquisition/20260909-065110-campaign/00-03-mcpwm-tsf,mcpwm:tsf,3,36.851500313,-14.563000000578086
new-acquisition/20260909-065110-campaign/00-03-mcpwm-tsf,mcpwm:tsf,3,37.851506812,-8.37500000017144
new-acquisition/20260909-065110-campaign/00-03-mcpwm-tsf,mcpwm:tsf,3,38.85152625,-18.12499999687134
new-acquisition/20260909-065110-campaign/00-03-mcpwm-tsf,mcpwm:tsf,3,39.85153275,-5.937999993932408
new-acquisition/20260909-065110-campaign/00-03-mcpwm-tsf,mcpwm:tsf,3,40.85145925,74.25000000438331
new-acquisition/20260909-065110-campaign/00-03-mcpwm-tsf,mcpwm:tsf,3,41.851560687,69.49999999505962
new-acquisition/20260909-065110-campaign/00-03-mcpwm-tsf,mcpwm:tsf,3,42.851573188,-7.313000004671721
new-acquisition/20260909-065110-campaign/00-03-mcpwm-tsf,mcpwm:tsf,3,43.851580875,-2.3120000065546265
new-acquisition/20260909-065110-campaign/00-03-mcpwm-tsf,mcpwm:tsf,3,44.851602125,-18.875000002083198
new-acquisition/20260909-065110-campaign/00-03-mcpwm-tsf,mcpwm:tsf,3,45.851610562,-14.623999994967107
new-acquisition/20260909-065110-campaign/00-03-mcpwm-tsf,mcpwm:tsf,3,46.851619062,-4.43699999408409
new-acquisition/20260909-065110-campaign/00-03-mcpwm-tsf,mcpwm:tsf,3,47.8516335,-17.188000001056025
new-acquisition/20260909-065110-campaign/00-03-mcpwm-tsf,mcpwm:tsf,3,48.851645938,-10.687999996150666
new-acquisition/20260909-065110-campaign/00-03-mcpwm-tsf,mcpwm:tsf,3,49.851664437,-14.748999994651513
new-acquisition/20260909-065110-campaign/00-03-mcpwm-tsf,mcpwm:tsf,3,50.851671875,-10.500000001911758
new-acquisition/20260909-065110-campaign/00-03-mcpwm-tsf,mcpwm:tsf,3,51.851681312,-16.311999999629734
new-acquisition/20260909-065110-campaign/00-03-mcpwm-tsf,mcpwm:tsf,3,52.851690813,-12.125999994339054
new-acquisition/20260909-065110-campaign/00-03-mcpwm-tsf,mcpwm:tsf,3,53.85170225,-10.875000000964974
new-acquisition/20260909-065110-campaign/00-03-mcpwm-tsf,mcpwm:tsf,3,54.851707688,-8.62499999954025
new-acquisition/20260909-065110-campaign/00-03-mcpwm-tsf,mcpwm:tsf,3,55.851732187,-23.499000000981596
new-acquisition/20260909-065110-campaign/00-03-mcpwm-tsf,mcpwm:tsf,3,56.851741625,-15.250000004130015
new-acquisition/20260909-065110-campaign/00-03-mcpwm-tsf,mcpwm:tsf,3,57.851752062,-9.998999999538682
new-acquisition/20260909-065110-campaign/00-03-mcpwm-tsf,mcpwm:tsf,3,58.8517595,-2.8130000018222745
new-acquisition/20260909-065110-campaign/00-03-mcpwm-tsf,mcpwm:tsf,3,59.851776,-6.624999997484338
new-acquisition/20260909-065110-campaign/00-04-mcpwm-frozen,mcpwm:frozen,0,0.485463125,-0.9380000000058786
new-acquisition/20260909-065110-campaign/00-04-mcpwm-frozen,mcpwm:frozen,0,1.485431563,-0.2499999998128999
new-acquisition/20260909-065110-campaign/00-04-mcpwm-frozen,mcpwm:frozen,0,2.4854,-0.6249999997542943
new-acquisition/20260909-065110-campaign/00-04-mcpwm-frozen,mcpwm:frozen,0,3.4853675,0.9379999998948563
new-acquisition/20260909-065110-campaign/00-04-mcpwm-frozen,mcpwm:frozen,0,4.485335938,0.5619999994266323
new-acquisition/20260909-065110-campaign/00-04-mcpwm-frozen,mcpwm:frozen,0,5.485304375,0.2500000002569891
new-acquisition/20260909-065110-campaign/00-04-mcpwm-frozen,mcpwm:frozen,0,6.485273875,-0.18699999948523782
new-acquisition/20260909-065110-campaign/00-04-mcpwm-frozen,mcpwm:frozen,0,7.485242312,-0.4999999996257998
new-acquisition/20260909-065110-campaign/00-04-mcpwm-frozen,mcpwm:frozen,0,8.48521075,-0.8749999995671942
new-acquisition/20260909-065110-campaign/00-04-mcpwm-frozen,mcpwm:frozen,0,9.48517925,-0.24999999936881068
new-acquisition/20260909-065110-campaign/00-04-mcpwm-frozen,mcpwm:frozen,0,10.485146688,0.37399999897047564
new-acquisition/20260909-065110-campaign/00-04-mcpwm-frozen,mcpwm:frozen,0,11.485116125,0.061999999800832484
new-acquisition/20260909-065110-campaign/00-04-mcpwm-frozen,mcpwm:frozen,0,13.485053063,-0.7499999998827889
new-acquisition/20260909-065110-campaign/00-04-mcpwm-frozen,mcpwm:frozen,0,14.4850205,0.9380000012271239
new-acquisition/20260909-065110-campaign/00-04-mcpwm-frozen,mcpwm:frozen,0,15.48499,-0.5000000005139782
new-acquisition/20260909-065110-campaign/00-04-mcpwm-frozen,mcpwm:frozen,0,16.484958438,-0.8129999997663617
new-acquisition/20260909-065110-campaign/00-04-mcpwm-frozen,mcpwm:frozen,0,17.484926875,-0.18799999779162135
new-acquisition/20260909-065110-campaign/00-04-mcpwm-frozen,mcpwm:frozen,0,18.484895313,-0.5009999988203617
new-acquisition/20260909-065110-campaign/00-04-mcpwm-frozen,mcpwm:frozen,0,19.484863812,0.06299999810721602
new-acquisition/20260909-065110-campaign/00-04-mcpwm-frozen,mcpwm:frozen,0,20.48483225,-0.31300000102874037
new-acquisition/20260909-065110-campaign/00-04-mcpwm-frozen,mcpwm:frozen,0,21.484800688,-0.6259999985047671
new-acquisition/20260909-065110-campaign/00-04-mcpwm-frozen,mcpwm:frozen,0,22.484769125,0.0
new-acquisition/20260909-065110-campaign/00-04-mcpwm-frozen,mcpwm:frozen,0,23.484737563,-0.3759999991359564
new-acquisition/20260909-065110-campaign/00-04-mcpwm-frozen,mcpwm:frozen,0,24.484706,-0.749999998106432
new-acquisition/20260909-065110-campaign/00-04-mcpwm-frozen,mcpwm:frozen,0,25.4846745,-0.12499999968440534
new-acquisition/20260909-065110-campaign/00-04-mcpwm-frozen,mcpwm:frozen,0,26.484641938,0.49900000220759466
new-acquisition/20260909-065110-campaign/00-04-mcpwm-frozen,mcpwm:frozen,0,27.484610375,1.1250000007123617
new-acquisition/20260909-065110-campaign/00-04-mcpwm-frozen,mcpwm:frozen,0,28.484579813,-1.250000000396767
new-acquisition/20260909-065110-campaign/00-04-mcpwm-frozen,mcpwm:frozen,0,29.48454725,0.3750000026059297
new-acquisition/20260909-065110-campaign/00-04-mcpwm-frozen,mcpwm:frozen,0,30.484516688,0.0
new-acquisition/20260909-065110-campaign/00-04-mcpwm-frozen,mcpwm:frozen,0,31.484485125,-0.374999999053216
new-acquisition/20260909-065110-campaign/00-04-mcpwm-frozen,mcpwm:frozen,0,32.484453563,-0.6880000000819564
new-acquisition/20260909-065110-campaign/00-04-mcpwm-frozen,mcpwm:frozen,0,33.484422,-0.062000005129903
new-acquisition/20260909-065110-campaign/00-04-mcpwm-frozen,mcpwm:frozen,0,34.484390437,-0.437000004183119
new-acquisition/20260909-065110-campaign/00-04-mcpwm-frozen,mcpwm:frozen,0,35.484358812,0.24999999936881068
new-acquisition/20260909-065110-campaign/00-04-mcpwm-frozen,mcpwm:frozen,0,36.48432725,-0.18699999770888098
new-acquisition/20260909-065110-campaign/00-04-mcpwm-frozen,mcpwm:frozen,0,37.484294687,0.4380000007131457
new-acquisition/20260909-065110-campaign/00-04-mcpwm-frozen,mcpwm:frozen,0,38.484263125,1.0629999991351724
new-acquisition/20260909-065110-campaign/00-04-mcpwm-frozen,mcpwm:frozen,0,39.484232562,-0.3120000044987137
new-acquisition/20260909-065110-campaign/00-04-mcpwm-frozen,mcpwm:frozen,0,40.484200937,-0.6239999947865726
new-acquisition/20260909-065110-campaign/00-04-mcpwm-frozen,mcpwm:frozen,0,41.484169375,0.0
new-acquisition/20260909-065110-campaign/00-04-mcpwm-frozen,mcpwm:frozen,0,42.484137813,-0.43799999360771835
new-acquisition/20260909-065110-campaign/00-04-mcpwm-frozen,mcpwm:frozen,0,43.48410525,1.1879999988195777
new-acquisition/20260909-065110-campaign/00-04-mcpwm-frozen,mcpwm:frozen,0,44.484074625,-0.12499999968440534
new-acquisition/20260909-065110-campaign/00-04-mcpwm-frozen,mcpwm:frozen,0,45.484043062,-0.4989999951021673
new-acquisition/20260909-065110-campaign/00-04-mcpwm-frozen,mcpwm:frozen,0,46.4840115,0.0630000016599297
new-acquisition/20260909-065110-campaign/00-04-mcpwm-frozen,mcpwm:frozen,0,47.483979875,-0.24999999936881068
new-acquisition/20260909-065110-campaign/00-04-mcpwm-frozen,mcpwm:frozen,0,48.483948312,-0.625000005527454
new-acquisition/20260909-065110-campaign/00-04-mcpwm-frozen,mcpwm:frozen,0,49.48391575,0.936999995815313
new-acquisition/20260909-065110-campaign/00-04-mcpwm-frozen,mcpwm:frozen,0,50.483885125,-0.374999999053216
new-acquisition/20260909-065110-campaign/00-04-mcpwm-frozen,mcpwm:frozen,0,51.483853563,0.18700000481430834
new-acquisition/20260909-065110-campaign/00-04-mcpwm-frozen,mcpwm:frozen,0,52.483821937,-0.12499999968440534
new-acquisition/20260909-065110-campaign/00-04-mcpwm-frozen,mcpwm:frozen,0,53.483790375,-0.49999999873762135
new-acquisition/20260909-065110-campaign/00-04-mcpwm-frozen,mcpwm:frozen,0,54.48375875,0.12499999968440534
new-acquisition/20260909-065110-campaign/00-04-mcpwm-frozen,mcpwm:frozen,0,55.483727188,-0.25000000647423803
new-acquisition/20260909-065110-campaign/00-04-mcpwm-frozen,mcpwm:frozen,0,56.483695563,-0.6259999949520534
new-acquisition/20260909-065110-campaign/00-04-mcpwm-frozen,mcpwm:frozen,0,57.483664,0.0
new-acquisition/20260909-065110-campaign/00-04-mcpwm-frozen,mcpwm:frozen,0,58.483632375,-0.374999999053216
new-acquisition/20260909-065110-campaign/00-04-mcpwm-frozen,mcpwm:frozen,0,59.483600813,0.24999999936881068
new-acquisition/20260909-065110-campaign/00-04-mcpwm-frozen,mcpwm:frozen,1,0.485463125,0.06299999999459516
new-acquisition/20260909-065110-campaign/00-04-mcpwm-frozen,mcpwm:frozen,1,1.485431563,0.06200000002287709
new-acquisition/20260909-065110-campaign/00-04-mcpwm-frozen,mcpwm:frozen,1,2.4854,0.06300000032766206
new-acquisition/20260909-065110-campaign/00-04-mcpwm-frozen,mcpwm:frozen,1,3.4853675,0.9999999996956888
new-acquisition/20260909-065110-campaign/00-04-mcpwm-frozen,mcpwm:frozen,1,4.485335938,0.9989999991688592
new-acquisition/20260909-065110-campaign/00-04-mcpwm-frozen,mcpwm:frozen,1,5.485304375,1.000000000139778
new-acquisition/20260909-065110-campaign/00-04-mcpwm-frozen,mcpwm:frozen,1,6.485273875,-0.061999999800832484
new-acquisition/20260909-065110-campaign/00-04-mcpwm-frozen,mcpwm:frozen,1,7.485242312,-0.061999999800832484
new-acquisition/20260909-065110-campaign/00-04-mcpwm-frozen,mcpwm:frozen,1,8.48521075,-0.061999999800832484
new-acquisition/20260909-065110-campaign/00-04-mcpwm-frozen,mcpwm:frozen,1,9.48517925,-0.12499999968440534
new-acquisition/20260909-065110-campaign/00-04-mcpwm-frozen,mcpwm:frozen,1,10.485146688,0.8739999994844538
new-acquisition/20260909-065110-campaign/00-04-mcpwm-frozen,mcpwm:frozen,1,11.485116125,-1.1249999989360049
new-acquisition/20260909-065110-campaign/00-04-mcpwm-frozen,mcpwm:frozen,1,12.485083625,0.8119999996836214
new-acquisition/20260909-065110-campaign/00-04-mcpwm-frozen,mcpwm:frozen,1,13.485053063,0.061999999800832484
new-acquisition/20260909-065110-campaign/00-04-mcpwm-frozen,mcpwm:frozen,1,14.4850205,0.8130000015427186
new-acquisition/20260909-065110-campaign/00-04-mcpwm-frozen,mcpwm:frozen,1,15.48499,-1.250000000396767
new-acquisition/20260909-065110-campaign/00-04-mcpwm-frozen,mcpwm:frozen,1,16.484958438,-1.250000000396767
new-acquisition/20260909-065110-campaign/00-04-mcpwm-frozen,mcpwm:frozen,1,17.484926875,-0.24999999936881068
new-acquisition/20260909-065110-campaign/00-04-mcpwm-frozen,mcpwm:frozen,1,18.484895313,-1.250000000396767
new-acquisition/20260909-065110-campaign/00-04-mcpwm-frozen,mcpwm:frozen,1,19.484863812,-0.312000000946
new-acquisition/20260909-065110-campaign/00-04-mcpwm-frozen,mcpwm:frozen,1,20.48483225,-0.31300000102874037
new-acquisition/20260909-065110-campaign/00-04-mcpwm-frozen,mcpwm:frozen,1,21.484800688,-0.0630000016599297
new-acquisition/20260909-065110-campaign/00-04-mcpwm-frozen,mcpwm:frozen,1,22.484769125,-0.374999999053216
new-acquisition/20260909-065110-campaign/00-04-mcpwm-frozen,mcpwm:frozen,1,23.484737563,-0.3759999991359564
new-acquisition/20260909-065110-campaign/00-04-mcpwm-frozen,mcpwm:frozen,1,24.484706,-0.374999999053216
new-acquisition/20260909-065110-campaign/00-04-mcpwm-frozen,mcpwm:frozen,1,25.4846745,-0.43700000063040534
new-acquisition/20260909-065110-campaign/00-04-mcpwm-frozen,mcpwm:frozen,1,26.484641938,0.5620000003148107
new-acquisition/20260909-065110-campaign/00-04-mcpwm-frozen,mcpwm:frozen,1,27.484610375,-0.49999999873762135
new-acquisition/20260909-065110-campaign/00-04-mcpwm-frozen,mcpwm:frozen,1,28.484579813,-0.5009999988203617
new-acquisition/20260909-065110-campaign/00-04-mcpwm-frozen,mcpwm:frozen,1,29.48454725,0.6250000019747404
new-acquisition/20260909-065110-campaign/00-04-mcpwm-frozen,mcpwm:frozen,1,30.484516688,-1.5629999978727938
new-acquisition/20260909-065110-campaign/00-04-mcpwm-frozen,mcpwm:frozen,1,31.484485125,-0.5620000003148107
new-acquisition/20260909-065110-campaign/00-04-mcpwm-frozen,mcpwm:frozen,1,32.484453563,-0.563000000397551
new-acquisition/20260909-065110-campaign/00-04-mcpwm-frozen,mcpwm:frozen,1,33.484422,-0.625000005527454
new-acquisition/20260909-065110-campaign/00-04-mcpwm-frozen,mcpwm:frozen,1,34.484390437,-1.6239999993672427
new-acquisition/20260909-065110-campaign/00-04-mcpwm-frozen,mcpwm:frozen,1,35.484358812,0.374999999053216
new-acquisition/20260909-065110-campaign/00-04-mcpwm-frozen,mcpwm:frozen,1,36.48432725,-0.6249999984220267
new-acquisition/20260909-065110-campaign/00-04-mcpwm-frozen,mcpwm:frozen,1,37.484294687,1.312999998503983
new-acquisition/20260909-065110-campaign/00-04-mcpwm-frozen,mcpwm:frozen,1,38.484263125,1.312999998503983
new-acquisition/20260909-065110-campaign/00-04-mcpwm-frozen,mcpwm:frozen,1,39.484232562,0.24999999936881068
new-acquisition/20260909-065110-campaign/00-04-mcpwm-frozen,mcpwm:frozen,1,40.484200937,0.31300000102874037
new-acquisition/20260909-065110-campaign/00-04-mcpwm-frozen,mcpwm:frozen,1,41.484169375,0.24999999936881068
new-acquisition/20260909-065110-campaign/00-04-mcpwm-frozen,mcpwm:frozen,1,42.484137813,0.25000000647423803
new-acquisition/20260909-065110-campaign/00-04-mcpwm-frozen,mcpwm:frozen,1,43.48410525,1.1879999988195777
new-acquisition/20260909-065110-campaign/00-04-mcpwm-frozen,mcpwm:frozen,1,44.484074625,-0.8119999961309077
new-acquisition/20260909-065110-campaign/00-04-mcpwm-frozen,mcpwm:frozen,1,45.484043062,0.18800000134433503
new-acquisition/20260909-065110-campaign/00-04-mcpwm-frozen,mcpwm:frozen,1,46.4840115,0.12499999968440534
new-acquisition/20260909-065110-campaign/00-04-mcpwm-frozen,mcpwm:frozen,1,47.483979875,0.12499999968440534
new-acquisition/20260909-065110-campaign/00-04-mcpwm-frozen,mcpwm:frozen,1,48.483948312,-0.437000004183119
new-acquisition/20260909-065110-campaign/00-04-mcpwm-frozen,mcpwm:frozen,1,49.48391575,0.0630000016599297
new-acquisition/20260909-065110-campaign/00-04-mcpwm-frozen,mcpwm:frozen,1,50.483885125,0.0630000016599297
new-acquisition/20260909-065110-campaign/00-04-mcpwm-frozen,mcpwm:frozen,1,51.483853563,0.0
new-acquisition/20260909-065110-campaign/00-04-mcpwm-frozen,mcpwm:frozen,1,52.483821937,0.0
new-acquisition/20260909-065110-campaign/00-04-mcpwm-frozen,mcpwm:frozen,1,53.483790375,-0.0630000016599297
new-acquisition/20260909-065110-campaign/00-04-mcpwm-frozen,mcpwm:frozen,1,54.48375875,0.0
new-acquisition/20260909-065110-campaign/00-04-mcpwm-frozen,mcpwm:frozen,1,55.483727188,-0.0630000016599297
new-acquisition/20260909-065110-campaign/00-04-mcpwm-frozen,mcpwm:frozen,1,56.483695563,-0.06299999455450234
new-acquisition/20260909-065110-campaign/00-04-mcpwm-frozen,mcpwm:frozen,1,57.483664,-0.12499999968440534
new-acquisition/20260909-065110-campaign/00-04-mcpwm-frozen,mcpwm:frozen,1,58.483632375,-0.12499999968440534
new-acquisition/20260909-065110-campaign/00-04-mcpwm-frozen,mcpwm:frozen,1,59.483600813,-0.18800000134433503
new-acquisition/20260909-065110-campaign/00-04-mcpwm-frozen,mcpwm:frozen,3,0.485463125,-0.06299999999459516
new-acquisition/20260909-065110-campaign/00-04-mcpwm-frozen,mcpwm:frozen,3,1.485431563,-0.8749999997892388
new-acquisition/20260909-065110-campaign/00-04-mcpwm-frozen,mcpwm:frozen,3,2.4854,-0.6249999997542943
new-acquisition/20260909-065110-campaign/00-04-mcpwm-frozen,mcpwm:frozen,3,3.4853675,1.5620000000104994
new-acquisition/20260909-065110-campaign/00-04-mcpwm-frozen,mcpwm:frozen,3,4.485335938,0.8119999996836214
new-acquisition/20260909-065110-campaign/00-04-mcpwm-frozen,mcpwm:frozen,3,5.485304375,1.000000000139778
new-acquisition/20260909-065110-campaign/00-04-mcpwm-frozen,mcpwm:frozen,3,6.485273875,0.1880000004561566
new-acquisition/20260909-065110-campaign/00-04-mcpwm-frozen,mcpwm:frozen,3,7.485242312,-0.5619999994266323
new-acquisition/20260909-065110-campaign/00-04-mcpwm-frozen,mcpwm:frozen,3,8.48521075,0.6880000000819564
new-acquisition/20260909-065110-campaign/00-04-mcpwm-frozen,mcpwm:frozen,3,9.48517925,-0.1879999995679782
new-acquisition/20260909-065110-campaign/00-04-mcpwm-frozen,mcpwm:frozen,3,10.485146688,1.061999999052432
new-acquisition/20260909-065110-campaign/00-04-mcpwm-frozen,mcpwm:frozen,3,11.485116125,-0.6880000000819564
new-acquisition/20260909-065110-campaign/00-04-mcpwm-frozen,mcpwm:frozen,3,12.485083625,1.4999999997655777
new-acquisition/20260909-065110-campaign/00-04-mcpwm-frozen,mcpwm:frozen,3,13.485053063,-0.31300000102874037
new-acquisition/20260909-065110-campaign/00-04-mcpwm-frozen,mcpwm:frozen,3,14.4850205,0.9380000012271239
new-acquisition/20260909-065110-campaign/00-04-mcpwm-frozen,mcpwm:frozen,3,15.48499,-0.8749999995671942
new-acquisition/20260909-065110-campaign/00-04-mcpwm-frozen,mcpwm:frozen,3,16.484958438,0.374999999053216
new-acquisition/20260909-065110-campaign/00-04-mcpwm-frozen,mcpwm:frozen,3,17.484926875,0.563000000397551
new-acquisition/20260909-065110-campaign/00-04-mcpwm-frozen,mcpwm:frozen,3,18.484895313,-0.18799999779162135
new-acquisition/20260909-065110-campaign/00-04-mcpwm-frozen,mcpwm:frozen,3,19.484863812,-0.06200000157718932
new-acquisition/20260909-065110-campaign/00-04-mcpwm-frozen,mcpwm:frozen,3,20.48483225,0.18700000126159466
new-acquisition/20260909-065110-campaign/00-04-mcpwm-frozen,mcpwm:frozen,3,21.484800688,0.43700000063040534
new-acquisition/20260909-065110-campaign/00-04-mcpwm-frozen,mcpwm:frozen,3,22.484769125,-1.3750000000811724
new-acquisition/20260909-065110-campaign/00-04-mcpwm-frozen,mcpwm:frozen,3,23.484737563,-1.1250000007123617
new-acquisition/20260909-065110-campaign/00-04-mcpwm-frozen,mcpwm:frozen,3,24.484706,-0.9369999993680267
new-acquisition/20260909-065110-campaign/00-04-mcpwm-frozen,mcpwm:frozen,3,25.4846745,0.18799999779162135
new-acquisition/20260909-065110-campaign/00-04-mcpwm-frozen,mcpwm:frozen,3,26.484641938,0.43700000063040534
new-acquisition/20260909-065110-campaign/00-04-mcpwm-frozen,mcpwm:frozen,3,27.484610375,-0.374999999053216
new-acquisition/20260909-065110-campaign/00-04-mcpwm-frozen,mcpwm:frozen,3,28.484579813,-1.1250000007123617
new-acquisition/20260909-065110-campaign/00-04-mcpwm-frozen,mcpwm:frozen,3,29.48454725,0.06200000157718932
new-acquisition/20260909-065110-campaign/00-04-mcpwm-frozen,mcpwm:frozen,3,30.484516688,0.24999999936881068
new-acquisition/20260909-065110-campaign/00-04-mcpwm-frozen,mcpwm:frozen,3,31.484485125,0.500000002290335
new-acquisition/20260909-065110-campaign/00-04-mcpwm-frozen,mcpwm:frozen,3,32.484453563,-0.31300000102874037
new-acquisition/20260909-065110-campaign/00-04-mcpwm-frozen,mcpwm:frozen,3,33.484422,-0.12499999968440534
new-acquisition/20260909-065110-campaign/00-04-mcpwm-frozen,mcpwm:frozen,3,34.484390437,0.0630000016599297
new-acquisition/20260909-065110-campaign/00-04-mcpwm-frozen,mcpwm:frozen,3,35.484358812,0.312999993923313
new-acquisition/20260909-065110-campaign/00-04-mcpwm-frozen,mcpwm:frozen,3,36.48432725,-0.43699999707769166
new-acquisition/20260909-065110-campaign/00-04-mcpwm-frozen,mcpwm:frozen,3,37.484294687,0.7509999946364587
new-acquisition/20260909-065110-campaign/00-04-mcpwm-frozen,mcpwm:frozen,3,38.484263125,0.9379999994507671
new-acquisition/20260909-065110-campaign/00-04-mcpwm-frozen,mcpwm:frozen,3,39.484232562,-0.8750000048962647
new-acquisition/20260909-065110-campaign/00-04-mcpwm-frozen,mcpwm:frozen,3,40.484200937,-0.6239999947865726
new-acquisition/20260909-065110-campaign/00-04-mcpwm-frozen,mcpwm:frozen,3,41.484169375,-0.43699999707769166
new-acquisition/20260909-065110-campaign/00-04-mcpwm-frozen,mcpwm:frozen,3,42.484137813,-0.24999999936881068
new-acquisition/20260909-065110-campaign/00-04-mcpwm-frozen,mcpwm:frozen,3,43.48410525,0.9370000029207404
new-acquisition/20260909-065110-campaign/00-04-mcpwm-frozen,mcpwm:frozen,3,44.484074625,0.18700000481430834
new-acquisition/20260909-065110-campaign/00-04-mcpwm-frozen,mcpwm:frozen,3,45.484043062,0.374999999053216
new-acquisition/20260909-065110-campaign/00-04-mcpwm-frozen,mcpwm:frozen,3,46.4840115,-0.437000004183119
new-acquisition/20260909-065110-campaign/00-04-mcpwm-frozen,mcpwm:frozen,3,47.483979875,-0.18700000481430834
new-acquisition/20260909-065110-campaign/00-04-mcpwm-frozen,mcpwm:frozen,3,48.483948312,0.0
new-acquisition/20260909-065110-campaign/00-04-mcpwm-frozen,mcpwm:frozen,3,49.48391575,1.1869999951841237
new-acquisition/20260909-065110-campaign/00-04-mcpwm-frozen,mcpwm:frozen,3,50.483885125,-0.5620000038675244
new-acquisition/20260909-065110-campaign/00-04-mcpwm-frozen,mcpwm:frozen,3,51.483853563,-0.374999999053216
new-acquisition/20260909-065110-campaign/00-04-mcpwm-frozen,mcpwm:frozen,3,52.483821937,-0.12499999968440534
new-acquisition/20260909-065110-campaign/00-04-mcpwm-frozen,mcpwm:frozen,3,54.48375875,0.3119999973932863
new-acquisition/20260909-065110-campaign/00-04-mcpwm-frozen,mcpwm:frozen,3,55.483727188,-0.5000000058430487
new-acquisition/20260909-065110-campaign/00-04-mcpwm-frozen,mcpwm:frozen,3,56.483695563,-0.25099999589883737
new-acquisition/20260909-065110-campaign/00-04-mcpwm-frozen,mcpwm:frozen,3,57.483664,-1.0619999954997184
new-acquisition/20260909-065110-campaign/00-04-mcpwm-frozen,mcpwm:frozen,3,58.483632375,0.12499999968440534
new-acquisition/20260909-065110-campaign/00-04-mcpwm-frozen,mcpwm:frozen,3,59.483600813,0.3119999973932863
new-acquisition/20260909-065110-campaign/01-00-mcpwm-ntp,mcpwm:ntp,0,0.39705575,432.8749999999992
new-acquisition/20260909-065110-campaign/01-00-mcpwm-ntp,mcpwm:ntp,0,1.397025187,-2210.4369999997875
new-acquisition/20260909-065110-campaign/01-00-mcpwm-ntp,mcpwm:ntp,0,2.396992625,-87.87500000018156
new-acquisition/20260909-065110-campaign/01-00-mcpwm-ntp,mcpwm:ntp,0,3.396961062,786.6249999999297
new-acquisition/20260909-065110-campaign/01-00-mcpwm-ntp,mcpwm:ntp,0,4.3969295,-876.6250000000753
new-acquisition/20260909-065110-campaign/01-00-mcpwm-ntp,mcpwm:ntp,0,5.396897937,-2016.937000000496
new-acquisition/20260909-065110-campaign/01-00-mcpwm-ntp,mcpwm:ntp,0,6.396866375,-1436.3749999999343
new-acquisition/20260909-065110-campaign/01-00-mcpwm-ntp,mcpwm:ntp,0,7.396835812,1891.5630000000406
new-acquisition/20260909-065110-campaign/01-00-mcpwm-ntp,mcpwm:ntp,0,8.39680425,2760.7500000002005
new-acquisition/20260909-065110-campaign/01-00-mcpwm-ntp,mcpwm:ntp,0,9.396771687,1393.4380000009128
new-acquisition/20260909-065110-campaign/01-00-mcpwm-ntp,mcpwm:ntp,0,10.396740125,-36.87500000104649
new-acquisition/20260909-065110-campaign/01-00-mcpwm-ntp,mcpwm:ntp,0,11.396709562,-1636.186999999012
new-acquisition/20260909-065110-campaign/01-00-mcpwm-ntp,mcpwm:ntp,0,12.396677,-621.6250000008472
new-acquisition/20260909-065110-campaign/01-00-mcpwm-ntp,mcpwm:ntp,0,13.396645438,3615.686999999923
new-acquisition/20260909-065110-campaign/01-00-mcpwm-ntp,mcpwm:ntp,0,14.396614875,-64.37499999911722
new-acquisition/20260909-065110-campaign/01-00-mcpwm-ntp,mcpwm:ntp,0,15.396583313,-598.7499999999812
new-acquisition/20260909-065110-campaign/01-00-mcpwm-ntp,mcpwm:ntp,0,16.39655075,-472.6879999985556
new-acquisition/20260909-065110-campaign/01-00-mcpwm-ntp,mcpwm:ntp,0,17.396520187,205.49999999985857
new-acquisition/20260909-065110-campaign/01-00-mcpwm-ntp,mcpwm:ntp,0,18.396488625,-1874.812000000503
new-acquisition/20260909-065110-campaign/01-00-mcpwm-ntp,mcpwm:ntp,0,19.396456063,670.7500000011635
new-acquisition/20260909-065110-campaign/01-00-mcpwm-ntp,mcpwm:ntp,0,20.396425437,361.43799999877047
new-acquisition/20260909-065110-campaign/01-00-mcpwm-ntp,mcpwm:ntp,0,21.396392875,-1830.8749999995655
new-acquisition/20260909-065110-campaign/01-00-mcpwm-ntp,mcpwm:ntp,0,22.396361313,-171.3129999991736
new-acquisition/20260909-065110-campaign/01-00-mcpwm-ntp,mcpwm:ntp,0,23.39633075,-430.68700000148397
new-acquisition/20260909-065110-campaign/01-00-mcpwm-ntp,mcpwm:ntp,0,24.396299187,-1723.9999999993927
new-acquisition/20260909-065110-campaign/01-00-mcpwm-ntp,mcpwm:ntp,0,25.396267625,743.4999999986758
new-acquisition/20260909-065110-campaign/01-00-mcpwm-ntp,mcpwm:ntp,0,26.396235,216.24999999758643
new-acquisition/20260909-065110-campaign/01-00-mcpwm-ntp,mcpwm:ntp,0,27.396204437,293.8129999989769
new-acquisition/20260909-065110-campaign/01-00-mcpwm-ntp,mcpwm:ntp,0,28.396172875,-438.5000000013406
new-acquisition/20260909-065110-campaign/01-00-mcpwm-ntp,mcpwm:ntp,0,29.396141312,242.0629999981827
new-acquisition/20260909-065110-campaign/01-00-mcpwm-ntp,mcpwm:ntp,0,30.396108937,-2637.437000000631
new-acquisition/20260909-065110-campaign/01-00-mcpwm-ntp,mcpwm:ntp,0,31.3960775,-577.6250000018024
new-acquisition/20260909-065110-campaign/01-00-mcpwm-ntp,mcpwm:ntp,0,32.396046562,3032.874999995272
new-acquisition/20260909-065110-campaign/01-00-mcpwm-ntp,mcpwm:ntp,0,33.396013938,1658.74899999352
new-acquisition/20260909-065110-campaign/01-00-mcpwm-ntp,mcpwm:ntp,0,34.395982375,3330.124999997963
new-acquisition/20260909-065110-campaign/01-00-mcpwm-ntp,mcpwm:ntp,0,35.395950812,-953.1240000058006
new-acquisition/20260909-065110-campaign/01-00-mcpwm-ntp,mcpwm:ntp,0,36.395919187,1429.625000000101
new-acquisition/20260909-065110-campaign/01-00-mcpwm-ntp,mcpwm:ntp,0,37.395887625,-123.8749999998845
new-acquisition/20260909-065110-campaign/01-00-mcpwm-ntp,mcpwm:ntp,0,38.395857,865.750000002663
new-acquisition/20260909-065110-campaign/01-00-mcpwm-ntp,mcpwm:ntp,0,39.395824438,56.374999999775355
new-acquisition/20260909-065110-campaign/01-00-mcpwm-ntp,mcpwm:ntp,0,40.395792875,892.9379999997877
new-acquisition/20260909-065110-campaign/01-00-mcpwm-ntp,mcpwm:ntp,0,41.39576225,2282.7500000062173
new-acquisition/20260909-065110-campaign/01-00-mcpwm-ntp,mcpwm:ntp,0,42.395730687,-893.7489999993886
new-acquisition/20260909-065110-campaign/01-00-mcpwm-ntp,mcpwm:ntp,0,43.395698063,-677.0629999977018
new-acquisition/20260909-065110-campaign/01-00-mcpwm-ntp,mcpwm:ntp,0,44.395666437,2238.8129999981743
new-acquisition/20260909-065110-campaign/01-00-mcpwm-ntp,mcpwm:ntp,0,45.395634875,-1992.4380000020392
new-acquisition/20260909-065110-campaign/01-00-mcpwm-ntp,mcpwm:ntp,0,46.39560425,-90.24999999951433
new-acquisition/20260909-065110-campaign/01-00-mcpwm-ntp,mcpwm:ntp,0,47.395572687,-3846.499999994535
new-acquisition/20260909-065110-campaign/01-00-mcpwm-ntp,mcpwm:ntp,0,48.395540062,263.00100000042903
new-acquisition/20260909-065110-campaign/01-00-mcpwm-ntp,mcpwm:ntp,0,49.395509563,314.49900000524167
new-acquisition/20260909-065110-campaign/01-00-mcpwm-ntp,mcpwm:ntp,0,50.395476875,-256.74999999836245
new-acquisition/20260909-065110-campaign/01-00-mcpwm-ntp,mcpwm:ntp,0,51.39544625,-3482.999999995684
new-acquisition/20260909-065110-campaign/01-00-mcpwm-ntp,mcpwm:ntp,0,52.395414625,448.4999999974093
new-acquisition/20260909-065110-campaign/01-00-mcpwm-ntp,mcpwm:ntp,0,53.395383063,-82.87600000045359
new-acquisition/20260909-065110-campaign/01-00-mcpwm-ntp,mcpwm:ntp,0,54.395350437,-9663.624999994625
new-acquisition/20260909-065110-campaign/01-00-mcpwm-ntp,mcpwm:ntp,0,55.395318813,28816.436999996142
new-acquisition/20260909-065110-campaign/01-00-mcpwm-ntp,mcpwm:ntp,0,56.395287188,-22034.25100000089
new-acquisition/20260909-065110-campaign/01-00-mcpwm-ntp,mcpwm:ntp,0,57.39525625,12411.56300000057
new-acquisition/20260909-065110-campaign/01-00-mcpwm-ntp,mcpwm:ntp,0,58.395225,-1737.7500000037571
new-acquisition/20260909-065110-campaign/01-00-mcpwm-ntp,mcpwm:ntp,0,59.395192375,-542.1250000026134
new-acquisition/20260909-065110-campaign/01-00-mcpwm-ntp,mcpwm:ntp,1,0.39705575,-257.49999999996606
new-acquisition/20260909-065110-campaign/01-00-mcpwm-ntp,mcpwm:ntp,1,1.397025187,-2620.436999999809
new-acquisition/20260909-065110-campaign/01-00-mcpwm-ntp,mcpwm:ntp,1,2.396992625,-1824.5000000001178
new-acquisition/20260909-065110-campaign/01-00-mcpwm-ntp,mcpwm:ntp,1,3.396961062,-1725.5000000000464
new-acquisition/20260909-065110-campaign/01-00-mcpwm-ntp,mcpwm:ntp,1,4.3969295,-2247.5630000000633
new-acquisition/20260909-065110-campaign/01-00-mcpwm-ntp,mcpwm:ntp,1,5.396897937,-2976.5620000006265
new-acquisition/20260909-065110-campaign/01-00-mcpwm-ntp,mcpwm:ntp,1,6.396866375,-105.68800000054779
new-acquisition/20260909-065110-campaign/01-00-mcpwm-ntp,mcpwm:ntp,1,7.396835812,72.31300000043461
new-acquisition/20260909-065110-campaign/01-00-mcpwm-ntp,mcpwm:ntp,1,8.39680425,-3038.6250000002947
new-acquisition/20260909-065110-campaign/01-00-mcpwm-ntp,mcpwm:ntp,1,9.396771687,528.250000000341
new-acquisition/20260909-065110-campaign/01-00-mcpwm-ntp,mcpwm:ntp,1,10.396740125,-1206.6880000016768
new-acquisition/20260909-065110-campaign/01-00-mcpwm-ntp,mcpwm:ntp,1,11.396709562,-2888.687000000445
new-acquisition/20260909-065110-campaign/01-00-mcpwm-ntp,mcpwm:ntp,1,12.396677,1964.1249999988731
new-acquisition/20260909-065110-campaign/01-00-mcpwm-ntp,mcpwm:ntp,1,13.396645438,-3219.687999999721
new-acquisition/20260909-065110-campaign/01-00-mcpwm-ntp,mcpwm:ntp,1,14.396614875,612.1250000017397
new-acquisition/20260909-065110-campaign/01-00-mcpwm-ntp,mcpwm:ntp,1,15.396583313,-9477.563000000799
new-acquisition/20260909-065110-campaign/01-00-mcpwm-ntp,mcpwm:ntp,1,16.39655075,-1679.0620000008971
new-acquisition/20260909-065110-campaign/01-00-mcpwm-ntp,mcpwm:ntp,1,17.396520187,-995.8740000008959
new-acquisition/20260909-065110-campaign/01-00-mcpwm-ntp,mcpwm:ntp,1,18.396488625,-844.8749999985239
new-acquisition/20260909-065110-campaign/01-00-mcpwm-ntp,mcpwm:ntp,1,19.396456063,-445.5629999995381
new-acquisition/20260909-065110-campaign/01-00-mcpwm-ntp,mcpwm:ntp,1,20.396425437,-705.4990000021633
new-acquisition/20260909-065110-campaign/01-00-mcpwm-ntp,mcpwm:ntp,1,21.396392875,-2508.8750000001883
new-acquisition/20260909-065110-campaign/01-00-mcpwm-ntp,mcpwm:ntp,1,22.396361313,1732.936999999879
new-acquisition/20260909-065110-campaign/01-00-mcpwm-ntp,mcpwm:ntp,1,23.39633075,-904.0000000020143
new-acquisition/20260909-065110-campaign/01-00-mcpwm-ntp,mcpwm:ntp,1,24.396299187,7656.688000000855
new-acquisition/20260909-065110-campaign/01-00-mcpwm-ntp,mcpwm:ntp,1,25.396267625,3465.8129999982634
new-acquisition/20260909-065110-campaign/01-00-mcpwm-ntp,mcpwm:ntp,1,26.396235,424.9379999983205
new-acquisition/20260909-065110-campaign/01-00-mcpwm-ntp,mcpwm:ntp,1,27.396204437,1420.8759999974063
new-acquisition/20260909-065110-campaign/01-00-mcpwm-ntp,mcpwm:ntp,1,28.396172875,191.87499999873125
new-acquisition/20260909-065110-campaign/01-00-mcpwm-ntp,mcpwm:ntp,1,29.396141312,-322.125000000284
new-acquisition/20260909-065110-campaign/01-00-mcpwm-ntp,mcpwm:ntp,1,30.396108937,444.6250000000873
new-acquisition/20260909-065110-campaign/01-00-mcpwm-ntp,mcpwm:ntp,1,31.3960775,-2993.437000000654
new-acquisition/20260909-065110-campaign/01-00-mcpwm-ntp,mcpwm:ntp,1,32.396046562,-68.18700000366107
new-acquisition/20260909-065110-campaign/01-00-mcpwm-ntp,mcpwm:ntp,1,33.396013938,-413.1880000031174
new-acquisition/20260909-065110-campaign/01-00-mcpwm-ntp,mcpwm:ntp,1,34.395982375,-5542.500000004225
new-acquisition/20260909-065110-campaign/01-00-mcpwm-ntp,mcpwm:ntp,1,35.395950812,1083.687999994254
new-acquisition/20260909-065110-campaign/01-00-mcpwm-ntp,mcpwm:ntp,1,36.395919187,-20313.249999993845
new-acquisition/20260909-065110-campaign/01-00-mcpwm-ntp,mcpwm:ntp,1,37.395887625,146.68699999731416
new-acquisition/20260909-065110-campaign/01-00-mcpwm-ntp,mcpwm:ntp,1,38.395857,-2489.187000001891
new-acquisition/20260909-065110-campaign/01-00-mcpwm-ntp,mcpwm:ntp,1,39.395824438,-1898.812999996835
new-acquisition/20260909-065110-campaign/01-00-mcpwm-ntp,mcpwm:ntp,1,40.395792875,1160.5629999991152
new-acquisition/20260909-065110-campaign/01-00-mcpwm-ntp,mcpwm:ntp,1,41.39576225,3047.50000000098
new-acquisition/20260909-065110-campaign/01-00-mcpwm-ntp,mcpwm:ntp,1,42.395730687,363.5630000005108
new-acquisition/20260909-065110-campaign/01-00-mcpwm-ntp,mcpwm:ntp,1,43.395698063,-89.437999996278
new-acquisition/20260909-065110-campaign/01-00-mcpwm-ntp,mcpwm:ntp,1,44.395666437,-2494.3120000031627
new-acquisition/20260909-065110-campaign/01-00-mcpwm-ntp,mcpwm:ntp,1,45.395634875,-1547.4379999957932
new-acquisition/20260909-065110-campaign/01-00-mcpwm-ntp,mcpwm:ntp,1,46.39560425,2202.438000004747
new-acquisition/20260909-065110-campaign/01-00-mcpwm-ntp,mcpwm:ntp,1,47.395572687,-2044.499000000144
new-acquisition/20260909-065110-campaign/01-00-mcpwm-ntp,mcpwm:ntp,1,48.395540062,359.43799999671455
new-acquisition/20260909-065110-campaign/01-00-mcpwm-ntp,mcpwm:ntp,1,49.395509563,-969.6259999998347
new-acquisition/20260909-065110-campaign/01-00-mcpwm-ntp,mcpwm:ntp,1,50.395476875,-8968.250000002343
new-acquisition/20260909-065110-campaign/01-00-mcpwm-ntp,mcpwm:ntp,1,51.39544625,-2418.186999996408
new-acquisition/20260909-065110-campaign/01-00-mcpwm-ntp,mcpwm:ntp,1,52.395414625,431.3749999980132
new-acquisition/20260909-065110-campaign/01-00-mcpwm-ntp,mcpwm:ntp,1,53.395383063,-305.0629999989951
new-acquisition/20260909-065110-campaign/01-00-mcpwm-ntp,mcpwm:ntp,1,54.395350437,9419.938000000628
new-acquisition/20260909-065110-campaign/01-00-mcpwm-ntp,mcpwm:ntp,1,55.395318813,55503.061999999656
new-acquisition/20260909-065110-campaign/01-00-mcpwm-ntp,mcpwm:ntp,1,56.395287188,-167.6879999976677
new-acquisition/20260909-065110-campaign/01-00-mcpwm-ntp,mcpwm:ntp,1,57.39525625,834.561999994321
new-acquisition/20260909-065110-campaign/01-00-mcpwm-ntp,mcpwm:ntp,1,58.395225,-3123.1250000018917
new-acquisition/20260909-065110-campaign/01-00-mcpwm-ntp,mcpwm:ntp,1,59.395192375,279.1869999967389
new-acquisition/20260909-065110-campaign/01-00-mcpwm-ntp,mcpwm:ntp,3,0.39705575,-138.06199999999436
new-acquisition/20260909-065110-campaign/01-00-mcpwm-ntp,mcpwm:ntp,3,1.397025187,322.12500000006196
new-acquisition/20260909-065110-campaign/01-00-mcpwm-ntp,mcpwm:ntp,3,2.396992625,1495.3129999999426
new-acquisition/20260909-065110-campaign/01-00-mcpwm-ntp,mcpwm:ntp,3,3.396961062,-1349.3740000001253
new-acquisition/20260909-065110-campaign/01-00-mcpwm-ntp,mcpwm:ntp,3,4.3969295,1709.6869999999599
new-acquisition/20260909-065110-campaign/01-00-mcpwm-ntp,mcpwm:ntp,3,5.396897937,1299.937999999834
new-acquisition/20260909-065110-campaign/01-00-mcpwm-ntp,mcpwm:ntp,3,6.396866375,1694.1250000002128
new-acquisition/20260909-065110-campaign/01-00-mcpwm-ntp,mcpwm:ntp,3,7.396835812,-441.62399999958524
new-acquisition/20260909-065110-campaign/01-00-mcpwm-ntp,mcpwm:ntp,3,8.39680425,646.5630000000999
new-acquisition/20260909-065110-campaign/01-00-mcpwm-ntp,mcpwm:ntp,3,9.396771687,-1051.249999999726
new-acquisition/20260909-065110-campaign/01-00-mcpwm-ntp,mcpwm:ntp,3,10.396740125,900.9999999989304
new-acquisition/20260909-065110-campaign/01-00-mcpwm-ntp,mcpwm:ntp,3,11.396709562,1225.1879999993776
new-acquisition/20260909-065110-campaign/01-00-mcpwm-ntp,mcpwm:ntp,3,12.396677,-18.563000001137198
new-acquisition/20260909-065110-campaign/01-00-mcpwm-ntp,mcpwm:ntp,3,13.396645438,394.62500000020384
new-acquisition/20260909-065110-campaign/01-00-mcpwm-ntp,mcpwm:ntp,3,14.396614875,-3095.9999999993215
new-acquisition/20260909-065110-campaign/01-00-mcpwm-ntp,mcpwm:ntp,3,15.396583313,72.0619999992067
new-acquisition/20260909-065110-campaign/01-00-mcpwm-ntp,mcpwm:ntp,3,16.39655075,-415.6870000002755
new-acquisition/20260909-065110-campaign/01-00-mcpwm-ntp,mcpwm:ntp,3,17.396520187,940.438000000654
new-acquisition/20260909-065110-campaign/01-00-mcpwm-ntp,mcpwm:ntp,3,18.396488625,-1126.625000001269
new-acquisition/20260909-065110-campaign/01-00-mcpwm-ntp,mcpwm:ntp,3,19.396456063,-1347.750999997288
new-acquisition/20260909-065110-campaign/01-00-mcpwm-ntp,mcpwm:ntp,3,20.396425437,-186.9370000022741
new-acquisition/20260909-065110-campaign/01-00-mcpwm-ntp,mcpwm:ntp,3,21.396392875,1087.3129999993125
new-acquisition/20260909-065110-campaign/01-00-mcpwm-ntp,mcpwm:ntp,3,22.396361313,3403.4369999993432
new-acquisition/20260909-065110-campaign/01-00-mcpwm-ntp,mcpwm:ntp,3,23.39633075,-222.25000000020145
new-acquisition/20260909-065110-campaign/01-00-mcpwm-ntp,mcpwm:ntp,3,24.396299187,-876.0619999996777
new-acquisition/20260909-065110-campaign/01-00-mcpwm-ntp,mcpwm:ntp,3,25.396267625,1076.0629999992943
new-acquisition/20260909-065110-campaign/01-00-mcpwm-ntp,mcpwm:ntp,3,26.396235,6777.124999999273
new-acquisition/20260909-065110-campaign/01-00-mcpwm-ntp,mcpwm:ntp,3,27.396204437,364.562999997986
new-acquisition/20260909-065110-campaign/01-00-mcpwm-ntp,mcpwm:ntp,3,28.396172875,46.74999999920715
new-acquisition/20260909-065110-campaign/01-00-mcpwm-ntp,mcpwm:ntp,3,29.396141312,-775.0620000024355
new-acquisition/20260909-065110-campaign/01-00-mcpwm-ntp,mcpwm:ntp,3,30.396108937,428.8759999973024
new-acquisition/20260909-065110-campaign/01-00-mcpwm-ntp,mcpwm:ntp,3,31.3960775,-188.00000000140926
new-acquisition/20260909-065110-campaign/01-00-mcpwm-ntp,mcpwm:ntp,3,32.396046562,-75.49900000469734
new-acquisition/20260909-065110-campaign/01-00-mcpwm-ntp,mcpwm:ntp,3,33.396013938,-3261.1260000052766
new-acquisition/20260909-065110-campaign/01-00-mcpwm-ntp,mcpwm:ntp,3,34.395982375,747.8749999947354
new-acquisition/20260909-065110-campaign/01-00-mcpwm-ntp,mcpwm:ntp,3,35.395950812,-296.8740000000025
new-acquisition/20260909-065110-campaign/01-00-mcpwm-ntp,mcpwm:ntp,3,36.395919187,2466.251000001307
new-acquisition/20260909-065110-campaign/01-00-mcpwm-ntp,mcpwm:ntp,3,37.395887625,689.5000000000095
new-acquisition/20260909-065110-campaign/01-00-mcpwm-ntp,mcpwm:ntp,3,38.395857,516.6879999976004
new-acquisition/20260909-065110-campaign/01-00-mcpwm-ntp,mcpwm:ntp,3,39.395824438,950.8740000043758
new-acquisition/20260909-065110-campaign/01-00-mcpwm-ntp,mcpwm:ntp,3,40.395792875,-795.9379999959992
new-acquisition/20260909-065110-campaign/01-00-mcpwm-ntp,mcpwm:ntp,3,41.39576225,2238.1879999997523
new-acquisition/20260909-065110-campaign/01-00-mcpwm-ntp,mcpwm:ntp,3,42.395730687,296.4380000065603
new-acquisition/20260909-065110-campaign/01-00-mcpwm-ntp,mcpwm:ntp,3,43.395698063,-155.31300000048986
new-acquisition/20260909-065110-campaign/01-00-mcpwm-ntp,mcpwm:ntp,3,44.395666437,-1037.7490000053058
new-acquisition/20260909-065110-campaign/01-00-mcpwm-ntp,mcpwm:ntp,3,45.395634875,-2910.874999997759
new-acquisition/20260909-065110-campaign/01-00-mcpwm-ntp,mcpwm:ntp,3,46.39560425,-190.7500000015716
new-acquisition/20260909-065110-campaign/01-00-mcpwm-ntp,mcpwm:ntp,3,47.395572687,791.687999999624
new-acquisition/20260909-065110-campaign/01-00-mcpwm-ntp,mcpwm:ntp,3,48.395540062,-1542.3120000050972
new-acquisition/20260909-065110-campaign/01-00-mcpwm-ntp,mcpwm:ntp,3,49.395509563,-561.2510000005955
new-acquisition/20260909-065110-campaign/01-00-mcpwm-ntp,mcpwm:ntp,3,50.395476875,-37.687000002506466
new-acquisition/20260909-065110-campaign/01-00-mcpwm-ntp,mcpwm:ntp,3,51.39544625,-988.7499999976512
new-acquisition/20260909-065110-campaign/01-00-mcpwm-ntp,mcpwm:ntp,3,52.395414625,-19614.87500000203
new-acquisition/20260909-065110-campaign/01-00-mcpwm-ntp,mcpwm:ntp,3,53.395383063,-162.43799999671182
new-acquisition/20260909-065110-campaign/01-00-mcpwm-ntp,mcpwm:ntp,3,54.395350437,7100.4999999999545
new-acquisition/20260909-065110-campaign/01-00-mcpwm-ntp,mcpwm:ntp,3,55.395318813,-4963.81300000337
new-acquisition/20260909-065110-campaign/01-00-mcpwm-ntp,mcpwm:ntp,3,56.395287188,3693.062000003522
new-acquisition/20260909-065110-campaign/01-00-mcpwm-ntp,mcpwm:ntp,3,57.39525625,-3898.125000006303
new-acquisition/20260909-065110-campaign/01-00-mcpwm-ntp,mcpwm:ntp,3,58.395225,-1569.437000000562
new-acquisition/20260909-065110-campaign/01-00-mcpwm-ntp,mcpwm:ntp,3,59.395192375,-489.25000000110686
new-acquisition/20260909-065110-campaign/01-01-mcpwm-mac,mcpwm:mac,0,0.416679062,-7178.936999999996
new-acquisition/20260909-065110-campaign/01-01-mcpwm-mac,mcpwm:mac,0,1.416648437,-7179.750000000151
new-acquisition/20260909-065110-campaign/01-01-mcpwm-mac,mcpwm:mac,0,2.416616875,-7180.749999999847
new-acquisition/20260909-065110-campaign/01-01-mcpwm-mac,mcpwm:mac,0,3.41658525,-7181.062999999987
new-acquisition/20260909-065110-campaign/01-01-mcpwm-mac,mcpwm:mac,0,4.416553625,-7181.437999999929
new-acquisition/20260909-065110-campaign/01-01-mcpwm-mac,mcpwm:mac,0,5.416521,-7180.813000000619
new-acquisition/20260909-065110-campaign/01-01-mcpwm-mac,mcpwm:mac,0,6.416490438,-7182.251000000583
new-acquisition/20260909-065110-campaign/01-01-mcpwm-mac,mcpwm:mac,0,7.416457813,-7181.626000000385
new-acquisition/20260909-065110-campaign/01-01-mcpwm-mac,mcpwm:mac,0,8.416427188,-7182.999999999495
new-acquisition/20260909-065110-campaign/01-01-mcpwm-mac,mcpwm:mac,0,9.416395625,-7183.375000000325
new-acquisition/20260909-065110-campaign/01-01-mcpwm-mac,mcpwm:mac,0,10.416363,-7182.750000000126
new-acquisition/20260909-065110-campaign/01-01-mcpwm-mac,mcpwm:mac,0,11.416332375,-7184.125000000207
new-acquisition/20260909-065110-campaign/01-01-mcpwm-mac,mcpwm:mac,0,12.41630075,-7184.499999999261
new-acquisition/20260909-065110-campaign/01-01-mcpwm-mac,mcpwm:mac,0,13.416269187,-7184.936999999892
new-acquisition/20260909-065110-campaign/01-01-mcpwm-mac,mcpwm:mac,0,14.416237562,-7185.311999998945
new-acquisition/20260909-065110-campaign/01-01-mcpwm-mac,mcpwm:mac,0,15.416205937,-7185.624999999974
new-acquisition/20260909-065110-campaign/01-01-mcpwm-mac,mcpwm:mac,0,16.416174313,-7186.000000000803
new-acquisition/20260909-065110-campaign/01-01-mcpwm-mac,mcpwm:mac,0,17.41614275,-7186.437999997963
new-acquisition/20260909-065110-campaign/01-01-mcpwm-mac,mcpwm:mac,0,18.416111125,-7186.8120000004865
new-acquisition/20260909-065110-campaign/01-01-mcpwm-mac,mcpwm:mac,0,19.4160795,-7187.18699999954
new-acquisition/20260909-065110-campaign/01-01-mcpwm-mac,mcpwm:mac,0,20.416047875,-7187.562999998676
new-acquisition/20260909-065110-campaign/01-01-mcpwm-mac,mcpwm:mac,0,21.41601625,-7188.936999998674
new-acquisition/20260909-065110-campaign/01-01-mcpwm-mac,mcpwm:mac,0,22.415983625,-7187.311999999224
new-acquisition/20260909-065110-campaign/01-01-mcpwm-mac,mcpwm:mac,0,23.41595325,-7189.937999999785
new-acquisition/20260909-065110-campaign/01-01-mcpwm-mac,mcpwm:mac,0,24.4159205,-7188.1249999989905
new-acquisition/20260909-065110-campaign/01-01-mcpwm-mac,mcpwm:mac,0,25.41589,-7189.437000000964
new-acquisition/20260909-065110-campaign/01-01-mcpwm-mac,mcpwm:mac,0,26.415857563,-7188.875000000649
new-acquisition/20260909-065110-campaign/01-01-mcpwm-mac,mcpwm:mac,0,27.415827063,-7190.187999999153
new-acquisition/20260909-065110-campaign/01-01-mcpwm-mac,mcpwm:mac,0,28.415795625,-7190.6249999997835
new-acquisition/20260909-065110-campaign/01-01-mcpwm-mac,mcpwm:mac,0,29.415764187,-7190.999000002307
new-acquisition/20260909-065110-campaign/01-01-mcpwm-mac,mcpwm:mac,0,30.415732688,-7191.375999997973
new-acquisition/20260909-065110-campaign/01-01-mcpwm-mac,mcpwm:mac,0,31.41570125,-7191.937000001758
new-acquisition/20260909-065110-campaign/01-01-mcpwm-mac,mcpwm:mac,0,32.41566975,-7192.124999995996
new-acquisition/20260909-065110-campaign/01-01-mcpwm-mac,mcpwm:mac,0,33.415638313,-7192.563000003815
new-acquisition/20260909-065110-campaign/01-01-mcpwm-mac,mcpwm:mac,0,34.415606875,-7192.936999999233
new-acquisition/20260909-065110-campaign/01-01-mcpwm-mac,mcpwm:mac,0,35.415575375,-7193.312000005391
new-acquisition/20260909-065110-campaign/01-01-mcpwm-mac,mcpwm:mac,0,36.415543937,-7193.6870000044455
new-acquisition/20260909-065110-campaign/01-01-mcpwm-mac,mcpwm:mac,0,37.415512437,-7194.061999996393
new-acquisition/20260909-065110-campaign/01-01-mcpwm-mac,mcpwm:mac,0,38.415481,-7195.437999996557
new-acquisition/20260909-065110-campaign/01-01-mcpwm-mac,mcpwm:mac,0,39.4154495,-7194.812999998135
new-acquisition/20260909-065110-campaign/01-01-mcpwm-mac,mcpwm:mac,0,40.415418063,-7194.68799999845
new-acquisition/20260909-065110-campaign/01-01-mcpwm-mac,mcpwm:mac,0,41.415386562,-7195.561999999711
new-acquisition/20260909-065110-campaign/01-01-mcpwm-mac,mcpwm:mac,0,42.415355062,-7195.93700000587
new-acquisition/20260909-065110-campaign/01-01-mcpwm-mac,mcpwm:mac,0,43.415323625,-7196.374999999478
new-acquisition/20260909-065110-campaign/01-01-mcpwm-mac,mcpwm:mac,0,44.415292125,-7196.999999997899
new-acquisition/20260909-065110-campaign/01-01-mcpwm-mac,mcpwm:mac,0,45.415260688,-7197.125999994114
new-acquisition/20260909-065110-campaign/01-01-mcpwm-mac,mcpwm:mac,0,46.415228187,-7196.436999997502
new-acquisition/20260909-065110-campaign/01-01-mcpwm-mac,mcpwm:mac,0,47.415196687,-7196.811999996555
new-acquisition/20260909-065110-campaign/01-01-mcpwm-mac,mcpwm:mac,0,48.41516625,-7198.250000001849
new-acquisition/20260909-065110-campaign/01-01-mcpwm-mac,mcpwm:mac,0,49.41513475,-7198.563000002878
new-acquisition/20260909-065110-campaign/01-01-mcpwm-mac,mcpwm:mac,0,50.41510325,-7198.9369999982955
new-acquisition/20260909-065110-campaign/01-01-mcpwm-mac,mcpwm:mac,0,51.415070812,-7198.437000006663
new-acquisition/20260909-065110-campaign/01-01-mcpwm-mac,mcpwm:mac,0,52.415040312,-7199.687000003507
new-acquisition/20260909-065110-campaign/01-01-mcpwm-mac,mcpwm:mac,0,53.415007813,-7199.063000001615
new-acquisition/20260909-065110-campaign/01-01-mcpwm-mac,mcpwm:mac,0,54.414977375,-7200.499999996168
new-acquisition/20260909-065110-campaign/01-01-mcpwm-mac,mcpwm:mac,0,55.414944875,-7200.8120000006675
new-acquisition/20260909-065110-campaign/01-01-mcpwm-mac,mcpwm:mac,0,56.414913375,-7200.18699999514
new-acquisition/20260909-065110-campaign/01-01-mcpwm-mac,mcpwm:mac,0,57.414882875,-7201.562000005879
new-acquisition/20260909-065110-campaign/01-01-mcpwm-mac,mcpwm:mac,0,58.414850438,-7200.938000003987
new-acquisition/20260909-065110-campaign/01-01-mcpwm-mac,mcpwm:mac,0,59.414819937,-7202.31199999688
new-acquisition/20260909-065110-campaign/01-01-mcpwm-mac,mcpwm:mac,1,0.416679062,-186539.93699999998
new-acquisition/20260909-065110-campaign/01-01-mcpwm-mac,mcpwm:mac,1,1.416648437,-186546.93700000012
new-acquisition/20260909-065110-campaign/01-01-mcpwm-mac,mcpwm:mac,1,2.416616875,-186554.063
new-acquisition/20260909-065110-campaign/01-01-mcpwm-mac,mcpwm:mac,1,3.41658525,-186559.0619999997
new-acquisition/20260909-065110-campaign/01-01-mcpwm-mac,mcpwm:mac,1,4.416553625,-186566.0629999999
new-acquisition/20260909-065110-campaign/01-01-mcpwm-mac,mcpwm:mac,1,5.416521,-186570.06300000046
new-acquisition/20260909-065110-campaign/01-01-mcpwm-mac,mcpwm:mac,1,6.416490438,-186577.12600000043
new-acquisition/20260909-065110-campaign/01-01-mcpwm-mac,mcpwm:mac,1,7.416457813,-186582.12600000025
new-acquisition/20260909-065110-campaign/01-01-mcpwm-mac,mcpwm:mac,1,8.416427188,-186590.12600000045
new-acquisition/20260909-065110-campaign/01-01-mcpwm-mac,mcpwm:mac,1,9.416395625,-186595.18800000008
new-acquisition/20260909-065110-campaign/01-01-mcpwm-mac,mcpwm:mac,1,10.416363,-186601.18800000093
new-acquisition/20260909-065110-campaign/01-01-mcpwm-mac,mcpwm:mac,1,11.416332375,-186607.18799999997
new-acquisition/20260909-065110-campaign/01-01-mcpwm-mac,mcpwm:mac,1,12.41630075,-186613.18699999896
new-acquisition/20260909-065110-campaign/01-01-mcpwm-mac,mcpwm:mac,1,13.416269187,-186620.24899999885
new-acquisition/20260909-065110-campaign/01-01-mcpwm-mac,mcpwm:mac,1,14.416237562,-186625.24899999867
new-acquisition/20260909-065110-campaign/01-01-mcpwm-mac,mcpwm:mac,1,15.416205937,-186631.31200000117
new-acquisition/20260909-065110-campaign/01-01-mcpwm-mac,mcpwm:mac,1,16.416174313,-186637.31299999854
new-acquisition/20260909-065110-campaign/01-01-mcpwm-mac,mcpwm:mac,1,17.41614275,-186644.3750000002
new-acquisition/20260909-065110-campaign/01-01-mcpwm-mac,mcpwm:mac,1,18.416111125,-186650.37499999924
new-acquisition/20260909-065110-campaign/01-01-mcpwm-mac,mcpwm:mac,1,19.4160795,-186656.3749999983
new-acquisition/20260909-065110-campaign/01-01-mcpwm-mac,mcpwm:mac,1,20.416047875,-186661.3749999999
new-acquisition/20260909-065110-campaign/01-01-mcpwm-mac,mcpwm:mac,1,21.41601625,-186668.4379999981
new-acquisition/20260909-065110-campaign/01-01-mcpwm-mac,mcpwm:mac,1,22.415983625,-186672.43799999866
new-acquisition/20260909-065110-campaign/01-01-mcpwm-mac,mcpwm:mac,1,23.41595325,-186679.6870000016
new-acquisition/20260909-065110-campaign/01-01-mcpwm-mac,mcpwm:mac,1,24.4159205,-186684.56199999995
new-acquisition/20260909-065110-campaign/01-01-mcpwm-mac,mcpwm:mac,1,25.41589,-186692.49999999948
new-acquisition/20260909-065110-campaign/01-01-mcpwm-mac,mcpwm:mac,1,26.415857563,-186697.56299999918
new-acquisition/20260909-065110-campaign/01-01-mcpwm-mac,mcpwm:mac,1,27.415827063,-186703.56299999825
new-acquisition/20260909-065110-campaign/01-01-mcpwm-mac,mcpwm:mac,1,28.415795625,-186709.62500000244
new-acquisition/20260909-065110-campaign/01-01-mcpwm-mac,mcpwm:mac,1,29.415764187,-186715.6240000014
new-acquisition/20260909-065110-campaign/01-01-mcpwm-mac,mcpwm:mac,1,30.415732688,-186722.62599999813
new-acquisition/20260909-065110-campaign/01-01-mcpwm-mac,mcpwm:mac,1,31.41570125,-186727.68800000128
new-acquisition/20260909-065110-campaign/01-01-mcpwm-mac,mcpwm:mac,1,32.41566975,-186733.6879999968
new-acquisition/20260909-065110-campaign/01-01-mcpwm-mac,mcpwm:mac,1,34.415606875,-186745.75000000006
new-acquisition/20260909-065110-campaign/01-01-mcpwm-mac,mcpwm:mac,1,35.415575375,-186752.7500000037
new-acquisition/20260909-065110-campaign/01-01-mcpwm-mac,mcpwm:mac,1,36.415543937,-186757.8120000033
new-acquisition/20260909-065110-campaign/01-01-mcpwm-mac,mcpwm:mac,1,37.415512437,-186764.81199999983
new-acquisition/20260909-065110-campaign/01-01-mcpwm-mac,mcpwm:mac,1,38.415481,-186769.87500000309
new-acquisition/20260909-065110-campaign/01-01-mcpwm-mac,mcpwm:mac,1,39.4154495,-186775.81300000413
new-acquisition/20260909-065110-campaign/01-01-mcpwm-mac,mcpwm:mac,1,40.415418063,-186782.87599999522
new-acquisition/20260909-065110-campaign/01-01-mcpwm-mac,mcpwm:mac,1,41.415386562,-186788.87500000486
new-acquisition/20260909-065110-campaign/01-01-mcpwm-mac,mcpwm:mac,1,42.415355062,-186793.87500000643
new-acquisition/20260909-065110-campaign/01-01-mcpwm-mac,mcpwm:mac,1,43.415323625,-186799.99999999808
new-acquisition/20260909-065110-campaign/01-01-mcpwm-mac,mcpwm:mac,1,44.415292125,-186806.9380000037
new-acquisition/20260909-065110-campaign/01-01-mcpwm-mac,mcpwm:mac,1,45.415260688,-186812.99999999368
new-acquisition/20260909-065110-campaign/01-01-mcpwm-mac,mcpwm:mac,1,46.415228187,-186816.99899999416
new-acquisition/20260909-065110-campaign/01-01-mcpwm-mac,mcpwm:mac,1,47.415196687,-186822.99900000033
new-acquisition/20260909-065110-campaign/01-01-mcpwm-mac,mcpwm:mac,1,48.41516625,-186830.06300000215
new-acquisition/20260909-065110-campaign/01-01-mcpwm-mac,mcpwm:mac,1,49.41513475,-186837.06200000216
new-acquisition/20260909-065110-campaign/01-01-mcpwm-mac,mcpwm:mac,1,50.41510325,-186842.06200000376
new-acquisition/20260909-065110-campaign/01-01-mcpwm-mac,mcpwm:mac,1,51.415070812,-186847.12400000336
new-acquisition/20260909-065110-campaign/01-01-mcpwm-mac,mcpwm:mac,1,52.415040312,-186854.1239999999
new-acquisition/20260909-065110-campaign/01-01-mcpwm-mac,mcpwm:mac,1,53.415007813,-186859.12500000512
new-acquisition/20260909-065110-campaign/01-01-mcpwm-mac,mcpwm:mac,1,54.414977375,-186867.18699999715
new-acquisition/20260909-065110-campaign/01-01-mcpwm-mac,mcpwm:mac,1,55.414944875,-186872.18700000586
new-acquisition/20260909-065110-campaign/01-01-mcpwm-mac,mcpwm:mac,1,56.414913375,-186878.18799999435
new-acquisition/20260909-065110-campaign/01-01-mcpwm-mac,mcpwm:mac,1,57.414882875,-186884.18800000052
new-acquisition/20260909-065110-campaign/01-01-mcpwm-mac,mcpwm:mac,1,58.414850438,-186889.25000000012
new-acquisition/20260909-065110-campaign/01-01-mcpwm-mac,mcpwm:mac,1,59.414819937,-186896.24999999665
new-acquisition/20260909-065110-campaign/01-01-mcpwm-mac,mcpwm:mac,3,0.416679062,-34415.81199999999
new-acquisition/20260909-065110-campaign/01-01-mcpwm-mac,mcpwm:mac,3,1.416648437,-34423.37400000017
new-acquisition/20260909-065110-campaign/01-01-mcpwm-mac,mcpwm:mac,3,2.416616875,-34429.56199999969
new-acquisition/20260909-065110-campaign/01-01-mcpwm-mac,mcpwm:mac,3,3.41658525,-34434.749999999956
new-acquisition/20260909-065110-campaign/01-01-mcpwm-mac,mcpwm:mac,3,4.416553625,-34440.99999999928
new-acquisition/20260909-065110-campaign/01-01-mcpwm-mac,mcpwm:mac,3,5.416521,-34444.750000000466
new-acquisition/20260909-065110-campaign/01-01-mcpwm-mac,mcpwm:mac,3,6.416490438,-34452.50100000052
new-acquisition/20260909-065110-campaign/01-01-mcpwm-mac,mcpwm:mac,3,7.416457813,-34456.00000000049
new-acquisition/20260909-065110-campaign/01-01-mcpwm-mac,mcpwm:mac,3,8.416427188,-34463.126000000346
new-acquisition/20260909-065110-campaign/01-01-mcpwm-mac,mcpwm:mac,3,9.416395625,-34469.12499999932
new-acquisition/20260909-065110-campaign/01-01-mcpwm-mac,mcpwm:mac,3,10.416363,-34474.06300000111
new-acquisition/20260909-065110-campaign/01-01-mcpwm-mac,mcpwm:mac,3,11.416332375,-34481.749999999425
new-acquisition/20260909-065110-campaign/01-01-mcpwm-mac,mcpwm:mac,3,12.41630075,-34486.37500000018
new-acquisition/20260909-065110-campaign/01-01-mcpwm-mac,mcpwm:mac,3,13.416269187,-34493.12399999904
new-acquisition/20260909-065110-campaign/01-01-mcpwm-mac,mcpwm:mac,3,14.416237562,-34498.43699999988
new-acquisition/20260909-065110-campaign/01-01-mcpwm-mac,mcpwm:mac,3,15.416205937,-34503.375000001666
new-acquisition/20260909-065110-campaign/01-01-mcpwm-mac,mcpwm:mac,3,16.416174313,-34508.9999999999
new-acquisition/20260909-065110-campaign/01-01-mcpwm-mac,mcpwm:mac,3,17.41614275,-34514.87499999928
new-acquisition/20260909-065110-campaign/01-01-mcpwm-mac,mcpwm:mac,3,18.416111125,-34522.37500000166
new-acquisition/20260909-065110-campaign/01-01-mcpwm-mac,mcpwm:mac,3,19.4160795,-34527.18799999843
new-acquisition/20260909-065110-campaign/01-01-mcpwm-mac,mcpwm:mac,3,20.416047875,-34532.43799999939
new-acquisition/20260909-065110-campaign/01-01-mcpwm-mac,mcpwm:mac,3,21.41601625,-34538.249999997104
new-acquisition/20260909-065110-campaign/01-01-mcpwm-mac,mcpwm:mac,3,22.415983625,-34543.06299999743
new-acquisition/20260909-065110-campaign/01-01-mcpwm-mac,mcpwm:mac,3,23.41595325,-34551.500000002736
new-acquisition/20260909-065110-campaign/01-01-mcpwm-mac,mcpwm:mac,3,24.4159205,-34555.06199999902
new-acquisition/20260909-065110-campaign/01-01-mcpwm-mac,mcpwm:mac,3,25.41589,-34561.56300000046
new-acquisition/20260909-065110-campaign/01-01-mcpwm-mac,mcpwm:mac,3,26.415857563,-34566.9380000011
new-acquisition/20260909-065110-campaign/01-01-mcpwm-mac,mcpwm:mac,3,27.415827063,-34574.1249999989
new-acquisition/20260909-065110-campaign/01-01-mcpwm-mac,mcpwm:mac,3,28.415795625,-34580.37500000089
new-acquisition/20260909-065110-campaign/01-01-mcpwm-mac,mcpwm:mac,3,29.415764187,-34584.750000000495
new-acquisition/20260909-065110-campaign/01-01-mcpwm-mac,mcpwm:mac,3,30.415732688,-34591.625999997435
new-acquisition/20260909-065110-campaign/01-01-mcpwm-mac,mcpwm:mac,3,31.41570125,-34596.875000001855
new-acquisition/20260909-065110-campaign/01-01-mcpwm-mac,mcpwm:mac,3,32.41566975,-34602.43699999666
new-acquisition/20260909-065110-campaign/01-01-mcpwm-mac,mcpwm:mac,3,33.415638313,-34608.250000005115
new-acquisition/20260909-065110-campaign/01-01-mcpwm-mac,mcpwm:mac,3,34.415606875,-34613.81200000346
new-acquisition/20260909-065110-campaign/01-01-mcpwm-mac,mcpwm:mac,3,35.415575375,-34621.18700000616
new-acquisition/20260909-065110-campaign/01-01-mcpwm-mac,mcpwm:mac,3,36.415543937,-34626.12399999898
new-acquisition/20260909-065110-campaign/01-01-mcpwm-mac,mcpwm:mac,3,37.415512437,-34631.49899999962
new-acquisition/20260909-065110-campaign/01-01-mcpwm-mac,mcpwm:mac,3,38.415481,-34638.499999999796
new-acquisition/20260909-065110-campaign/01-01-mcpwm-mac,mcpwm:mac,3,39.4154495,-34643.313000003676
new-acquisition/20260909-065110-campaign/01-01-mcpwm-mac,mcpwm:mac,3,40.415418063,-34650.31300000021
new-acquisition/20260909-065110-campaign/01-01-mcpwm-mac,mcpwm:mac,3,41.415386562,-34655.74999999887
new-acquisition/20260909-065110-campaign/01-01-mcpwm-mac,mcpwm:mac,3,42.415355062,-34661.625000005355
new-acquisition/20260909-065110-campaign/01-01-mcpwm-mac,mcpwm:mac,3,43.415323625,-34667.1869999966
new-acquisition/20260909-065110-campaign/01-01-mcpwm-mac,mcpwm:mac,3,44.415292125,-34672.31199999787
new-acquisition/20260909-065110-campaign/01-01-mcpwm-mac,mcpwm:mac,3,45.415260688,-34677.99999999954
new-acquisition/20260909-065110-campaign/01-01-mcpwm-mac,mcpwm:mac,3,46.415228187,-34682.248999999385
new-acquisition/20260909-065110-campaign/01-01-mcpwm-mac,mcpwm:mac,3,47.415196687,-34689.56199999696
new-acquisition/20260909-065110-campaign/01-01-mcpwm-mac,mcpwm:mac,3,48.41516625,-34694.93800000123
new-acquisition/20260909-065110-campaign/01-01-mcpwm-mac,mcpwm:mac,3,49.41513475,-34701.249999997686
new-acquisition/20260909-065110-campaign/01-01-mcpwm-mac,mcpwm:mac,3,50.41510325,-34707.18799999872
new-acquisition/20260909-065110-campaign/01-01-mcpwm-mac,mcpwm:mac,3,51.415070812,-34711.43700000567
new-acquisition/20260909-065110-campaign/01-01-mcpwm-mac,mcpwm:mac,3,52.415040312,-34719.312000000005
new-acquisition/20260909-065110-campaign/01-01-mcpwm-mac,mcpwm:mac,3,53.415007813,-34724.56300000459
new-acquisition/20260909-065110-campaign/01-01-mcpwm-mac,mcpwm:mac,3,54.414977375,-34730.81299999592
new-acquisition/20260909-065110-campaign/01-01-mcpwm-mac,mcpwm:mac,3,55.414944875,-34734.81300000003
new-acquisition/20260909-065110-campaign/01-01-mcpwm-mac,mcpwm:mac,3,56.414913375,-34741.93699999972
new-acquisition/20260909-065110-campaign/01-01-mcpwm-mac,mcpwm:mac,3,57.414882875,-34747.75000000108
new-acquisition/20260909-065110-campaign/01-01-mcpwm-mac,mcpwm:mac,3,58.414850438,-34753.75000000014
new-acquisition/20260909-065110-campaign/01-01-mcpwm-mac,mcpwm:mac,3,59.414819937,-34759.56199999786
new-acquisition/20260909-065110-campaign/01-02-mcpwm-tsf,mcpwm:tsf,0,0.286188375,-11.374999999980151
new-acquisition/20260909-065110-campaign/01-02-mcpwm-tsf,mcpwm:tsf,0,1.286199937,-8.74899999980805
new-acquisition/20260909-065110-campaign/01-02-mcpwm-tsf,mcpwm:tsf,0,2.286212438,-2.1249999999639613
new-acquisition/20260909-065110-campaign/01-02-mcpwm-tsf,mcpwm:tsf,0,3.286228,-12.499999999970868
new-acquisition/20260909-065110-campaign/01-02-mcpwm-tsf,mcpwm:tsf,0,4.2862365,-0.8750000004553726
new-acquisition/20260909-065110-campaign/01-02-mcpwm-tsf,mcpwm:tsf,0,5.286241063,-0.25100000033972947
new-acquisition/20260909-065110-campaign/01-02-mcpwm-tsf,mcpwm:tsf,0,6.286262563,-11.624999999959584
new-acquisition/20260909-065110-campaign/01-02-mcpwm-tsf,mcpwm:tsf,0,7.286273125,-10.9999999997612
new-acquisition/20260909-065110-campaign/01-02-mcpwm-tsf,mcpwm:tsf,0,8.286285625,-7.374999999143483
new-acquisition/20260909-065110-campaign/01-02-mcpwm-tsf,mcpwm:tsf,0,9.286297188,0.24999999936881068
new-acquisition/20260909-065110-campaign/01-02-mcpwm-tsf,mcpwm:tsf,0,10.286304687,-6.7489999988623595
new-acquisition/20260909-065110-campaign/01-02-mcpwm-tsf,mcpwm:tsf,0,11.28631725,-5.50000000032469
new-acquisition/20260909-065110-campaign/01-02-mcpwm-tsf,mcpwm:tsf,0,12.28633475,-8.875000000685418
new-acquisition/20260909-065110-campaign/01-02-mcpwm-tsf,mcpwm:tsf,0,13.286351313,-5.251000001038619
new-acquisition/20260909-065110-campaign/01-02-mcpwm-tsf,mcpwm:tsf,0,14.286352875,-2.687000000278772
new-acquisition/20260909-065110-campaign/01-02-mcpwm-tsf,mcpwm:tsf,0,15.286375375,-6.000000000838668
new-acquisition/20260909-065110-campaign/01-02-mcpwm-tsf,mcpwm:tsf,0,16.286404937,-31.43700000052263
new-acquisition/20260909-065110-campaign/01-02-mcpwm-tsf,mcpwm:tsf,0,17.286388438,0.24999999936881068
new-acquisition/20260909-065110-campaign/01-02-mcpwm-tsf,mcpwm:tsf,0,18.286412,-14.187999997972156
new-acquisition/20260909-065110-campaign/01-02-mcpwm-tsf,mcpwm:tsf,0,19.2864205,-13.4999999978902
new-acquisition/20260909-065110-campaign/01-02-mcpwm-tsf,mcpwm:tsf,0,20.286430062,-11.937000000017406
new-acquisition/20260909-065110-campaign/01-02-mcpwm-tsf,mcpwm:tsf,0,21.286437125,-4.187999998350733
new-acquisition/20260909-065110-campaign/01-02-mcpwm-tsf,mcpwm:tsf,0,22.286452125,2.375000001109129
new-acquisition/20260909-065110-campaign/01-02-mcpwm-tsf,mcpwm:tsf,0,23.286471688,-14.06299999828775
new-acquisition/20260909-065110-campaign/01-02-mcpwm-tsf,mcpwm:tsf,0,24.286480188,-10.37599999875738
new-acquisition/20260909-065110-campaign/01-02-mcpwm-tsf,mcpwm:tsf,0,25.28649275,-8.812000000801845
new-acquisition/20260909-065110-campaign/01-02-mcpwm-tsf,mcpwm:tsf,0,26.28650025,-6.124999998746716
new-acquisition/20260909-065110-campaign/01-02-mcpwm-tsf,mcpwm:tsf,0,27.286512812,-5.562000001901879
new-acquisition/20260909-065110-campaign/01-02-mcpwm-tsf,mcpwm:tsf,0,28.286527312,-2.87499999984675
new-acquisition/20260909-065110-campaign/01-02-mcpwm-tsf,mcpwm:tsf,0,29.286607875,-77.31200000193894
new-acquisition/20260909-065110-campaign/01-02-mcpwm-tsf,mcpwm:tsf,0,30.286551375,-12.687999998206578
new-acquisition/20260909-065110-campaign/01-02-mcpwm-tsf,mcpwm:tsf,0,31.286560937,-6.0620000006395
new-acquisition/20260909-065110-campaign/01-02-mcpwm-tsf,mcpwm:tsf,0,32.286566437,-2.4369999991336044
new-acquisition/20260909-065110-campaign/01-02-mcpwm-tsf,mcpwm:tsf,0,33.286592,-16.81300000200281
new-acquisition/20260909-065110-campaign/01-02-mcpwm-tsf,mcpwm:tsf,0,34.2865905,-4.188000005456161
new-acquisition/20260909-065110-campaign/01-02-mcpwm-tsf,mcpwm:tsf,0,35.286611063,-3.5629999999287065
new-acquisition/20260909-065110-campaign/01-02-mcpwm-tsf,mcpwm:tsf,0,36.286626562,-11.93700000357012
new-acquisition/20260909-065110-campaign/01-02-mcpwm-tsf,mcpwm:tsf,0,37.286636063,-10.313000004202877
new-acquisition/20260909-065110-campaign/01-02-mcpwm-tsf,mcpwm:tsf,0,38.286647625,-9.687999998675423
new-acquisition/20260909-065110-campaign/01-02-mcpwm-tsf,mcpwm:tsf,0,39.286652125,-6.063000000722241
new-acquisition/20260909-065110-campaign/01-02-mcpwm-tsf,mcpwm:tsf,0,40.286664688,-0.49999999873762135
new-acquisition/20260909-065110-campaign/01-02-mcpwm-tsf,mcpwm:tsf,0,41.286685187,-75.81200000572608
new-acquisition/20260909-065110-campaign/01-02-mcpwm-tsf,mcpwm:tsf,0,42.286691688,-7.187999997881889
new-acquisition/20260909-065110-campaign/01-02-mcpwm-tsf,mcpwm:tsf,0,43.28670525,-6.624999997484338
new-acquisition/20260909-065110-campaign/01-02-mcpwm-tsf,mcpwm:tsf,0,44.28672375,-5.999999999062311
new-acquisition/20260909-065110-campaign/01-02-mcpwm-tsf,mcpwm:tsf,0,45.28673225,-13.312999996628605
new-acquisition/20260909-065110-campaign/01-02-mcpwm-tsf,mcpwm:tsf,0,46.286745688,-11.625000006176833
new-acquisition/20260909-065110-campaign/01-02-mcpwm-tsf,mcpwm:tsf,0,47.286751313,-4.126000000326258
new-acquisition/20260909-065110-campaign/01-02-mcpwm-tsf,mcpwm:tsf,0,48.286770813,-6.500999994329959
new-acquisition/20260909-065110-campaign/01-02-mcpwm-tsf,mcpwm:tsf,0,49.286770375,1.124999997159648
new-acquisition/20260909-065110-campaign/01-02-mcpwm-tsf,mcpwm:tsf,0,50.286791875,-10.24999999543752
new-acquisition/20260909-065110-campaign/01-02-mcpwm-tsf,mcpwm:tsf,0,51.286790375,-1.6250000030026968
new-acquisition/20260909-065110-campaign/01-02-mcpwm-tsf,mcpwm:tsf,0,52.286847875,-36.00000000147929
new-acquisition/20260909-065110-campaign/01-02-mcpwm-tsf,mcpwm:tsf,0,53.286826375,-7.31199999393084
new-acquisition/20260909-065110-campaign/01-02-mcpwm-tsf,mcpwm:tsf,0,54.286838938,-10.750000001280569
new-acquisition/20260909-065110-campaign/01-02-mcpwm-tsf,mcpwm:tsf,0,55.286849438,-11.125000000333785
new-acquisition/20260909-065110-campaign/01-02-mcpwm-tsf,mcpwm:tsf,0,56.286855937,0.49999999873762135
new-acquisition/20260909-065110-campaign/01-02-mcpwm-tsf,mcpwm:tsf,0,57.2868725,-1.8750000023715074
new-acquisition/20260909-065110-campaign/01-02-mcpwm-tsf,mcpwm:tsf,0,58.286884,-8.250000000487034
new-acquisition/20260909-065110-campaign/01-02-mcpwm-tsf,mcpwm:tsf,0,59.2868985,-11.624999999071406
new-acquisition/20260909-065110-campaign/01-02-mcpwm-tsf,mcpwm:tsf,1,0.286188375,-17.437999999980747
new-acquisition/20260909-065110-campaign/01-02-mcpwm-tsf,mcpwm:tsf,1,1.286199937,-16.49900000000315
new-acquisition/20260909-065110-campaign/01-02-mcpwm-tsf,mcpwm:tsf,1,2.286212438,-7.501000000242897
new-acquisition/20260909-065110-campaign/01-02-mcpwm-tsf,mcpwm:tsf,1,3.286228,-18.56199999972219
new-acquisition/20260909-065110-campaign/01-02-mcpwm-tsf,mcpwm:tsf,1,4.2862365,-13.500000000554735
new-acquisition/20260909-065110-campaign/01-02-mcpwm-tsf,mcpwm:tsf,1,5.286241063,-0.563000000397551
new-acquisition/20260909-065110-campaign/01-02-mcpwm-tsf,mcpwm:tsf,1,6.286262563,-18.56300000024902
new-acquisition/20260909-065110-campaign/01-02-mcpwm-tsf,mcpwm:tsf,1,7.286273125,-7.625000000288651
new-acquisition/20260909-065110-campaign/01-02-mcpwm-tsf,mcpwm:tsf,1,8.286285625,-13.624999999350962
new-acquisition/20260909-065110-campaign/01-02-mcpwm-tsf,mcpwm:tsf,1,9.286297188,-12.625000000099362
new-acquisition/20260909-065110-campaign/01-02-mcpwm-tsf,mcpwm:tsf,1,10.286304687,-9.62399999870911
new-acquisition/20260909-065110-campaign/01-02-mcpwm-tsf,mcpwm:tsf,1,11.28631725,-1.6869999992508156
new-acquisition/20260909-065110-campaign/01-02-mcpwm-tsf,mcpwm:tsf,1,12.28633475,-14.688000000262491
new-acquisition/20260909-065110-campaign/01-02-mcpwm-tsf,mcpwm:tsf,1,13.286351313,-20.75100000098473
new-acquisition/20260909-065110-campaign/01-02-mcpwm-tsf,mcpwm:tsf,1,14.286352875,-13.750000000811724
new-acquisition/20260909-065110-campaign/01-02-mcpwm-tsf,mcpwm:tsf,1,15.286375375,-18.750000000622435
new-acquisition/20260909-065110-campaign/01-02-mcpwm-tsf,mcpwm:tsf,1,16.286404937,182.18800000013857
new-acquisition/20260909-065110-campaign/01-02-mcpwm-tsf,mcpwm:tsf,1,17.286388438,-10.812999999387785
new-acquisition/20260909-065110-campaign/01-02-mcpwm-tsf,mcpwm:tsf,1,18.286412,-8.874999998909061
new-acquisition/20260909-065110-campaign/01-02-mcpwm-tsf,mcpwm:tsf,1,19.2864205,-15.81299999742214
new-acquisition/20260909-065110-campaign/01-02-mcpwm-tsf,mcpwm:tsf,1,20.286430062,-6.875000000405862
new-acquisition/20260909-065110-campaign/01-02-mcpwm-tsf,mcpwm:tsf,1,21.286437125,-13.436999999782984
new-acquisition/20260909-065110-campaign/01-02-mcpwm-tsf,mcpwm:tsf,1,22.286452125,-4.938000000009879
new-acquisition/20260909-065110-campaign/01-02-mcpwm-tsf,mcpwm:tsf,1,23.286471688,-21.93799999972157
new-acquisition/20260909-065110-campaign/01-02-mcpwm-tsf,mcpwm:tsf,1,24.286480188,-5.937999997485122
new-acquisition/20260909-065110-campaign/01-02-mcpwm-tsf,mcpwm:tsf,1,25.28649275,-12.999999999152578
new-acquisition/20260909-065110-campaign/01-02-mcpwm-tsf,mcpwm:tsf,1,26.28650025,-5.999999999062311
new-acquisition/20260909-065110-campaign/01-02-mcpwm-tsf,mcpwm:tsf,1,27.286512812,-18.062000002316836
new-acquisition/20260909-065110-campaign/01-02-mcpwm-tsf,mcpwm:tsf,1,28.286527312,-15.999000002153707
new-acquisition/20260909-065110-campaign/01-02-mcpwm-tsf,mcpwm:tsf,1,29.286607875,-75.06300000059696
new-acquisition/20260909-065110-campaign/01-02-mcpwm-tsf,mcpwm:tsf,1,30.286551375,-19.06199999979208
new-acquisition/20260909-065110-campaign/01-02-mcpwm-tsf,mcpwm:tsf,1,31.286560937,-10.124999999305828
new-acquisition/20260909-065110-campaign/01-02-mcpwm-tsf,mcpwm:tsf,1,32.286566437,-9.123999994642418
new-acquisition/20260909-065110-campaign/01-02-mcpwm-tsf,mcpwm:tsf,1,33.286592,-13.1879999969442
new-acquisition/20260909-065110-campaign/01-02-mcpwm-tsf,mcpwm:tsf,1,34.2865905,-12.187999999468957
new-acquisition/20260909-065110-campaign/01-02-mcpwm-tsf,mcpwm:tsf,1,35.286611063,-13.251000005709557
new-acquisition/20260909-065110-campaign/01-02-mcpwm-tsf,mcpwm:tsf,1,36.286626562,-19.186999999476484
new-acquisition/20260909-065110-campaign/01-02-mcpwm-tsf,mcpwm:tsf,1,37.286636063,-7.188000004987316
new-acquisition/20260909-065110-campaign/01-02-mcpwm-tsf,mcpwm:tsf,1,38.286647625,-17.2499999990805
new-acquisition/20260909-065110-campaign/01-02-mcpwm-tsf,mcpwm:tsf,1,39.286652125,-9.250000005067704
new-acquisition/20260909-065110-campaign/01-02-mcpwm-tsf,mcpwm:tsf,1,40.286664688,2.686999998502415
new-acquisition/20260909-065110-campaign/01-02-mcpwm-tsf,mcpwm:tsf,1,41.286685187,-16.31200000673516
new-acquisition/20260909-065110-campaign/01-02-mcpwm-tsf,mcpwm:tsf,1,42.286691688,-3.313000000559896
new-acquisition/20260909-065110-campaign/01-02-mcpwm-tsf,mcpwm:tsf,1,43.28670525,-16.374999994184236
new-acquisition/20260909-065110-campaign/01-02-mcpwm-tsf,mcpwm:tsf,1,44.28672375,-16.375000001289663
new-acquisition/20260909-065110-campaign/01-02-mcpwm-tsf,mcpwm:tsf,1,45.28673225,-15.374999996708993
new-acquisition/20260909-065110-campaign/01-02-mcpwm-tsf,mcpwm:tsf,1,46.286745688,-7.313000004671721
new-acquisition/20260909-065110-campaign/01-02-mcpwm-tsf,mcpwm:tsf,1,47.286751313,-16.438000002949593
new-acquisition/20260909-065110-campaign/01-02-mcpwm-tsf,mcpwm:tsf,1,48.286770813,-16.437999995844166
new-acquisition/20260909-065110-campaign/01-02-mcpwm-tsf,mcpwm:tsf,1,49.286770375,-12.50000000396767
new-acquisition/20260909-065110-campaign/01-02-mcpwm-tsf,mcpwm:tsf,1,50.286791875,-8.499999999855845
new-acquisition/20260909-065110-campaign/01-02-mcpwm-tsf,mcpwm:tsf,1,51.286790375,-8.499999999855845
new-acquisition/20260909-065110-campaign/01-02-mcpwm-tsf,mcpwm:tsf,1,52.286847875,-51.49999999787269
new-acquisition/20260909-065110-campaign/01-02-mcpwm-tsf,mcpwm:tsf,1,53.286826375,-8.499999999855845
new-acquisition/20260909-065110-campaign/01-02-mcpwm-tsf,mcpwm:tsf,1,54.286838938,-13.626000004762773
new-acquisition/20260909-065110-campaign/01-02-mcpwm-tsf,mcpwm:tsf,1,55.286849438,-13.624999994021891
new-acquisition/20260909-065110-campaign/01-02-mcpwm-tsf,mcpwm:tsf,1,56.286855937,-12.624999996546649
new-acquisition/20260909-065110-campaign/01-02-mcpwm-tsf,mcpwm:tsf,1,57.2868725,-12.687999998206578
new-acquisition/20260909-065110-campaign/01-02-mcpwm-tsf,mcpwm:tsf,1,58.286884,-15.687999997737734
new-acquisition/20260909-065110-campaign/01-02-mcpwm-tsf,mcpwm:tsf,1,59.2868985,-7.68799999661951
new-acquisition/20260909-065110-campaign/01-02-mcpwm-tsf,mcpwm:tsf,3,0.286188375,-19.12500000000872
new-acquisition/20260909-065110-campaign/01-02-mcpwm-tsf,mcpwm:tsf,3,1.286199937,-9.998999999982772
new-acquisition/20260909-065110-campaign/01-02-mcpwm-tsf,mcpwm:tsf,3,2.286212438,-19.751000000400865
new-acquisition/20260909-065110-campaign/01-02-mcpwm-tsf,mcpwm:tsf,3,3.286228,-14.624999999934829
new-acquisition/20260909-065110-campaign/01-02-mcpwm-tsf,mcpwm:tsf,3,4.2862365,-9.000000000369823
new-acquisition/20260909-065110-campaign/01-02-mcpwm-tsf,mcpwm:tsf,3,5.286241063,-12.250000000157968
new-acquisition/20260909-065110-campaign/01-02-mcpwm-tsf,mcpwm:tsf,3,6.286262563,-18.06300000062322
new-acquisition/20260909-065110-campaign/01-02-mcpwm-tsf,mcpwm:tsf,3,7.286273125,-16.936999999828117
new-acquisition/20260909-065110-campaign/01-02-mcpwm-tsf,mcpwm:tsf,3,8.286285625,-6.499999999576289
new-acquisition/20260909-065110-campaign/01-02-mcpwm-tsf,mcpwm:tsf,3,9.286297188,-16.56300000085764
new-acquisition/20260909-065110-campaign/01-02-mcpwm-tsf,mcpwm:tsf,3,10.286304687,-12.373999998871454
new-acquisition/20260909-065110-campaign/01-02-mcpwm-tsf,mcpwm:tsf,3,11.28631725,-14.186999999665773
new-acquisition/20260909-065110-campaign/01-02-mcpwm-tsf,mcpwm:tsf,3,12.28633475,-7.000000000090267
new-acquisition/20260909-065110-campaign/01-02-mcpwm-tsf,mcpwm:tsf,3,13.286351313,-20.813000000785564
new-acquisition/20260909-065110-campaign/01-02-mcpwm-tsf,mcpwm:tsf,3,14.286352875,47.31199999952196
new-acquisition/20260909-065110-campaign/01-02-mcpwm-tsf,mcpwm:tsf,3,15.286375375,-24.500000000315936
new-acquisition/20260909-065110-campaign/01-02-mcpwm-tsf,mcpwm:tsf,3,16.286404937,-39.31200000195645
new-acquisition/20260909-065110-campaign/01-02-mcpwm-tsf,mcpwm:tsf,3,17.286388438,-8.125000000802629
new-acquisition/20260909-065110-campaign/01-02-mcpwm-tsf,mcpwm:tsf,3,18.286412,-18.99999999821489
new-acquisition/20260909-065110-campaign/01-02-mcpwm-tsf,mcpwm:tsf,3,19.2864205,-12.749999999783768
new-acquisition/20260909-065110-campaign/01-02-mcpwm-tsf,mcpwm:tsf,3,20.286430062,-13.624000001044578
new-acquisition/20260909-065110-campaign/01-02-mcpwm-tsf,mcpwm:tsf,3,21.286437125,-9.999999999621423
new-acquisition/20260909-065110-campaign/01-02-mcpwm-tsf,mcpwm:tsf,3,22.286452125,-15.250000000577302
new-acquisition/20260909-065110-campaign/01-02-mcpwm-tsf,mcpwm:tsf,3,23.286471688,-20.12499999892725
new-acquisition/20260909-065110-campaign/01-02-mcpwm-tsf,mcpwm:tsf,3,24.286480188,-19.87499999955844
new-acquisition/20260909-065110-campaign/01-02-mcpwm-tsf,mcpwm:tsf,3,25.28649275,-13.750000000811724
new-acquisition/20260909-065110-campaign/01-02-mcpwm-tsf,mcpwm:tsf,3,26.28650025,-15.562999998053328
new-acquisition/20260909-065110-campaign/01-02-mcpwm-tsf,mcpwm:tsf,3,27.286512812,-15.375000000261707
new-acquisition/20260909-065110-campaign/01-02-mcpwm-tsf,mcpwm:tsf,3,28.286527312,-15.186999998917372
new-acquisition/20260909-065110-campaign/01-02-mcpwm-tsf,mcpwm:tsf,3,29.286607875,-83.06200000163244
new-acquisition/20260909-065110-campaign/01-02-mcpwm-tsf,mcpwm:tsf,3,30.286551375,-16.811999998367355
new-acquisition/20260909-065110-campaign/01-02-mcpwm-tsf,mcpwm:tsf,3,31.286560937,-10.686999999620639
new-acquisition/20260909-065110-campaign/01-02-mcpwm-tsf,mcpwm:tsf,3,32.286566437,-5.50000000032469
new-acquisition/20260909-065110-campaign/01-02-mcpwm-tsf,mcpwm:tsf,3,33.286592,-14.313000001209275
new-acquisition/20260909-065110-campaign/01-02-mcpwm-tsf,mcpwm:tsf,3,34.2865905,-8.125000000802629
new-acquisition/20260909-065110-campaign/01-02-mcpwm-tsf,mcpwm:tsf,3,35.286611063,-19.999999999242846
new-acquisition/20260909-065110-campaign/01-02-mcpwm-tsf,mcpwm:tsf,3,36.286626562,-19.812000005003938
new-acquisition/20260909-065110-campaign/01-02-mcpwm-tsf,mcpwm:tsf,3,38.286647625,-18.43799999790008
new-acquisition/20260909-065110-campaign/01-02-mcpwm-tsf,mcpwm:tsf,3,39.286652125,-14.250000006654773
new-acquisition/20260909-065110-campaign/01-02-mcpwm-tsf,mcpwm:tsf,3,40.286664688,-12.125000004914455
new-acquisition/20260909-065110-campaign/01-02-mcpwm-tsf,mcpwm:tsf,3,41.286685187,-7.937000006563721
new-acquisition/20260909-065110-campaign/01-02-mcpwm-tsf,mcpwm:tsf,3,42.286691688,-13.687999995681821
new-acquisition/20260909-065110-campaign/01-02-mcpwm-tsf,mcpwm:tsf,3,43.28670525,-6.562999999459862
new-acquisition/20260909-065110-campaign/01-02-mcpwm-tsf,mcpwm:tsf,3,44.28672375,-25.37499999988313
new-acquisition/20260909-065110-campaign/01-02-mcpwm-tsf,mcpwm:tsf,3,45.28673225,-7.187999997881889
new-acquisition/20260909-065110-campaign/01-02-mcpwm-tsf,mcpwm:tsf,3,46.286745688,-18.938000003743127
new-acquisition/20260909-065110-campaign/01-02-mcpwm-tsf,mcpwm:tsf,3,47.286751313,-16.81300000200281
new-acquisition/20260909-065110-campaign/01-02-mcpwm-tsf,mcpwm:tsf,3,48.286770813,-18.625999999244414
new-acquisition/20260909-065110-campaign/01-02-mcpwm-tsf,mcpwm:tsf,3,49.286770375,-9.500000004436515
new-acquisition/20260909-065110-campaign/01-02-mcpwm-tsf,mcpwm:tsf,3,50.286791875,-16.31299999615976
new-acquisition/20260909-065110-campaign/01-02-mcpwm-tsf,mcpwm:tsf,3,51.286790375,-8.125000000802629
new-acquisition/20260909-065110-campaign/01-02-mcpwm-tsf,mcpwm:tsf,3,52.286847875,-44.938000002048284
new-acquisition/20260909-065110-campaign/01-02-mcpwm-tsf,mcpwm:tsf,3,53.286826375,-18.686999993633435
new-acquisition/20260909-065110-campaign/01-02-mcpwm-tsf,mcpwm:tsf,3,54.286838938,-7.563000004040532
new-acquisition/20260909-065110-campaign/01-02-mcpwm-tsf,mcpwm:tsf,3,55.286849438,-15.376000000344447
new-acquisition/20260909-065110-campaign/01-02-mcpwm-tsf,mcpwm:tsf,3,56.286855937,-9.186999996302347
new-acquisition/20260909-065110-campaign/01-02-mcpwm-tsf,mcpwm:tsf,3,57.2868725,-18.062999998846863
new-acquisition/20260909-065110-campaign/01-02-mcpwm-tsf,mcpwm:tsf,3,58.286884,-11.874999998440217
new-acquisition/20260909-065110-campaign/01-02-mcpwm-tsf,mcpwm:tsf,3,59.2868985,-17.686999996158193
new-acquisition/20260909-065110-campaign/01-03-mcpwm-frozen,mcpwm:frozen,0,0.176018125,-0.31200000000231043
new-acquisition/20260909-065110-campaign/01-03-mcpwm-frozen,mcpwm:frozen,0,1.175986688,-0.7509999999655292
new-acquisition/20260909-065110-campaign/01-03-mcpwm-frozen,mcpwm:frozen,0,2.175955188,-0.12600000021123492
new-acquisition/20260909-065110-campaign/01-03-mcpwm-frozen,mcpwm:frozen,0,3.175922687,0.5629999999534618
new-acquisition/20260909-065110-campaign/01-03-mcpwm-frozen,mcpwm:frozen,0,4.17589225,-0.8750000004553726
new-acquisition/20260909-065110-campaign/01-03-mcpwm-frozen,mcpwm:frozen,0,5.17585975,0.8120000005717998
new-acquisition/20260909-065110-campaign/01-03-mcpwm-frozen,mcpwm:frozen,0,6.17582825,0.4379999998249673
new-acquisition/20260909-065110-campaign/01-03-mcpwm-frozen,mcpwm:frozen,0,7.175797812,0.06299999988357285
new-acquisition/20260909-065110-campaign/01-03-mcpwm-frozen,mcpwm:frozen,0,8.175766313,-0.31300000102874037
new-acquisition/20260909-065110-campaign/01-03-mcpwm-frozen,mcpwm:frozen,0,9.175734813,-0.6260000002811239
new-acquisition/20260909-065110-campaign/01-03-mcpwm-frozen,mcpwm:frozen,0,10.175702375,0.9369999993680267
new-acquisition/20260909-065110-campaign/01-03-mcpwm-frozen,mcpwm:frozen,0,11.175671875,-0.37500000082957285
new-acquisition/20260909-065110-campaign/01-03-mcpwm-frozen,mcpwm:frozen,0,12.175640438,-0.8129999997663617
new-acquisition/20260909-065110-campaign/01-03-mcpwm-frozen,mcpwm:frozen,0,13.175608937,-0.12399999960166497
new-acquisition/20260909-065110-campaign/01-03-mcpwm-frozen,mcpwm:frozen,0,14.1755775,-0.06299999988357285
new-acquisition/20260909-065110-campaign/01-03-mcpwm-frozen,mcpwm:frozen,0,15.175546,-0.875000001343551
new-acquisition/20260909-065110-campaign/01-03-mcpwm-frozen,mcpwm:frozen,0,16.1755145,-0.18799999779162135
new-acquisition/20260909-065110-campaign/01-03-mcpwm-frozen,mcpwm:frozen,0,17.175482062,0.4380000007131457
new-acquisition/20260909-065110-campaign/01-03-mcpwm-frozen,mcpwm:frozen,0,18.175451563,0.06200000157718932
new-acquisition/20260909-065110-campaign/01-03-mcpwm-frozen,mcpwm:frozen,0,19.175420125,-0.3129999974760267
new-acquisition/20260909-065110-campaign/01-03-mcpwm-frozen,mcpwm:frozen,0,20.175388625,-0.6249999984220267
new-acquisition/20260909-065110-campaign/01-03-mcpwm-frozen,mcpwm:frozen,0,21.175357125,-0.06200000157718932
new-acquisition/20260909-065110-campaign/01-03-mcpwm-frozen,mcpwm:frozen,0,22.175325687,-0.3740000025231893
new-acquisition/20260909-065110-campaign/01-03-mcpwm-frozen,mcpwm:frozen,0,23.175294188,-0.6880000000819564
new-acquisition/20260909-065110-campaign/01-03-mcpwm-frozen,mcpwm:frozen,0,24.175262687,-0.06200000157718932
new-acquisition/20260909-065110-campaign/01-03-mcpwm-frozen,mcpwm:frozen,0,25.17523125,-0.43700000063040534
new-acquisition/20260909-065110-campaign/01-03-mcpwm-frozen,mcpwm:frozen,0,26.17519975,0.24999999936881068
new-acquisition/20260909-065110-campaign/01-03-mcpwm-frozen,mcpwm:frozen,0,27.17516825,-0.12499999968440534
new-acquisition/20260909-065110-campaign/01-03-mcpwm-frozen,mcpwm:frozen,0,28.175136812,-0.49900000220759466
new-acquisition/20260909-065110-campaign/01-03-mcpwm-frozen,mcpwm:frozen,0,29.175104313,1.1250000007123617
new-acquisition/20260909-065110-campaign/01-03-mcpwm-frozen,mcpwm:frozen,0,30.175073812,-0.18700000126159466
new-acquisition/20260909-065110-campaign/01-03-mcpwm-frozen,mcpwm:frozen,0,31.175042313,-0.563000000397551
new-acquisition/20260909-065110-campaign/01-03-mcpwm-frozen,mcpwm:frozen,0,32.17501025,1.0620000026051457
new-acquisition/20260909-065110-campaign/01-03-mcpwm-frozen,mcpwm:frozen,0,33.174978375,0.6880000000819564
new-acquisition/20260909-065110-campaign/01-03-mcpwm-frozen,mcpwm:frozen,0,34.174946875,1.3749999965284587
new-acquisition/20260909-065110-campaign/01-03-mcpwm-frozen,mcpwm:frozen,0,35.174915375,1.00000000458067
new-acquisition/20260909-065110-campaign/01-03-mcpwm-frozen,mcpwm:frozen,0,36.174884875,-0.312999993923313
new-acquisition/20260909-065110-campaign/01-03-mcpwm-frozen,mcpwm:frozen,0,37.174853375,0.3120000044987137
new-acquisition/20260909-065110-campaign/01-03-mcpwm-frozen,mcpwm:frozen,0,38.174821875,0.0
new-acquisition/20260909-065110-campaign/01-03-mcpwm-frozen,mcpwm:frozen,0,39.174790375,-0.374999999053216
new-acquisition/20260909-065110-campaign/01-03-mcpwm-frozen,mcpwm:frozen,0,40.174758938,0.18700000481430834
new-acquisition/20260909-065110-campaign/01-03-mcpwm-frozen,mcpwm:frozen,0,41.174727438,-0.12499999968440534
new-acquisition/20260909-065110-campaign/01-03-mcpwm-frozen,mcpwm:frozen,0,42.17469575,0.6880000000819564
new-acquisition/20260909-065110-campaign/01-03-mcpwm-frozen,mcpwm:frozen,0,43.174663438,1.1869999951841237
new-acquisition/20260909-065110-campaign/01-03-mcpwm-frozen,mcpwm:frozen,0,44.174631938,0.812000003236335
new-acquisition/20260909-065110-campaign/01-03-mcpwm-frozen,mcpwm:frozen,0,45.174600437,1.4379999981883884
new-acquisition/20260909-065110-campaign/01-03-mcpwm-frozen,mcpwm:frozen,0,46.174569938,-0.8759999943208641
new-acquisition/20260909-065110-campaign/01-03-mcpwm-frozen,mcpwm:frozen,0,47.174538437,-1.2490000003140267
new-acquisition/20260909-065110-campaign/01-03-mcpwm-frozen,mcpwm:frozen,0,48.174505938,1.373999999998432
new-acquisition/20260909-065110-campaign/01-03-mcpwm-frozen,mcpwm:frozen,0,49.174475437,0.0630000016599297
new-acquisition/20260909-065110-campaign/01-03-mcpwm-frozen,mcpwm:frozen,0,50.174442937,1.687999997557199
new-acquisition/20260909-065110-campaign/01-03-mcpwm-frozen,mcpwm:frozen,0,51.174412375,0.374999999053216
new-acquisition/20260909-065110-campaign/01-03-mcpwm-frozen,mcpwm:frozen,0,52.174380875,0.062000005129903
new-acquisition/20260909-065110-campaign/01-03-mcpwm-frozen,mcpwm:frozen,0,53.174348375,1.6870000010271724
new-acquisition/20260909-065110-campaign/01-03-mcpwm-frozen,mcpwm:frozen,0,54.174317875,0.3119999973932863
new-acquisition/20260909-065110-campaign/01-03-mcpwm-frozen,mcpwm:frozen,0,55.174285375,1.00000000458067
new-acquisition/20260909-065110-campaign/01-03-mcpwm-frozen,mcpwm:frozen,0,56.174254875,0.6249999984220267
new-acquisition/20260909-065110-campaign/01-03-mcpwm-frozen,mcpwm:frozen,0,57.174223375,0.25000000647423803
new-acquisition/20260909-065110-campaign/01-03-mcpwm-frozen,mcpwm:frozen,0,58.174190813,1.937000000395983
new-acquisition/20260909-065110-campaign/01-03-mcpwm-frozen,mcpwm:frozen,0,59.174160312,0.625000005527454
new-acquisition/20260909-065110-campaign/01-03-mcpwm-frozen,mcpwm:frozen,1,0.176018125,0.2500000000071889
new-acquisition/20260909-065110-campaign/01-03-mcpwm-frozen,mcpwm:frozen,1,1.175986688,0.18699999992932703
new-acquisition/20260909-065110-campaign/01-03-mcpwm-frozen,mcpwm:frozen,1,2.175955188,0.12499999968440534
new-acquisition/20260909-065110-campaign/01-03-mcpwm-frozen,mcpwm:frozen,1,3.175922687,1.1880000001518454
new-acquisition/20260909-065110-campaign/01-03-mcpwm-frozen,mcpwm:frozen,1,4.17589225,-0.8750000004553726
new-acquisition/20260909-065110-campaign/01-03-mcpwm-frozen,mcpwm:frozen,1,5.17585975,0.061999999800832484
new-acquisition/20260909-065110-campaign/01-03-mcpwm-frozen,mcpwm:frozen,1,6.17582825,0.12499999968440534
new-acquisition/20260909-065110-campaign/01-03-mcpwm-frozen,mcpwm:frozen,1,7.175797812,0.06299999988357285
new-acquisition/20260909-065110-campaign/01-03-mcpwm-frozen,mcpwm:frozen,1,8.175766313,-0.9380000012271239
new-acquisition/20260909-065110-campaign/01-03-mcpwm-frozen,mcpwm:frozen,1,9.175734813,-0.9379999994507671
new-acquisition/20260909-065110-campaign/01-03-mcpwm-frozen,mcpwm:frozen,1,10.175702375,0.0
new-acquisition/20260909-065110-campaign/01-03-mcpwm-frozen,mcpwm:frozen,1,11.175671875,-1.0000000010279564
new-acquisition/20260909-065110-campaign/01-03-mcpwm-frozen,mcpwm:frozen,1,12.175640438,-0.06299999988357285
new-acquisition/20260909-065110-campaign/01-03-mcpwm-frozen,mcpwm:frozen,1,13.175608937,-0.9989999991688592
new-acquisition/20260909-065110-campaign/01-03-mcpwm-frozen,mcpwm:frozen,1,14.1755775,-0.06299999988357285
new-acquisition/20260909-065110-campaign/01-03-mcpwm-frozen,mcpwm:frozen,1,15.175546,-0.061999999800832484
new-acquisition/20260909-065110-campaign/01-03-mcpwm-frozen,mcpwm:frozen,1,16.1755145,-1.061999999052432
new-acquisition/20260909-065110-campaign/01-03-mcpwm-frozen,mcpwm:frozen,1,17.175482062,-0.12499999968440534
new-acquisition/20260909-065110-campaign/01-03-mcpwm-frozen,mcpwm:frozen,1,18.175451563,-1.1250000007123617
new-acquisition/20260909-065110-campaign/01-03-mcpwm-frozen,mcpwm:frozen,1,19.175420125,-0.18799999779162135
new-acquisition/20260909-065110-campaign/01-03-mcpwm-frozen,mcpwm:frozen,1,20.175388625,-0.12499999968440534
new-acquisition/20260909-065110-campaign/01-03-mcpwm-frozen,mcpwm:frozen,1,21.175357125,-0.563000000397551
new-acquisition/20260909-065110-campaign/01-03-mcpwm-frozen,mcpwm:frozen,1,22.175325687,-1.187000002289551
new-acquisition/20260909-065110-campaign/01-03-mcpwm-frozen,mcpwm:frozen,1,23.175294188,-1.1879999988195777
new-acquisition/20260909-065110-campaign/01-03-mcpwm-frozen,mcpwm:frozen,1,24.175262687,-0.18700000126159466
new-acquisition/20260909-065110-campaign/01-03-mcpwm-frozen,mcpwm:frozen,1,25.17523125,-0.24999999936881068
new-acquisition/20260909-065110-campaign/01-03-mcpwm-frozen,mcpwm:frozen,1,26.17519975,-1.250000000396767
new-acquisition/20260909-065110-campaign/01-03-mcpwm-frozen,mcpwm:frozen,1,28.175136812,-0.312000000946
new-acquisition/20260909-065110-campaign/01-03-mcpwm-frozen,mcpwm:frozen,1,29.175104313,-0.3129999974760267
new-acquisition/20260909-065110-campaign/01-03-mcpwm-frozen,mcpwm:frozen,1,30.175073812,-1.3120000019739564
new-acquisition/20260909-065110-campaign/01-03-mcpwm-frozen,mcpwm:frozen,1,31.175042313,-1.250000000396767
new-acquisition/20260909-065110-campaign/01-03-mcpwm-frozen,mcpwm:frozen,1,32.17501025,-0.6869999964465023
new-acquisition/20260909-065110-campaign/01-03-mcpwm-frozen,mcpwm:frozen,1,33.174978375,-0.3120000044987137
new-acquisition/20260909-065110-campaign/01-03-mcpwm-frozen,mcpwm:frozen,1,34.174946875,-0.31300000102874037
new-acquisition/20260909-065110-campaign/01-03-mcpwm-frozen,mcpwm:frozen,1,35.174915375,-0.31300000102874037
new-acquisition/20260909-065110-campaign/01-03-mcpwm-frozen,mcpwm:frozen,1,36.174884875,-1.312999998503983
new-acquisition/20260909-065110-campaign/01-03-mcpwm-frozen,mcpwm:frozen,1,37.174853375,-0.31300000102874037
new-acquisition/20260909-065110-campaign/01-03-mcpwm-frozen,mcpwm:frozen,1,38.174821875,-1.3120000019739564
new-acquisition/20260909-065110-campaign/01-03-mcpwm-frozen,mcpwm:frozen,1,39.174790375,-1.312999998503983
new-acquisition/20260909-065110-campaign/01-03-mcpwm-frozen,mcpwm:frozen,1,40.174758938,-0.43799999360771835
new-acquisition/20260909-065110-campaign/01-03-mcpwm-frozen,mcpwm:frozen,1,41.174727438,-0.4380000007131457
new-acquisition/20260909-065110-campaign/01-03-mcpwm-frozen,mcpwm:frozen,1,42.17469575,-0.24999999936881068
new-acquisition/20260909-065110-campaign/01-03-mcpwm-frozen,mcpwm:frozen,1,43.174663438,0.561999996762097
new-acquisition/20260909-065110-campaign/01-03-mcpwm-frozen,mcpwm:frozen,1,44.174631938,-0.4380000007131457
new-acquisition/20260909-065110-campaign/01-03-mcpwm-frozen,mcpwm:frozen,1,45.174600437,1.5629999978727938
new-acquisition/20260909-065110-campaign/01-03-mcpwm-frozen,mcpwm:frozen,1,46.174569938,0.5620000038675244
new-acquisition/20260909-065110-campaign/01-03-mcpwm-frozen,mcpwm:frozen,1,47.174538437,0.563000000397551
new-acquisition/20260909-065110-campaign/01-03-mcpwm-frozen,mcpwm:frozen,1,48.174505938,1.5619999942373397
new-acquisition/20260909-065110-campaign/01-03-mcpwm-frozen,mcpwm:frozen,1,49.174475437,0.49999999873762135
new-acquisition/20260909-065110-campaign/01-03-mcpwm-frozen,mcpwm:frozen,1,50.174442937,1.5009999998483181
new-acquisition/20260909-065110-campaign/01-03-mcpwm-frozen,mcpwm:frozen,1,51.174412375,0.563000000397551
new-acquisition/20260909-065110-campaign/01-03-mcpwm-frozen,mcpwm:frozen,1,52.174380875,0.563000000397551
new-acquisition/20260909-065110-campaign/01-03-mcpwm-frozen,mcpwm:frozen,1,53.174348375,1.562000001342767
new-acquisition/20260909-065110-campaign/01-03-mcpwm-frozen,mcpwm:frozen,1,54.174317875,0.561999996762097
new-acquisition/20260909-065110-campaign/01-03-mcpwm-frozen,mcpwm:frozen,1,55.174285375,1.5000000033182914
new-acquisition/20260909-065110-campaign/01-03-mcpwm-frozen,mcpwm:frozen,1,56.174254875,0.49999999873762135
new-acquisition/20260909-065110-campaign/01-03-mcpwm-frozen,mcpwm:frozen,1,57.174223375,0.5000000058430487
new-acquisition/20260909-065110-campaign/01-03-mcpwm-frozen,mcpwm:frozen,1,58.174190813,0.561999996762097
new-acquisition/20260909-065110-campaign/01-03-mcpwm-frozen,mcpwm:frozen,1,59.174160312,0.563000000397551
new-acquisition/20260909-065110-campaign/01-03-mcpwm-frozen,mcpwm:frozen,3,0.176018125,0.6879999999986897
new-acquisition/20260909-065110-campaign/01-03-mcpwm-frozen,mcpwm:frozen,3,1.175986688,-0.1880000000120674
new-acquisition/20260909-065110-campaign/01-03-mcpwm-frozen,mcpwm:frozen,3,2.175955188,0.0
new-acquisition/20260909-065110-campaign/01-03-mcpwm-frozen,mcpwm:frozen,3,3.175922687,0.25099999989564026
new-acquisition/20260909-065110-campaign/01-03-mcpwm-frozen,mcpwm:frozen,3,4.17589225,0.37499999994139444
new-acquisition/20260909-065110-campaign/01-03-mcpwm-frozen,mcpwm:frozen,3,5.17585975,1.563000000537329
new-acquisition/20260909-065110-campaign/01-03-mcpwm-frozen,mcpwm:frozen,3,6.17582825,-0.2500000002569891
new-acquisition/20260909-065110-campaign/01-03-mcpwm-frozen,mcpwm:frozen,3,7.175797812,-1.0619999999406105
new-acquisition/20260909-065110-campaign/01-03-mcpwm-frozen,mcpwm:frozen,3,8.175766313,0.12499999968440534
new-acquisition/20260909-065110-campaign/01-03-mcpwm-frozen,mcpwm:frozen,3,9.175734813,-0.6880000000819564
new-acquisition/20260909-065110-campaign/01-03-mcpwm-frozen,mcpwm:frozen,3,10.175702375,0.43799999893678887
new-acquisition/20260909-065110-campaign/01-03-mcpwm-frozen,mcpwm:frozen,3,11.175671875,0.6879999983055995
new-acquisition/20260909-065110-campaign/01-03-mcpwm-frozen,mcpwm:frozen,3,12.175640438,-1.1880000005959346
new-acquisition/20260909-065110-campaign/01-03-mcpwm-frozen,mcpwm:frozen,3,13.175608937,0.0
new-acquisition/20260909-065110-campaign/01-03-mcpwm-frozen,mcpwm:frozen,3,14.1755775,0.18800000134433503
new-acquisition/20260909-065110-campaign/01-03-mcpwm-frozen,mcpwm:frozen,3,15.175546,-0.6250000001983835
new-acquisition/20260909-065110-campaign/01-03-mcpwm-frozen,mcpwm:frozen,3,16.1755145,0.563000000397551
new-acquisition/20260909-065110-campaign/01-03-mcpwm-frozen,mcpwm:frozen,3,17.175482062,0.7509999981891724
new-acquisition/20260909-065110-campaign/01-03-mcpwm-frozen,mcpwm:frozen,3,18.175451563,-0.06299999810721602
new-acquisition/20260909-065110-campaign/01-03-mcpwm-frozen,mcpwm:frozen,3,19.175420125,-0.9369999993680267
new-acquisition/20260909-065110-campaign/01-03-mcpwm-frozen,mcpwm:frozen,3,20.175388625,0.312000000946
new-acquisition/20260909-065110-campaign/01-03-mcpwm-frozen,mcpwm:frozen,3,21.175357125,-0.500000002290335
new-acquisition/20260909-065110-campaign/01-03-mcpwm-frozen,mcpwm:frozen,3,22.175325687,0.6259999985047671
new-acquisition/20260909-065110-campaign/01-03-mcpwm-frozen,mcpwm:frozen,3,23.175294188,-1.1879999988195777
new-acquisition/20260909-065110-campaign/01-03-mcpwm-frozen,mcpwm:frozen,3,24.175262687,0.0630000016599297
new-acquisition/20260909-065110-campaign/01-03-mcpwm-frozen,mcpwm:frozen,3,25.17523125,-0.8119999996836214
new-acquisition/20260909-065110-campaign/01-03-mcpwm-frozen,mcpwm:frozen,3,26.17519975,-0.6250000019747404
new-acquisition/20260909-065110-campaign/01-03-mcpwm-frozen,mcpwm:frozen,3,27.17516825,-0.43799999716043203
new-acquisition/20260909-065110-campaign/01-03-mcpwm-frozen,mcpwm:frozen,3,28.175136812,-0.312000000946
new-acquisition/20260909-065110-campaign/01-03-mcpwm-frozen,mcpwm:frozen,3,29.175104313,0.875000001343551
new-acquisition/20260909-065110-campaign/01-03-mcpwm-frozen,mcpwm:frozen,3,30.175073812,-0.8740000012608107
new-acquisition/20260909-065110-campaign/01-03-mcpwm-frozen,mcpwm:frozen,3,31.175042313,-0.7509999981891724
new-acquisition/20260909-065110-campaign/01-03-mcpwm-frozen,mcpwm:frozen,3,32.17501025,0.061999998024475644
new-acquisition/20260909-065110-campaign/01-03-mcpwm-frozen,mcpwm:frozen,3,33.174978375,1.6249999958972694
new-acquisition/20260909-065110-campaign/01-03-mcpwm-frozen,mcpwm:frozen,3,34.174946875,-0.18800000134433503
new-acquisition/20260909-065110-campaign/01-03-mcpwm-frozen,mcpwm:frozen,3,35.174915375,0.0
new-acquisition/20260909-065110-campaign/01-03-mcpwm-frozen,mcpwm:frozen,3,36.174884875,0.18800000134433503
new-acquisition/20260909-065110-campaign/01-03-mcpwm-frozen,mcpwm:frozen,3,37.174853375,0.24999999936881068
new-acquisition/20260909-065110-campaign/01-03-mcpwm-frozen,mcpwm:frozen,3,38.174821875,0.5620000038675244
new-acquisition/20260909-065110-campaign/01-03-mcpwm-frozen,mcpwm:frozen,3,39.174790375,-1.2500000039494807
new-acquisition/20260909-065110-campaign/01-03-mcpwm-frozen,mcpwm:frozen,3,40.174758938,-1.1259999936896747
new-acquisition/20260909-065110-campaign/01-03-mcpwm-frozen,mcpwm:frozen,3,41.174727438,-0.9379999994507671
new-acquisition/20260909-065110-campaign/01-03-mcpwm-frozen,mcpwm:frozen,3,42.17469575,0.437000004183119
new-acquisition/20260909-065110-campaign/01-03-mcpwm-frozen,mcpwm:frozen,3,43.174663438,0.43699999707769166
new-acquisition/20260909-065110-campaign/01-03-mcpwm-frozen,mcpwm:frozen,3,44.174631938,1.6239999993672427
new-acquisition/20260909-065110-campaign/01-03-mcpwm-frozen,mcpwm:frozen,3,45.174600437,-0.18700000481430834
new-acquisition/20260909-065110-campaign/01-03-mcpwm-frozen,mcpwm:frozen,3,46.174569938,0.0
new-acquisition/20260909-065110-campaign/01-03-mcpwm-frozen,mcpwm:frozen,3,47.174538437,-0.812000003236335
new-acquisition/20260909-065110-campaign/01-03-mcpwm-frozen,mcpwm:frozen,3,48.174505938,1.311999994868529
new-acquisition/20260909-065110-campaign/01-03-mcpwm-frozen,mcpwm:frozen,3,49.174475437,0.49999999873762135
new-acquisition/20260909-065110-campaign/01-03-mcpwm-frozen,mcpwm:frozen,3,50.174442937,-0.3120000044987137
new-acquisition/20260909-065110-campaign/01-03-mcpwm-frozen,mcpwm:frozen,3,51.174412375,-0.062000005129903
new-acquisition/20260909-065110-campaign/01-03-mcpwm-frozen,mcpwm:frozen,3,52.174380875,-0.8749999977908374
new-acquisition/20260909-065110-campaign/01-03-mcpwm-frozen,mcpwm:frozen,3,53.174348375,0.31300000102874037
new-acquisition/20260909-065110-campaign/01-03-mcpwm-frozen,mcpwm:frozen,3,54.174317875,0.43699999707769166
new-acquisition/20260909-065110-campaign/01-03-mcpwm-frozen,mcpwm:frozen,3,55.174285375,0.625000005527454
new-acquisition/20260909-065110-campaign/01-03-mcpwm-frozen,mcpwm:frozen,3,56.174254875,-1.188000005925005
new-acquisition/20260909-065110-campaign/01-03-mcpwm-frozen,mcpwm:frozen,3,57.174223375,-0.9999999974752427
new-acquisition/20260909-065110-campaign/01-03-mcpwm-frozen,mcpwm:frozen,3,58.174190813,1.1869999951841237
new-acquisition/20260909-065110-campaign/01-03-mcpwm-frozen,mcpwm:frozen,3,59.174160312,0.374999999053216
new-acquisition/20260909-070546-campaign/00-00-mcpwm-ftm,mcpwm:ftm,0,0.4033855,0.8129999999884063
new-acquisition/20260909-070546-campaign/00-00-mcpwm-ftm,mcpwm:ftm,0,1.40335525,-0.7499999998827889
new-acquisition/20260909-070546-campaign/00-00-mcpwm-ftm,mcpwm:ftm,0,2.403323938,0.0
new-acquisition/20260909-070546-campaign/00-00-mcpwm-ftm,mcpwm:ftm,0,3.403292688,-0.31300000014056195
new-acquisition/20260909-070546-campaign/00-00-mcpwm-ftm,mcpwm:ftm,0,4.403261375,-0.5619999994266323
new-acquisition/20260909-070546-campaign/00-00-mcpwm-ftm,mcpwm:ftm,1,0.4033855,1.250000000008189
new-acquisition/20260909-070546-campaign/00-00-mcpwm-ftm,mcpwm:ftm,1,1.40335525,0.31300000014056195
new-acquisition/20260909-070546-campaign/00-00-mcpwm-ftm,mcpwm:ftm,1,2.403323938,-0.6260000002811239
new-acquisition/20260909-070546-campaign/00-00-mcpwm-ftm,mcpwm:ftm,1,3.403292688,-0.6260000002811239
new-acquisition/20260909-070546-campaign/00-00-mcpwm-ftm,mcpwm:ftm,1,4.403261375,-0.5619999994266323
new-acquisition/20260909-070546-campaign/00-00-mcpwm-ftm,mcpwm:ftm,3,0.4033855,0.9999999999732445
new-acquisition/20260909-070546-campaign/00-00-mcpwm-ftm,mcpwm:ftm,3,1.40335525,0.18700000015137164
new-acquisition/20260909-070546-campaign/00-00-mcpwm-ftm,mcpwm:ftm,3,2.403323938,0.37499999994139444
new-acquisition/20260909-070546-campaign/00-00-mcpwm-ftm,mcpwm:ftm,3,3.403292688,-0.4380000002690565
new-acquisition/20260909-070546-campaign/00-00-mcpwm-ftm,mcpwm:ftm,3,4.403261375,-0.24999999936881068
